date,CH4_mean,CO_mean,HUM_max,HUM_mean,HUM_min,NMHC_mean,NO2_mean,NOX_mean,NO_mean,PM25_mean,RAIN_sum,SO2_mean,SPM_mean,TEMP_max,TEMP_mean,TEMP_min,THC_mean
2011-01-01,202.125,3.625,90.0,76.417,60.0,16.833,24.792,38.333,13.542,,,2.792,10.417,2.4,-0.308,-4.6,218.958
2011-01-02,191.708,2.542,91.0,77.167,62.0,6.875,15.042,18.458,3.417,,,1.667,6.833,1.2,-0.721,-3.8,198.583
2011-01-03,190.304,1.833,81.0,71.625,58.0,1.522,4.667,5.917,1.25,,,1.0,4.292,-2.6,-3.379,-4.7,191.826
2011-01-04,189.542,1.958,83.0,67.75,42.0,2.917,7.5,9.667,2.167,,,2.5,3.217,-1.2,-3.342,-4.9,192.458
2011-01-05,189.875,2.0,89.0,76.333,51.0,3.25,6.25,8.083,1.833,,,1.75,6.042,1.6,-0.567,-4.4,193.125
2011-01-06,199.042,4.87,90.0,83.583,73.0,18.667,31.304,62.478,31.174,,,2.957,8.208,0.7,-0.429,-1.8,217.708
2011-01-07,196.5,4.625,87.0,69.667,53.0,19.792,28.833,54.833,26.0,,,3.875,10.042,1.0,-1.588,-5.2,216.292
2011-01-08,209.542,8.542,84.0,73.958,61.0,36.958,44.792,108.875,64.083,,,5.208,20.458,-2.7,-5.571,-9.1,246.5
2011-01-09,195.75,2.625,87.0,61.833,44.0,7.875,18.333,23.083,4.75,,,2.792,7.208,0.0,-2.608,-5.2,203.625
2011-01-10,195.217,3.5,88.0,71.167,40.0,10.826,24.708,44.125,19.417,,,3.542,6.5,-0.6,-4.367,-6.2,206.043
2011-01-11,191.667,2.083,77.0,54.917,39.0,5.042,8.958,12.167,3.208,,,2.167,6.042,-4.9,-7.375,-10.7,196.708
2011-01-12,194.458,2.917,83.0,64.0,44.0,8.833,21.583,30.292,8.708,,,2.667,5.0,-4.1,-6.771,-10.8,203.292
2011-01-13,196.458,3.696,73.0,62.042,50.0,12.417,21.043,35.696,14.652,,,4.667,10.667,-3.7,-6.058,-8.3,208.875
2011-01-14,191.333,2.292,75.0,51.458,35.0,4.458,9.208,11.125,1.917,,,2.792,5.833,-5.2,-7.983,-11.0,195.792
2011-01-15,191.333,2.042,62.0,48.958,42.0,3.958,7.958,9.917,1.958,,,3.25,4.667,-4.4,-5.975,-7.1,195.292
2011-01-16,194.625,2.625,86.0,60.458,37.0,8.0,15.0,21.625,6.625,,,3.125,8.125,-2.5,-5.171,-6.8,202.625
2011-01-17,199.0,4.458,83.0,71.0,56.0,18.609,29.958,57.292,27.333,,,3.042,9.375,-3.4,-5.138,-6.5,217.609
2011-01-18,199.583,5.5,73.0,64.458,51.0,22.875,35.292,71.833,36.542,,,3.333,9.583,-0.9,-3.567,-5.6,222.458
2011-01-19,206.833,7.75,79.0,70.917,56.0,42.0,47.792,125.458,77.667,,,7.167,21.292,-0.7,-4.088,-8.7,248.833
2011-01-20,199.542,4.478,77.0,62.792,45.0,18.542,34.826,61.13,26.304,,,5.826,11.542,-2.4,-5.742,-9.0,218.083
2011-01-21,199.333,3.583,79.0,72.542,67.0,14.333,25.792,42.875,17.083,,,4.583,7.042,-0.8,-5.033,-9.7,213.667
2011-01-22,191.583,2.25,86.0,81.417,76.0,6.792,14.0,16.583,2.583,,,2.042,3.25,2.3,0.771,-2.3,198.375
2011-01-23,191.125,2.708,90.0,71.75,53.0,5.542,11.792,13.958,2.167,,,2.125,12.708,0.7,-2.604,-6.2,196.667
2011-01-24,192.565,3.042,84.0,60.583,38.0,7.957,16.292,22.417,6.125,,,2.833,7.667,-3.2,-5.725,-6.9,200.522
2011-01-25,197.25,5.125,80.0,62.292,37.0,19.542,33.958,74.792,40.833,,,3.083,10.958,-3.6,-6.846,-9.0,216.792
2011-01-26,197.583,4.417,75.0,52.792,35.0,15.167,25.708,49.958,24.25,,,3.5,12.333,-4.4,-7.375,-9.7,212.75
2011-01-27,197.417,3.174,84.0,52.542,29.0,11.292,22.304,36.478,14.174,,,3.708,5.208,-4.1,-7.55,-11.0,208.708
2011-01-28,193.833,2.042,83.0,64.417,45.0,4.458,8.833,10.958,2.125,,,3.25,5.0,-5.4,-6.675,-8.3,198.292
2011-01-29,196.583,3.542,87.0,69.042,50.0,10.958,20.792,35.125,14.333,,,3.625,7.375,-0.6,-4.296,-7.3,207.542
2011-01-30,200.958,4.5,84.0,60.542,33.0,18.958,33.083,80.0,46.917,,,4.708,13.208,-1.7,-5.338,-8.0,219.917
2011-01-31,199.261,3.458,82.0,57.833,34.0,11.478,23.708,34.667,10.958,,,2.565,10.042,-3.0,-5.733,-9.1,210.739
2011-02-01,198.333,3.625,85.0,64.25,43.0,14.292,27.458,46.417,18.958,,,5.458,9.708,-5.5,-8.146,-12.9,212.625
2011-02-02,193.792,2.458,84.0,63.292,42.0,7.542,19.125,25.375,6.25,,,2.625,5.542,-6.0,-7.754,-10.3,201.333
2011-02-03,195.625,3.957,81.0,62.208,49.0,10.542,22.348,35.478,13.13,,,3.435,5.542,-4.3,-6.338,-7.9,206.167
2011-02-04,196.75,3.5,85.0,66.042,44.0,11.125,22.5,31.542,9.042,,,4.875,10.5,-0.7,-5.842,-8.3,207.875
2011-02-05,195.625,2.833,78.0,58.542,47.0,7.917,15.417,19.375,3.958,,,2.917,8.958,-0.9,-2.992,-6.5,203.542
2011-02-06,195.167,3.0,79.0,70.75,55.0,9.958,20.875,24.583,3.708,,,3.208,9.708,3.3,0.854,-2.8,205.125
2011-02-07,196.13,4.917,90.0,81.292,67.0,20.957,28.5,48.542,20.042,,,4.792,16.708,2.1,0.367,-2.5,217.087
2011-02-08,191.875,2.458,75.0,54.25,42.0,5.667,7.5,9.417,1.917,,,3.208,8.417,-2.2,-4.742,-7.0,197.542
2011-02-09,194.667,3.0,69.0,53.333,40.0,7.958,15.083,22.458,7.375,,,3.25,6.458,-2.1,-5.625,-7.7,202.625
2011-02-10,193.045,2.13,82.0,57.792,46.0,5.636,8.182,10.409,2.227,,,3.478,9.261,-6.2,-7.338,-8.3,198.682
2011-02-11,193.5,2.292,82.0,60.833,40.0,3.875,9.792,12.083,2.292,,,2.917,8.5,-5.8,-7.242,-8.5,197.375
2011-02-12,193.583,2.0,78.0,61.708,44.0,2.5,5.667,7.083,1.417,,,2.583,8.333,-6.2,-7.808,-9.5,196.083
2011-02-13,194.292,2.5,81.0,56.042,37.0,4.958,12.083,14.583,2.5,,,3.292,6.5,0.2,-2.712,-7.3,199.25
2011-02-14,201.417,5.917,85.0,69.625,52.0,23.125,36.917,59.458,22.542,,,8.458,29.217,4.0,0.538,-2.9,224.542
2011-02-15,197.556,2.958,91.0,74.0,53.0,15.0,15.333,19.292,3.958,,,3.875,17.125,0.7,-4.083,-7.2,212.556
2011-02-16,196.778,2.708,81.0,56.833,39.0,8.556,12.417,15.333,2.917,,,2.917,10.125,-3.1,-5.508,-7.8,205.333
2011-02-17,200.792,4.217,67.0,53.708,36.0,16.0,28.261,47.043,18.783,,,4.0,7.5,-2.8,-6.729,-10.5,216.792
2011-02-18,199.167,3.75,82.0,67.958,51.0,14.708,31.125,44.083,12.958,,,4.333,5.083,-5.9,-8.267,-11.5,213.875
2011-02-19,205.708,4.917,83.0,70.583,41.0,18.542,31.792,60.667,28.875,,,3.875,9.042,-1.2,-6.979,-12.8,224.25
2011-02-20,200.292,4.429,85.0,59.125,35.0,14.5,24.706,35.765,11.059,,,3.391,7.833,0.7,-2.438,-7.3,214.792
2011-02-21,192.958,2.222,86.0,60.125,41.0,5.083,8.111,9.333,1.222,,,2.458,11.708,-0.8,-4.408,-6.2,198.042
2011-02-22,198.292,2.792,62.0,47.958,35.0,7.125,21.25,22.125,0.875,,,2.333,4.583,1.3,-2.004,-5.0,205.417
2011-02-23,194.304,3.375,91.0,77.0,55.0,9.826,20.958,23.375,2.417,,,4.333,22.875,3.0,-0.175,-2.9,204.13
2011-02-24,194.167,2.478,91.0,68.25,48.0,7.583,17.435,20.087,2.652,,,1.95,6.714,-1.0,-3.1,-7.6,201.75
2011-02-25,195.917,2.708,84.0,72.875,62.0,7.75,22.75,27.5,4.75,,,5.75,9.958,-5.7,-7.617,-10.2,203.667
2011-02-26,195.417,2.25,81.0,69.625,48.0,5.792,16.375,19.375,3.0,,,3.708,5.708,-0.6,-4.392,-8.7,201.208
2011-02-27,194.542,2.792,84.0,64.667,51.0,7.667,20.292,25.625,5.333,,,2.292,5.375,-2.8,-4.533,-6.4,202.208
2011-02-28,202.167,4.083,84.0,63.5,42.0,15.125,31.333,48.625,17.292,,,3.042,11.542,-0.9,-4.121,-9.4,217.292
2011-03-01,195.087,4.0,80.0,64.25,51.0,15.696,30.292,36.208,5.917,,,4.125,21.0,4.9,2.329,0.0,210.783
2011-03-02,194.083,2.478,61.0,49.0,40.0,5.542,8.773,9.682,0.909,,,1.652,14.087,1.3,-0.675,-4.1,199.625
2011-03-03,193.958,2.375,81.0,68.958,53.0,8.167,14.208,18.167,3.958,,,2.625,10.958,-1.7,-4.267,-6.8,202.125
2011-03-04,192.917,2.5,86.0,66.083,47.0,6.042,15.583,17.792,2.208,,,2.083,6.167,-2.5,-4.771,-7.3,198.958
2011-03-05,199.917,3.833,88.0,69.792,48.0,15.375,35.292,47.125,11.833,,,7.792,13.792,-1.4,-5.404,-11.4,215.292
2011-03-06,194.25,4.125,89.0,78.0,50.0,19.667,30.583,42.75,12.167,,,3.958,7.333,6.3,1.6,-2.5,213.917
2011-03-07,190.667,2.458,87.0,72.208,57.0,9.167,15.5,18.792,3.292,,,1.875,3.792,5.5,3.558,1.2,199.833
2011-03-08,194.087,3.0,84.0,72.75,60.0,10.391,16.75,19.5,2.75,,,1.958,7.292,1.7,0.412,-1.2,204.478
2011-03-09,195.167,2.696,76.0,63.833,50.0,9.333,15.174,17.087,1.913,,,2.375,7.292,2.4,-0.15,-1.8,204.5
2011-03-10,199.0,3.208,75.0,64.792,44.0,12.083,24.042,28.333,4.292,,,6.833,12.25,3.2,-0.858,-4.6,211.083
2011-03-11,197.25,2.708,79.0,61.708,48.0,10.333,15.333,18.542,3.208,,,1.667,10.833,1.8,-1.367,-5.3,207.583
2011-03-12,194.375,2.375,64.0,56.25,47.0,6.958,14.083,15.625,1.542,,,2.75,11.792,0.6,-1.521,-3.8,201.333
2011-03-13,196.125,2.875,81.0,61.625,49.0,8.5,17.792,21.083,3.292,,,2.333,8.292,0.0,-2.038,-4.3,204.625
2011-03-14,197.042,2.667,85.0,61.583,43.0,7.833,17.667,20.542,2.875,,,2.458,11.375,2.4,-1.012,-5.7,204.875
2011-03-15,192.826,2.708,86.0,67.208,41.0,6.435,10.292,11.417,1.125,,,2.417,17.833,2.3,0.479,-0.7,199.261
2011-03-16,197.75,3.174,66.0,47.458,38.0,10.917,21.478,27.391,5.913,,,3.13,10.542,3.6,1.279,-1.6,208.667
2011-03-17,193.875,2.75,84.0,69.5,60.0,7.375,13.875,15.167,1.292,,,1.542,9.833,4.6,2.771,1.4,201.25
2011-03-18,195.542,2.708,87.0,75.042,57.0,9.125,11.042,11.75,0.708,,,1.125,12.292,2.9,-0.979,-4.8,204.667
2011-03-19,191.292,2.042,81.0,65.917,40.0,4.833,6.875,8.167,1.292,,,2.125,9.25,-1.9,-4.421,-6.1,196.125
2011-03-20,191.417,2.25,78.0,61.625,52.0,4.625,8.958,10.583,1.625,,,2.208,8.875,-1.4,-3.7,-5.6,196.042
2011-03-21,195.333,2.667,68.0,50.208,39.0,7.458,17.125,19.333,2.208,,,2.25,9.417,2.1,-0.633,-5.1,202.792
2011-03-22,195.435,3.667,89.0,66.292,50.0,13.261,24.292,28.708,4.417,,,2.208,19.917,4.4,2.15,-0.1,208.696
2011-03-23,194.0,2.913,88.0,63.375,46.0,8.792,9.824,10.706,0.909,,,1.833,14.958,4.0,2.267,0.5,202.792
2011-03-24,193.375,2.5,88.0,78.417,59.0,8.292,,,0.125,,,1.833,8.5,0.4,-0.558,-1.8,201.667
2011-03-25,192.083,2.333,84.0,72.167,51.0,4.875,,,0.0,,,1.792,6.375,0.1,-1.492,-3.5,196.958
2011-03-26,193.375,2.458,84.0,61.042,31.0,8.083,7.929,9.5,0.957,,,2.083,10.292,2.2,-0.896,-3.0,201.458
2011-03-27,193.875,3.042,87.0,54.042,39.0,9.917,16.917,20.708,3.792,,,1.667,10.042,2.5,0.1,-2.9,203.792
2011-03-28,200.375,3.917,76.0,62.042,48.0,16.292,27.333,34.875,7.542,,,3.0,16.208,5.7,0.883,-3.4,216.667
2011-03-29,196.13,3.458,68.0,51.542,30.0,13.87,22.417,27.333,4.917,,,2.5,21.458,11.1,5.483,-1.9,210.0
2011-03-30,189.167,2.652,64.0,55.542,43.0,5.167,6.864,7.682,0.818,,,1.565,30.435,13.8,9.408,5.4,194.333
2011-03-31,189.167,2.042,89.0,79.25,63.0,5.125,6.0,6.958,0.958,,,0.333,11.292,5.8,1.717,-0.6,194.292
2011-04-01,190.739,2.913,88.0,70.792,39.0,7.478,10.0,11.136,1.136,,,0.435,19.417,9.8,4.788,1.0,198.217
2011-04-02,189.458,2.042,88.0,66.875,53.0,4.333,5.167,6.083,0.917,,,0.292,9.25,2.9,1.3,-1.1,193.792
2011-04-03,190.917,2.167,88.0,72.583,51.0,3.75,5.167,5.792,0.625,,,0.333,7.5,2.1,0.512,-0.3,194.667
2011-04-04,194.542,3.292,74.0,50.0,35.0,10.667,19.708,24.958,5.25,,,1.0,10.917,4.3,1.258,-3.1,205.208
2011-04-05,197.083,4.5,68.0,49.792,33.0,19.958,30.333,38.375,8.042,,,1.625,18.833,11.7,5.838,-0.4,217.042
2011-04-06,205.0,5.5,75.0,46.958,17.0,29.125,35.083,44.792,9.708,,,2.083,34.208,15.3,8.458,0.5,234.125
2011-04-07,193.458,3.042,82.0,50.75,36.0,11.625,14.792,16.458,1.667,,,1.042,23.083,14.4,9.288,3.7,205.083
2011-04-08,191.913,3.304,83.0,57.917,33.0,10.087,16.522,18.435,1.913,,,0.75,15.292,10.2,7.254,2.9,202.0
2011-04-09,196.417,3.708,79.0,46.792,27.0,16.625,20.625,24.375,3.75,,,0.792,13.958,10.3,5.433,1.0,213.042
2011-04-10,192.375,2.917,88.0,61.583,32.0,7.458,9.792,10.042,0.25,,,0.792,19.875,12.6,6.25,-0.5,199.833
2011-04-11,190.833,2.583,86.0,54.833,32.0,7.583,8.913,9.13,0.217,,,0.458,19.75,7.9,5.271,2.7,198.417
2011-04-12,190.708,2.25,58.0,37.292,20.0,4.667,5.708,6.167,0.458,,,0.542,15.625,10.3,6.225,1.5,195.375
2011-04-13,192.25,3.625,84.0,65.792,45.0,11.917,17.417,18.375,0.958,,,1.0,22.875,9.1,6.329,4.4,204.167
2011-04-14,194.583,3.792,78.0,56.667,38.0,15.958,18.75,21.25,2.5,,,1.292,34.625,13.0,8.496,3.4,210.542
2011-04-15,191.304,3.87,86.0,60.375,38.0,8.435,9.864,10.091,0.227,,,2.478,44.708,15.2,10.738,5.9,199.739
2011-04-16,189.333,2.792,89.0,78.667,61.0,6.75,6.458,7.0,0.542,,,0.792,16.708,11.6,7.45,2.4,196.083
2011-04-17,190.25,2.0,86.0,65.458,36.0,2.708,2.167,2.583,0.417,,,0.125,12.208,6.3,3.938,1.4,192.958
2011-04-18,191.5,2.208,78.0,70.125,62.0,4.792,6.125,6.958,0.833,,,0.333,7.583,6.7,5.129,3.7,196.292
2011-04-19,192.667,2.083,64.0,53.833,39.0,5.875,7.708,8.375,0.667,,,0.417,5.625,10.8,6.288,3.1,198.542
2011-04-20,192.542,2.125,78.0,54.292,31.0,4.958,7.125,8.167,1.042,,,0.667,8.583,10.5,5.721,2.2,197.5
2011-04-21,192.0,2.167,81.0,74.083,65.0,6.458,7.75,8.667,0.917,,,0.5,11.292,7.2,5.279,4.1,198.458
2011-04-22,189.609,2.0,84.0,71.917,61.0,3.261,5.0,5.455,0.455,,,0.042,11.042,6.6,4.838,3.5,192.87
2011-04-23,187.625,2.0,87.0,79.75,72.0,4.625,6.583,7.042,0.458,,,0.375,4.792,10.0,8.088,5.3,192.25
2011-04-24,186.583,2.5,90.0,71.25,41.0,6.625,8.25,9.125,0.875,,,0.042,8.458,12.2,8.538,6.2,193.208
2011-04-25,192.053,2.5,75.0,67.917,49.0,7.474,7.667,8.5,0.833,,,0.125,11.25,10.8,7.529,5.8,199.526
2011-04-26,190.273,3.0,80.0,59.583,38.0,6.455,9.5,10.708,1.208,,,0.375,18.708,14.6,10.338,6.3,196.727
2011-04-27,193.261,3.542,88.0,75.375,62.0,15.522,15.042,17.042,2.0,,,0.667,27.87,12.4,8.938,6.0,208.783
2011-04-28,189.583,2.792,89.0,79.458,57.0,8.75,11.458,13.625,2.167,,,0.458,10.833,14.4,8.842,4.2,198.333
2011-04-29,189.125,2.0,80.0,55.083,32.0,3.5,4.913,5.435,0.522,,,0.478,6.792,13.1,8.821,4.2,192.625
2011-04-30,191.25,2.75,66.0,44.958,22.0,6.958,7.875,8.75,0.875,,,1.125,20.375,18.4,13.342,7.2,198.208
2011-05-01,188.667,2.875,85.0,81.375,76.0,5.375,5.208,5.25,0.042,,,0.542,8.667,12.2,10.758,9.3,194.042
2011-05-02,187.167,2.042,85.0,80.167,61.0,3.958,5.0,5.458,0.458,,,0.542,5.583,9.3,6.121,3.7,191.125
2011-05-03,189.75,2.167,83.0,68.625,56.0,2.917,4.292,4.458,0.167,,,0.5,12.25,9.2,6.712,4.5,192.667
2011-05-04,190.217,2.417,89.0,81.625,73.0,5.565,9.333,9.708,0.375,,,0.208,7.792,6.3,5.279,3.7,195.783
2011-05-05,189.333,2.25,81.0,68.0,50.0,4.333,5.958,6.25,0.292,,,0.667,8.708,10.1,7.229,5.3,193.667
2011-05-06,192.083,2.391,82.0,64.458,44.0,8.833,9.409,12.227,2.818,,,1.0,13.208,14.5,9.292,3.9,200.917
2011-05-07,187.542,2.125,87.0,79.417,69.0,4.083,4.583,5.625,1.042,,,0.0,5.667,12.4,10.35,8.0,191.625
2011-05-08,187.5,2.167,88.0,79.958,57.0,4.875,4.417,5.542,1.125,,,0.208,5.542,12.1,9.275,6.7,192.375
2011-05-09,188.292,2.208,87.0,58.25,39.0,6.25,6.875,8.125,1.25,,,0.333,4.958,13.4,10.304,7.1,194.542
2011-05-10,188.667,2.167,88.0,77.833,53.0,7.417,7.125,8.375,1.25,,,0.458,10.0,12.5,9.183,6.7,196.083
2011-05-11,188.739,2.167,84.0,64.75,48.0,5.435,5.542,7.042,1.5,,,0.458,6.583,11.8,8.8,6.4,194.174
2011-05-12,194.292,2.75,74.0,41.458,19.0,11.875,12.958,18.833,5.875,,,0.958,8.5,19.2,12.046,5.5,206.167
2011-05-13,185.833,2.0,83.0,69.208,35.0,3.542,4.045,4.136,0.091,,,0.087,4.375,11.9,9.821,7.4,189.375
2011-05-14,186.375,2.0,76.0,64.083,48.0,3.625,4.958,5.583,0.625,,,0.167,4.458,11.2,8.217,6.2,190.0
2011-05-15,189.125,2.292,88.0,69.542,56.0,4.0,6.208,7.167,0.958,,,0.208,4.75,8.6,6.454,4.7,193.125
2011-05-16,189.917,2.292,84.0,67.958,43.0,6.458,8.0,8.625,0.625,,,0.792,10.667,14.1,10.796,4.3,196.375
2011-05-17,189.292,2.208,86.0,65.5,44.0,6.083,8.208,9.125,0.917,,,0.333,9.458,13.5,10.558,7.2,195.375
2011-05-18,190.826,3.042,74.0,48.875,20.0,11.391,16.333,19.0,2.667,,,1.25,16.0,19.9,14.079,7.2,202.217
2011-05-19,194.292,3.625,83.0,66.625,50.0,19.417,22.458,25.583,3.125,,,1.292,26.25,16.0,13.467,10.6,213.708
2011-05-20,189.333,3.522,87.0,75.125,57.0,11.833,14.409,15.318,0.909,,,1.083,41.625,18.9,13.388,11.6,201.167
2011-05-21,192.958,3.667,91.0,88.292,84.0,17.333,17.75,20.292,2.542,,,0.792,34.167,14.8,12.567,10.6,210.292
2011-05-22,188.333,2.042,87.0,79.875,69.0,4.292,2.75,2.917,0.167,,,0.083,18.708,12.7,10.367,8.7,192.625
2011-05-23,189.5,2.042,88.0,79.042,70.0,4.0,4.458,4.958,0.5,,,0.083,6.708,9.3,8.362,7.6,193.5
2011-05-24,189.375,2.125,87.0,73.417,51.0,6.542,7.0,8.167,1.167,,,0.542,12.25,16.3,11.3,7.0,195.917
2011-05-25,189.174,2.25,84.0,71.083,53.0,7.783,8.375,9.292,0.917,,,0.667,12.125,16.9,12.696,9.7,196.957
2011-05-26,190.833,2.708,89.0,62.75,28.0,14.083,16.042,18.708,2.667,,,1.5,13.792,23.3,14.5,7.6,204.917
2011-05-27,189.542,2.0,81.0,61.667,30.0,8.417,6.955,7.318,0.364,,,1.304,14.083,20.7,15.433,8.6,197.958
2011-05-28,187.583,2.375,86.0,71.75,51.0,8.75,9.292,9.792,0.5,,,0.458,15.875,21.8,16.392,14.4,196.333
2011-05-29,188.75,2.25,89.0,79.542,64.0,9.875,9.75,10.417,0.667,,,0.125,12.833,19.5,15.342,12.7,198.625
2011-05-30,191.125,2.167,82.0,58.333,44.0,9.625,9.792,10.833,1.042,,,0.292,7.375,18.6,15.038,11.2,200.75
2011-05-31,189.625,2.0,75.0,56.917,26.0,6.542,9.458,10.542,1.083,,,1.75,16.125,18.2,12.096,8.0,196.167
2011-06-01,188.13,2.0,76.0,55.833,35.0,5.261,6.792,7.542,0.75,,,2.417,24.833,16.8,11.425,6.8,193.391
2011-06-02,186.75,1.792,79.0,67.375,58.0,8.333,3.875,4.208,0.333,,,0.333,15.458,14.7,12.383,8.0,195.083
2011-06-03,186.417,2.261,87.0,74.875,63.0,10.875,11.087,12.957,1.87,,,0.75,13.0,18.5,15.021,12.0,197.292
2011-06-04,186.75,2.667,87.0,79.958,68.0,9.583,10.917,11.458,0.542,,,0.0,15.458,15.7,13.496,10.9,196.333
2011-06-05,187.25,2.875,80.0,63.917,49.0,8.625,8.5,8.875,0.375,,,0.708,13.75,21.3,16.892,13.6,195.875
2011-06-06,189.5,3.375,84.0,73.0,55.0,14.333,11.522,13.478,1.957,,,0.458,19.348,20.6,15.121,11.8,203.833
2011-06-07,189.542,3.292,87.0,68.417,45.0,14.25,13.208,15.333,2.125,,,1.0,27.167,24.0,17.046,12.3,203.792
2011-06-08,188.652,2.583,69.0,55.292,40.0,8.565,7.5,8.292,0.792,,,1.083,25.0,25.6,20.392,16.3,197.217
2011-06-09,187.0,2.25,84.0,67.042,54.0,9.042,9.083,10.167,1.083,,,0.792,18.458,22.9,18.979,14.8,196.042
2011-06-10,187.955,2.739,86.0,75.708,61.0,11.455,12.318,13.455,1.136,,,0.522,21.75,21.6,17.688,15.2,199.409
2011-06-11,189.792,3.0,89.0,78.833,64.0,10.75,7.167,8.542,1.375,,,0.375,36.125,21.0,17.325,15.5,200.542
2011-06-12,188.417,2.083,88.0,80.375,72.0,5.0,2.292,3.167,0.875,,,0.0,10.125,17.5,15.383,13.7,193.417
2011-06-13,189.75,2.667,90.0,83.0,71.0,10.583,11.167,12.792,1.625,,,0.292,11.833,17.8,15.012,13.8,200.333
2011-06-14,189.5,2.25,91.0,88.417,83.0,18.167,8.708,9.875,1.167,,,0.0,8.708,14.4,13.492,12.2,207.667
2011-06-15,188.0,2.0,87.0,76.167,64.0,4.958,2.792,3.75,0.958,,,0.0,5.0,15.9,13.542,11.8,192.958
2011-06-16,189.042,2.083,82.0,67.875,46.0,7.208,6.25,7.625,1.375,,,0.125,8.333,21.8,16.079,12.7,196.25
2011-06-17,187.217,2.087,81.0,65.833,46.0,8.565,8.545,9.773,1.227,,,0.583,11.0,24.8,18.479,12.7,195.783
2011-06-18,189.542,3.0,83.0,75.083,67.0,13.75,15.083,19.5,4.417,,,0.583,14.875,19.0,16.775,14.6,203.292
2011-06-19,187.833,2.167,85.0,74.5,58.0,9.292,5.208,6.083,0.875,,,0.333,24.458,22.8,18.042,15.4,197.125
2011-06-20,189.292,2.625,84.0,69.583,49.0,15.083,16.542,19.125,2.583,,,1.25,25.542,24.6,19.779,16.2,204.375
2011-06-21,188.458,2.625,76.0,56.0,38.0,15.917,14.25,16.25,2.0,,,1.792,18.667,28.3,23.233,16.6,204.375
2011-06-22,188.5,2.917,84.0,71.208,45.0,15.583,12.25,13.958,1.708,,,0.75,29.917,29.1,21.946,17.7,204.083
2011-06-23,187.958,2.417,91.0,83.458,75.0,10.333,8.667,9.583,0.917,,,0.083,21.208,17.7,16.238,15.3,198.292
2011-06-24,188.87,1.739,91.0,76.917,62.0,6.391,5.227,6.591,1.364,,,0.13,7.917,16.0,14.225,11.7,195.261
2011-06-25,188.667,1.292,72.0,61.5,50.0,3.667,2.958,3.833,0.875,,,0.0,5.792,16.2,13.767,11.0,192.333
2011-06-26,190.792,2.208,74.0,55.042,35.0,10.667,7.708,9.833,2.125,,,0.292,10.25,23.1,16.358,10.0,201.458
2011-06-27,189.625,1.833,79.0,72.458,61.0,6.5,4.792,5.917,1.125,,,0.0,5.875,19.4,16.746,12.7,196.125
2011-06-28,188.625,2.042,81.0,71.083,57.0,7.75,5.833,7.458,1.625,,,0.292,11.625,24.5,20.4,17.2,196.375
2011-06-29,192.833,3.292,84.0,62.417,42.0,14.75,12.583,14.417,1.833,,,0.792,23.417,28.6,22.783,16.7,207.583
2011-06-30,192.5,3.125,79.0,69.25,54.0,15.208,13.5,15.333,1.833,,,1.25,30.0,25.4,20.988,17.9,207.708
2011-07-01,185.957,2.043,91.0,82.458,64.0,6.087,3.682,4.182,0.5,,,0.0,21.917,23.2,18.204,16.1,192.043
2011-07-02,188.208,2.333,91.0,79.5,59.0,7.5,6.5,7.333,0.833,,,0.0,10.792,23.6,18.15,15.4,195.708
2011-07-03,185.25,2.042,84.0,73.167,60.0,7.292,5.5,6.375,0.875,,,0.083,12.625,26.2,21.458,15.9,192.542
2011-07-04,181.0,1.958,90.0,81.833,76.0,9.042,9.667,11.25,1.583,,,0.042,7.25,22.2,20.95,19.3,190.042
2011-07-05,188.083,2.125,87.0,67.375,46.0,9.458,7.5,9.292,1.792,,,0.292,10.458,27.1,22.008,18.1,197.542
2011-07-06,191.625,2.458,82.0,67.417,53.0,14.333,13.833,15.75,1.917,,,1.167,14.583,26.8,22.862,18.7,205.958
2011-07-07,188.875,2.0,78.0,65.25,46.0,7.958,6.583,7.583,1.0,,,0.708,14.375,27.5,23.762,18.5,196.833
2011-07-08,185.304,2.304,88.0,81.542,70.0,11.826,12.727,16.227,3.5,,,0.478,10.417,24.2,21.625,20.3,197.13
2011-07-09,186.542,2.417,88.0,76.583,60.0,13.292,12.292,14.125,1.833,,,0.25,15.417,27.4,22.508,20.5,199.833
2011-07-10,186.333,2.292,91.0,84.583,76.0,12.542,10.875,12.417,1.542,,,0.0,15.208,22.5,21.033,20.2,198.875
2011-07-11,188.333,2.5,86.0,77.792,67.0,18.917,14.375,20.833,6.458,,,0.542,16.625,25.7,22.496,19.6,207.25
2011-07-12,186.167,2.0,83.0,70.083,50.0,12.583,8.875,10.625,1.75,,,0.333,15.25,29.2,23.962,20.4,198.75
2011-07-13,187.625,1.917,90.0,79.208,66.0,13.375,10.167,11.583,1.417,,,0.333,18.667,26.5,22.771,21.6,201.0
2011-07-14,187.125,2.958,90.0,86.333,78.0,24.167,17.25,33.458,16.208,,,0.75,15.5,23.7,22.221,21.3,211.292
2011-07-15,186.913,1.957,89.0,76.917,68.0,12.0,13.174,17.087,3.913,,,0.583,9.609,22.7,20.379,18.5,198.913
2011-07-16,186.667,1.917,91.0,83.125,75.0,9.458,10.5,13.375,2.875,,,0.0,6.042,20.1,18.967,18.3,196.125
2011-07-17,186.833,1.792,90.0,86.208,77.0,8.917,7.625,10.292,2.667,,,0.208,10.292,22.2,19.783,17.9,195.75
2011-07-18,185.917,1.25,92.0,86.792,77.0,5.667,4.292,5.833,1.542,,,0.0,7.5,21.5,19.65,17.6,191.583
2011-07-19,185.333,1.708,93.0,82.167,62.0,9.083,7.958,10.208,2.25,,,0.0,11.25,25.0,20.058,17.4,194.417
2011-07-20,192.833,2.0,87.0,67.542,56.0,14.292,12.75,16.667,3.917,,,0.667,12.167,25.9,20.783,17.0,207.125
2011-07-21,191.417,1.542,83.0,65.0,42.0,10.875,9.042,12.292,3.25,,,0.5,17.292,24.1,18.608,13.5,202.292
2011-07-22,185.565,1.043,72.0,62.167,52.0,6.348,4.227,5.455,1.227,,,0.826,13.565,22.9,18.688,15.4,191.913
2011-07-23,185.25,1.167,76.0,64.75,49.0,5.125,3.542,4.167,0.625,,,0.333,11.542,22.3,19.329,16.9,190.375
2011-07-24,188.0,1.667,76.0,67.583,50.0,9.125,5.958,7.083,1.125,,,0.375,9.0,25.0,20.4,16.0,197.125
2011-07-25,190.167,1.75,82.0,67.833,55.0,11.5,9.0,10.917,1.917,,,0.458,13.75,26.2,22.612,20.0,201.667
2011-07-26,187.75,1.625,87.0,73.125,56.0,11.917,8.0,9.542,1.542,,,0.333,15.042,26.9,22.308,19.3,199.667
2011-07-27,197.375,2.833,85.0,76.417,60.0,20.292,16.542,21.042,4.5,,,1.417,28.458,27.4,23.158,20.7,217.667
2011-07-28,188.833,2.375,86.0,72.208,51.0,15.667,11.625,14.292,2.667,,,0.958,33.792,30.1,24.788,20.9,204.5
2011-07-29,189.429,2.304,84.0,74.333,60.0,15.762,9.5,12.091,2.591,,,0.542,28.75,28.8,23.608,20.5,205.19
2011-07-30,188.917,2.458,86.0,76.042,70.0,10.375,8.333,10.25,1.917,,,0.167,22.125,24.7,22.612,19.8,199.292
2011-07-31,186.833,1.75,78.0,65.833,53.0,8.458,5.5,7.333,1.833,,,0.375,9.625,26.3,22.504,18.9,195.292
2011-08-01,187.958,1.708,78.0,67.75,51.0,12.458,10.583,14.625,4.042,,,0.708,13.167,25.6,21.692,18.9,200.417
2011-08-02,187.375,1.833,78.0,64.167,45.0,11.875,9.75,12.542,2.792,,,1.042,14.5,27.0,21.292,17.2,199.25
2011-08-03,187.25,2.0,80.0,62.542,37.0,10.5,7.25,9.417,2.167,,,0.667,12.5,28.8,22.758,17.1,197.75
2011-08-04,184.292,1.917,83.0,72.083,62.0,6.958,3.75,5.0,1.25,,,0.458,14.0,26.8,24.062,21.1,191.25
2011-08-05,181.391,1.565,83.0,73.708,60.0,12.739,9.826,16.565,6.739,,,0.783,14.792,29.4,25.35,22.4,194.13
2011-08-06,182.458,1.958,88.0,74.292,54.0,13.417,8.5,11.125,2.625,,,0.542,22.375,30.9,25.225,21.0,195.875
2011-08-07,181.5,1.5,85.0,71.417,54.0,9.708,5.667,6.792,1.125,,,0.292,25.292,30.0,25.633,22.8,191.208
2011-08-08,188.417,1.875,82.0,71.208,52.0,13.708,9.25,12.625,3.375,,,0.583,23.5,31.1,25.417,22.2,202.125
2011-08-09,182.583,2.25,87.0,71.25,54.0,16.167,12.25,15.75,3.5,,,0.667,26.125,29.9,25.608,21.4,198.75
2011-08-10,182.292,2.292,80.0,70.542,58.0,14.375,10.5,15.125,4.625,,,0.542,21.125,29.4,26.704,23.3,196.667
2011-08-11,185.792,2.0,76.0,49.667,37.0,9.167,5.75,6.667,0.917,,,0.458,12.75,33.2,28.921,25.5,194.958
2011-08-12,188.652,2.087,64.0,55.25,48.0,7.826,6.818,7.773,0.955,,,0.208,11.792,26.6,24.55,20.7,196.478
2011-08-13,191.208,2.25,74.0,59.417,48.0,12.333,9.875,11.375,1.5,,,1.042,11.208,29.2,24.192,18.8,203.542
2011-08-14,189.958,2.292,90.0,76.875,64.0,11.458,11.167,12.292,1.125,,,0.625,22.833,25.4,23.7,22.2,201.417
2011-08-15,189.167,2.125,91.0,84.875,68.0,14.333,9.667,12.0,2.333,,,0.0,18.583,27.8,23.475,20.4,203.5
2011-08-16,193.542,2.667,92.0,89.917,86.0,13.083,14.458,15.958,1.5,,,0.333,7.958,21.7,20.404,18.8,206.625
2011-08-17,189.75,1.708,91.0,74.5,57.0,8.625,8.125,8.958,0.833,,,0.25,7.542,25.9,21.85,18.4,198.375
2011-08-18,198.875,2.042,84.0,67.083,48.0,10.458,8.875,10.542,1.667,,,0.417,12.375,26.2,22.35,19.9,209.333
2011-08-19,189.304,2.304,76.0,63.792,49.0,11.913,10.391,12.565,2.174,,,0.565,7.478,26.3,22.392,18.7,201.217
2011-08-20,189.708,2.333,84.0,72.667,63.0,10.875,8.917,10.417,1.5,,,0.667,10.75,24.0,21.262,18.9,200.583
2011-08-21,187.917,1.667,78.0,69.125,52.0,6.625,4.375,4.958,0.583,,,0.292,13.833,24.9,21.838,19.3,194.542
2011-08-22,188.958,1.75,77.0,61.917,48.0,7.208,6.792,7.708,0.917,,,0.625,7.458,26.6,22.171,18.2,196.167
2011-08-23,191.583,2.5,85.0,75.083,67.0,14.625,16.417,20.25,3.833,,,1.292,9.208,21.1,20.05,18.9,206.208
2011-08-24,191.583,2.167,86.0,72.375,57.0,14.5,11.958,14.917,2.958,,,0.875,12.833,25.7,22.238,18.9,206.083
2011-08-25,189.792,2.542,83.0,76.917,60.0,13.875,14.042,17.0,2.958,,,0.739,13.625,24.2,21.496,19.5,203.667
2011-08-26,189.565,2.609,84.0,71.208,52.0,15.13,14.273,17.091,2.818,,,0.875,11.875,26.2,21.375,18.0,204.696
2011-08-27,191.583,3.0,83.0,61.0,36.0,16.833,14.417,18.208,3.792,,,0.958,12.917,28.5,22.979,17.7,208.417
2011-08-28,198.875,2.875,80.0,61.542,36.0,16.25,10.542,13.208,2.667,,,0.833,14.792,29.1,23.221,17.9,215.125
2011-08-29,192.042,2.375,76.0,64.333,51.0,13.25,10.833,13.083,2.25,,,1.458,17.042,28.1,23.588,19.1,205.292
2011-08-30,185.167,1.5,80.0,72.042,65.0,7.167,4.833,5.5,0.667,,,0.917,13.75,26.2,23.45,21.7,192.333
2011-08-31,183.375,1.417,82.0,71.792,60.0,7.792,5.958,6.458,0.5,,,0.583,11.958,26.1,24.146,22.2,191.167
2011-09-01,181.042,1.5,83.0,71.0,42.0,8.75,7.542,8.958,1.417,,,0.75,17.625,31.3,25.6,22.6,189.792
2011-09-02,181.75,1.783,91.0,87.667,80.0,10.167,14.478,15.478,1.0,,,0.217,10.25,24.5,21.908,20.3,191.917
2011-09-03,,2.0,92.0,86.042,71.0,,13.958,15.0,1.042,,,0.0,4.5,27.6,22.542,20.5,
2011-09-04,,1.208,92.0,83.917,71.0,,6.458,6.875,0.417,,,0.0,13.792,26.8,22.517,20.0,
2011-09-05,180.214,1.125,90.0,80.042,66.0,17.5,6.125,7.0,0.875,,,0.125,14.625,24.9,23.267,22.0,197.714
2011-09-06,183.0,1.708,91.0,85.917,81.0,10.5,11.292,12.125,0.833,,,0.458,8.75,23.1,20.283,17.5,193.5
2011-09-07,186.292,1.208,82.0,65.292,49.0,6.125,5.542,5.833,0.292,,,0.333,9.458,23.8,20.154,17.3,192.417
2011-09-08,188.292,1.667,70.0,52.583,31.0,10.708,10.292,11.083,0.792,,,0.5,11.167,28.0,23.442,19.2,199.0
2011-09-09,189.542,2.304,89.0,69.125,54.0,12.25,11.913,12.87,0.957,,,0.625,17.875,23.6,21.575,18.6,201.792
2011-09-10,192.176,2.471,90.0,70.882,50.0,12.412,12.706,14.118,1.412,,,0.176,9.118,21.1,18.588,16.5,204.588
2011-09-11,192.667,1.5,86.0,62.292,45.0,9.583,8.042,9.125,1.083,,,0.542,10.042,20.6,18.121,14.9,202.25
2011-09-12,191.0,2.125,91.0,85.667,76.0,12.625,12.5,14.542,2.042,,,0.083,13.043,21.4,19.108,16.6,203.625
2011-09-13,194.5,2.5,91.0,79.125,51.0,16.917,14.667,18.208,3.542,,,0.458,16.125,23.6,19.238,16.4,211.417
2011-09-14,190.625,2.708,88.0,71.167,49.0,18.458,15.958,19.417,3.458,,,0.333,9.5,24.7,19.746,15.0,209.083
2011-09-15,189.208,2.375,86.0,78.375,66.0,12.833,11.333,13.542,2.208,,,0.208,14.667,23.9,20.929,18.2,202.042
2011-09-16,184.917,2.696,85.0,73.75,58.0,15.542,13.435,17.261,3.826,,,0.304,24.25,28.1,24.079,21.4,200.458
2011-09-17,192.348,2.5,88.0,80.875,68.0,15.478,12.708,15.917,3.208,,,0.167,18.417,24.9,20.675,18.7,207.826
2011-09-18,188.0,1.417,90.0,80.792,68.0,6.792,5.125,5.458,0.333,,,0.083,4.708,19.2,16.438,13.5,194.792
2011-09-19,191.0,1.375,83.0,61.958,47.0,5.625,5.417,6.167,0.75,,,0.167,4.917,17.2,15.108,13.3,196.625
2011-09-20,206.143,2.625,86.0,61.917,36.0,14.19,13.333,21.708,8.375,,,0.458,5.75,19.9,15.638,11.8,220.333
2011-09-21,197.286,2.5,79.0,69.5,62.0,14.214,16.0,23.333,7.333,,,1.708,11.5,16.0,14.146,12.2,211.5
2011-09-22,188.75,1.25,90.0,72.208,62.0,7.0,7.875,8.583,0.708,,,0.083,5.045,15.9,13.929,11.8,195.75
2011-09-23,190.0,1.913,81.0,65.0,47.0,9.583,11.304,13.043,1.739,,,0.5,6.042,18.1,14.867,10.7,199.583
2011-09-24,191.917,2.208,83.0,67.958,49.0,11.125,11.792,15.042,3.25,,,0.542,4.625,20.0,15.692,11.8,203.042
2011-09-25,191.708,1.542,83.0,67.167,45.0,7.75,6.667,7.375,0.708,,,0.792,6.417,21.4,16.467,11.6,199.458
2011-09-26,190.958,1.417,82.0,70.875,53.0,6.917,7.609,8.435,0.826,,,0.917,7.583,22.3,17.417,13.4,197.875
2011-09-27,192.125,2.875,83.0,67.0,46.0,15.0,14.5,17.333,2.833,,,1.167,17.667,22.4,17.442,13.4,207.125
2011-09-28,189.261,2.375,76.0,61.208,45.0,11.87,12.583,14.25,1.667,,,1.167,15.042,23.9,17.679,10.9,201.13
2011-09-29,186.25,1.75,72.0,61.25,43.0,8.042,7.917,8.917,1.0,,,0.833,13.542,22.2,17.688,11.5,194.292
2011-09-30,185.75,1.696,89.0,79.375,56.0,8.583,9.174,10.13,0.957,,,0.652,9.292,18.1,16.138,12.5,194.333
2011-10-01,187.125,1.417,88.0,72.75,50.0,4.667,6.375,7.25,0.875,,,0.292,4.583,12.1,10.158,8.1,191.792
2011-10-02,188.833,1.375,77.0,59.833,39.0,4.833,5.625,6.0,0.375,,,0.208,8.542,11.6,8.508,6.3,193.667
2011-10-03,190.375,1.833,81.0,62.083,48.0,7.083,9.625,12.417,2.792,,,0.292,5.917,10.5,7.558,5.4,197.458
2011-10-04,196.75,3.167,81.0,58.667,33.0,17.958,18.0,28.667,10.667,,,1.167,10.583,18.9,11.85,4.8,214.708
2011-10-05,191.087,2.5,76.0,61.042,41.0,12.174,15.375,16.958,1.583,,,0.667,11.333,19.2,14.696,10.8,203.261
2011-10-06,189.833,2.25,88.0,78.667,63.0,12.917,15.125,18.542,3.417,,,1.083,12.0,16.9,13.279,10.4,202.75
2011-10-07,187.125,2.13,90.0,76.667,58.0,8.667,12.0,12.545,0.545,,,0.375,5.792,15.6,13.317,11.4,195.792
2011-10-08,193.375,3.958,86.0,69.667,45.0,20.583,22.458,28.958,6.5,,,1.042,23.125,18.7,13.488,8.6,213.958
2011-10-09,194.708,3.458,79.0,60.25,46.0,13.667,12.958,14.917,1.958,,,1.125,26.5,19.2,14.412,8.7,208.375
2011-10-10,190.708,3.25,87.0,69.958,52.0,9.792,13.208,13.917,0.708,,,1.0,24.583,18.7,14.717,11.3,200.5
2011-10-11,190.042,3.0,71.0,50.542,32.0,11.125,14.583,18.208,3.625,,,0.75,16.875,15.8,12.367,7.9,201.167
2011-10-12,191.826,2.542,87.0,65.292,42.0,9.565,14.5,15.25,0.75,,,0.792,12.292,16.2,11.25,7.5,201.391
2011-10-13,191.958,2.875,68.0,46.25,32.0,9.458,15.0,17.125,2.125,,,1.042,19.0,18.0,14.062,10.2,201.417
2011-10-14,193.583,3.565,69.0,56.0,40.0,16.75,19.182,23.409,4.227,,,1.957,28.292,19.5,13.821,7.8,210.333
2011-10-15,200.0,4.333,90.0,76.125,61.0,22.375,24.958,34.167,9.208,,,2.5,28.708,17.8,15.017,11.3,222.375
2011-10-16,189.167,3.083,90.0,65.417,41.0,13.542,7.833,12.542,4.708,,,1.083,20.167,19.8,16.496,13.7,202.708
2011-10-17,186.542,1.833,73.0,53.333,38.0,4.625,4.333,5.042,0.708,,,0.625,10.75,17.5,12.688,6.1,191.167
2011-10-18,191.958,2.167,70.0,57.5,48.0,7.5,10.708,13.25,2.542,,,1.042,8.25,9.2,7.862,5.9,199.458
2011-10-19,194.261,3.792,78.0,59.917,35.0,20.217,21.167,32.667,11.5,,,1.708,19.417,17.5,11.262,6.2,214.478
2011-10-20,199.083,4.333,82.0,62.208,36.0,28.083,26.208,42.917,16.708,,,2.458,19.625,18.9,11.375,5.4,227.167
2011-10-21,190.458,2.304,80.0,63.375,49.0,13.333,11.864,16.182,4.318,,,1.625,10.25,19.6,13.479,7.1,203.792
2011-10-22,190.875,2.333,91.0,82.875,73.0,11.917,13.792,18.25,4.458,,,1.542,11.5,18.4,14.521,12.6,202.792
2011-10-23,188.833,1.583,92.0,86.667,74.0,7.625,7.167,7.667,0.5,,,0.5,7.667,14.9,13.538,12.1,196.458
2011-10-24,189.0,2.167,87.0,76.667,61.0,12.762,13.583,16.25,2.667,,,1.333,5.25,15.3,11.95,8.6,201.762
2011-10-25,187.667,1.667,87.0,69.833,48.0,5.583,6.167,7.0,0.833,,,0.875,6.625,18.5,13.175,8.3,193.25
2011-10-26,191.292,1.833,82.0,64.125,54.0,6.042,6.542,7.917,1.375,,,1.167,7.0,9.4,7.996,5.6,197.333
2011-10-27,194.125,3.125,77.0,65.042,50.0,14.167,14.042,24.417,10.375,,,1.208,6.208,11.7,8.579,6.3,208.292
2011-10-28,201.0,4.783,86.0,70.958,48.0,27.958,20.609,46.652,26.043,,,2.13,15.217,15.2,9.5,3.5,228.958
2011-10-29,201.958,6.708,85.0,72.083,49.0,39.25,31.125,68.375,37.25,,,2.458,17.792,14.6,9.871,5.9,241.208
2011-10-30,197.25,2.917,80.0,73.0,61.0,13.125,13.042,16.667,3.625,,,1.625,12.042,13.8,11.192,7.8,210.375
2011-10-31,196.957,3.292,83.0,72.0,59.0,14.13,15.833,21.958,6.125,,,2.125,22.667,15.8,11.888,8.5,211.087
2011-11-01,196.375,5.25,79.0,60.333,39.0,29.042,26.667,46.0,19.333,,,2.5,18.625,15.8,10.842,6.2,225.417
2011-11-02,193.167,4.208,79.0,64.375,49.0,22.917,21.958,33.458,11.5,,,2.292,21.958,16.7,12.333,5.8,216.083
2011-11-03,191.75,3.0,73.0,57.292,36.0,11.25,14.208,18.5,4.292,,,1.583,12.75,14.3,11.321,7.0,203.0
2011-11-04,196.75,4.478,75.0,64.0,47.0,22.792,25.217,42.87,17.652,,,2.542,17.75,14.7,9.225,4.8,219.542
2011-11-05,197.625,4.625,89.0,75.208,61.0,25.375,27.833,43.5,15.667,,,2.0,18.208,11.8,9.846,6.9,223.0
2011-11-06,191.333,2.333,90.0,69.083,57.0,8.083,8.125,8.708,0.583,,,1.208,10.375,9.7,9.171,8.7,199.417
2011-11-07,192.348,2.417,82.0,69.667,59.0,10.304,12.958,14.292,1.333,,,1.542,10.667,10.6,8.883,6.9,202.652
2011-11-08,190.833,2.417,79.0,64.75,48.0,9.833,15.292,18.667,3.375,,,1.667,7.708,9.0,7.2,5.7,200.667
2011-11-09,198.333,4.292,80.0,63.708,47.0,21.542,22.25,40.75,18.5,,,2.042,7.917,9.2,6.212,3.4,219.875
2011-11-10,198.917,4.333,73.0,58.708,43.0,23.0,27.292,44.75,17.458,,,3.042,15.625,11.8,7.471,3.0,221.917
2011-11-11,197.458,5.348,81.0,66.125,46.0,32.833,29.696,56.261,26.565,,,3.13,14.625,15.0,8.788,3.0,230.292
2011-11-12,194.542,5.125,79.0,69.125,44.0,30.417,27.333,48.458,21.125,,,2.292,16.792,14.9,10.096,5.6,224.958
2011-11-13,192.625,3.083,78.0,59.042,35.0,11.792,10.583,13.75,3.167,,,2.208,15.667,14.6,10.971,7.7,204.417
2011-11-14,191.217,2.208,72.0,54.083,38.0,6.609,6.875,8.625,1.75,,,2.0,20.042,7.8,5.708,3.6,197.826
2011-11-15,191.833,2.0,82.0,58.875,36.0,5.208,6.667,8.458,1.792,,,1.458,11.25,4.5,2.367,-0.3,197.042
2011-11-16,192.917,1.917,87.0,52.417,38.0,6.208,6.167,8.083,1.917,,,1.625,7.5,6.3,3.921,0.9,199.125
2011-11-17,195.792,2.542,91.0,66.875,52.0,8.958,13.917,17.667,3.75,,,1.5,10.333,3.2,1.683,-0.2,204.75
2011-11-18,201.583,4.957,74.0,66.708,59.0,28.417,36.318,61.773,25.455,,,4.208,14.25,9.5,4.946,-0.5,230.0
2011-11-19,191.708,3.208,88.0,83.792,75.0,15.875,16.667,25.333,8.667,,,1.292,9.417,13.4,11.183,8.7,207.583
2011-11-20,189.667,2.083,90.0,74.0,44.0,4.333,5.167,5.542,0.375,,,1.208,8.417,9.7,5.779,-1.5,194.0
2011-11-21,193.696,3.208,86.0,73.542,58.0,10.826,17.625,26.042,8.417,,,1.917,8.208,-1.4,-2.896,-5.1,204.522
2011-11-22,197.25,2.917,81.0,73.0,61.0,11.708,22.167,26.125,3.958,,,1.542,8.125,0.7,-0.775,-3.2,208.958
2011-11-23,195.917,2.667,85.0,62.833,41.0,10.583,17.625,23.125,5.5,,,1.917,8.458,7.9,3.262,0.2,206.5
2011-11-24,191.0,2.292,88.0,58.917,41.0,4.625,6.958,7.417,0.458,,,1.25,5.208,9.7,6.142,0.9,195.625
2011-11-25,191.958,1.957,77.0,58.417,48.0,3.917,7.739,9.13,1.391,,,1.174,6.208,1.6,0.667,-0.7,195.875
2011-11-26,194.375,2.542,77.0,56.375,47.0,9.208,14.458,16.208,1.75,,,1.583,7.125,4.8,2.658,0.5,203.583
2011-11-27,196.542,4.083,88.0,75.625,61.0,16.292,22.958,30.833,7.875,,,2.0,9.917,7.8,5.554,2.3,212.833
2011-11-28,196.87,4.167,79.0,66.75,49.0,16.391,24.042,35.833,11.792,,,4.0,14.042,9.2,5.8,1.5,213.261
2011-11-29,194.708,3.083,88.0,68.5,57.0,9.875,14.042,15.417,1.375,,,2.208,16.042,7.2,5.4,2.7,204.583
2011-11-30,192.417,2.042,85.0,66.208,52.0,5.417,9.167,10.667,1.5,,,1.875,9.917,2.4,-1.096,-3.1,197.833
2011-12-01,191.458,2.0,80.0,63.958,48.0,4.75,9.042,11.042,2.0,,,1.958,6.708,-1.3,-2.542,-4.0,196.208
2011-12-02,200.917,4.696,84.0,71.25,60.0,22.208,31.609,58.391,26.783,,,4.417,12.636,-0.4,-2.367,-5.2,223.125
2011-12-03,200.708,3.917,92.0,81.375,69.0,18.333,32.75,51.667,18.917,,,5.583,13.417,0.6,-2.112,-5.5,219.042
2011-12-04,188.833,2.292,93.0,82.75,64.0,7.5,16.125,19.208,3.083,,,1.833,3.083,6.6,3.038,0.5,196.333
2011-12-05,193.522,2.375,89.0,70.0,47.0,6.739,10.333,12.708,2.375,,,1.875,7.13,1.9,0.075,-1.3,200.261
2011-12-06,198.583,3.25,75.0,65.5,56.0,10.875,23.208,30.708,7.5,,,2.667,9.583,1.8,0.5,-0.9,209.458
2011-12-07,195.667,2.458,77.0,62.167,48.0,7.542,12.5,16.25,3.75,,,2.167,6.958,2.1,0.088,-1.8,203.208
2011-12-08,198.792,3.875,82.0,65.083,45.0,13.625,22.917,37.667,14.75,,,3.333,9.792,-0.5,-3.175,-6.7,212.417
2011-12-09,200.292,4.304,85.0,64.625,48.0,23.417,29.045,52.5,23.455,,,4.348,8.333,-0.3,-4.25,-9.7,223.708
2011-12-10,195.458,3.25,86.0,66.042,49.0,13.5,21.5,31.667,10.167,,,2.333,6.917,3.6,0.488,-1.9,208.958
2011-12-11,193.833,2.375,89.0,73.333,52.0,7.125,12.625,14.708,2.083,,,2.167,6.792,-0.3,-1.112,-2.7,200.958
2011-12-12,195.304,2.75,86.0,74.458,52.0,7.739,14.458,18.625,4.167,,,2.667,7.542,0.2,-1.812,-4.1,203.043
2011-12-13,194.381,2.25,86.0,60.458,45.0,5.476,11.417,14.333,2.917,,,2.833,8.792,-0.5,-1.938,-4.7,199.857
2011-12-14,195.0,2.625,88.0,67.042,48.0,7.333,15.708,18.75,3.042,,,2.333,6.333,3.6,1.188,-1.5,202.333
2011-12-15,193.708,3.375,86.0,71.417,41.0,9.667,14.958,18.542,3.583,,,4.333,12.5,2.7,-0.646,-4.0,203.375
2011-12-16,191.667,2.217,77.0,56.25,38.0,5.375,10.261,13.13,2.87,,,2.958,3.917,-2.9,-5.171,-7.3,197.042
2011-12-17,192.125,2.708,83.0,61.042,47.0,8.208,17.0,20.833,3.833,,,2.792,6.625,-2.9,-4.671,-7.9,200.333
2011-12-18,194.333,3.5,85.0,65.5,50.0,10.625,18.458,30.292,11.833,,,3.083,10.667,-3.4,-4.633,-6.7,204.958
2011-12-19,198.333,4.917,84.0,63.458,40.0,23.583,29.875,58.875,29.0,,,4.042,8.417,-0.9,-4.9,-8.4,221.917
2011-12-20,195.522,4.542,81.0,59.292,39.0,17.87,26.333,49.667,23.333,,,2.917,7.708,-0.7,-4.029,-6.8,213.391
2011-12-21,210.917,7.083,73.0,65.125,56.0,35.583,42.542,98.333,55.792,,,5.208,16.208,-2.6,-5.312,-10.1,246.5
2011-12-22,205.333,5.083,91.0,78.792,64.0,23.667,37.333,75.917,38.583,,,7.417,14.375,-0.3,-4.275,-10.2,229.0
2011-12-23,191.208,2.652,92.0,64.208,49.0,7.167,14.217,19.043,4.826,,,1.826,6.833,2.3,-0.029,-2.4,198.375
2011-12-24,189.625,2.0,56.0,49.292,41.0,2.375,6.625,7.917,1.292,,,1.083,3.542,-1.5,-2.746,-4.7,192.0
2011-12-25,190.792,2.083,84.0,57.5,48.0,1.75,5.0,6.208,1.208,,,0.833,3.667,0.0,-2.117,-5.6,192.542
2011-12-26,190.167,2.0,90.0,76.25,60.0,3.292,6.667,8.292,1.625,,,0.833,5.917,1.6,0.021,-1.4,193.458
2011-12-27,192.348,2.375,84.0,68.958,52.0,6.348,13.833,17.917,4.083,,,2.25,5.25,-0.3,-2.567,-3.8,198.696
2011-12-28,192.208,2.625,80.0,61.333,51.0,5.875,15.917,19.083,3.167,,,2.083,8.333,0.7,-1.25,-2.5,198.083
2011-12-29,198.042,4.167,90.0,68.417,55.0,15.042,29.333,44.167,14.833,,,3.0,8.458,1.6,-2.096,-4.1,213.083
2011-12-30,195.625,3.696,85.0,62.542,47.0,9.292,21.565,35.609,14.043,,,3.125,13.958,3.0,-2.933,-7.6,204.917
2011-12-31,196.25,3.208,86.0,66.875,48.0,12.125,19.75,30.125,10.375,,,2.583,6.417,2.8,0.15,-2.2,208.375
2012-01-01,192.792,2.417,82.0,64.792,53.0,4.875,12.208,13.958,1.75,,1.0,3.5,10.083,,,,197.667
2012-01-02,195.167,2.667,84.0,68.375,53.0,9.25,19.583,25.625,6.042,,0.0,3.667,6.042,,,,204.417
2012-01-03,190.708,2.083,54.0,44.333,38.0,3.208,5.5,6.958,1.458,,0.0,5.042,8.5,,,,193.917
2012-01-04,193.174,2.0,83.0,58.208,40.0,4.304,8.071,9.714,1.643,,5.0,5.13,4.667,,,,197.478
2012-01-05,196.75,2.792,73.0,58.0,45.0,9.417,22.625,35.667,13.042,,0.0,2.917,5.417,,,,206.167
2012-01-06,193.875,2.542,88.0,68.958,50.0,3.875,11.208,12.75,1.542,,5.0,5.583,10.375,,,,197.75
2012-01-07,196.75,2.75,71.0,56.458,47.0,8.042,17.708,24.583,6.875,,0.0,6.458,5.667,,,,204.792
2012-01-08,200.0,3.292,75.0,52.875,30.0,11.125,26.875,43.708,16.833,,0.0,5.917,4.833,,,,211.125
2012-01-09,202.25,3.417,76.0,58.125,42.0,14.583,28.167,49.458,21.292,,0.0,4.792,5.958,,,,216.833
2012-01-10,194.917,2.292,76.0,58.917,38.0,8.458,15.667,20.25,4.583,,0.0,5.667,4.208,,,,203.375
2012-01-11,198.0,2.696,78.0,61.5,48.0,8.783,20.909,24.636,3.727,,0.0,4.625,6.739,,,,206.783
2012-01-12,199.375,3.25,80.0,68.958,52.0,11.042,29.5,34.458,4.958,,0.0,5.167,14.417,,,,210.417
2012-01-13,195.042,3.0,89.0,59.292,40.0,5.375,14.042,16.625,2.583,,6.0,7.667,16.208,,,,200.417
2012-01-14,203.458,5.083,75.0,65.708,56.0,21.167,39.292,67.042,27.75,,0.0,3.958,11.75,,,,224.625
2012-01-15,194.708,2.375,83.0,72.458,59.0,7.167,18.625,25.292,6.667,,10.0,3.0,4.458,,,,201.875
2012-01-16,205.042,5.917,84.0,71.375,52.0,29.833,43.458,90.958,47.5,,3.0,5.708,13.458,,,,234.875
2012-01-17,199.458,3.75,86.0,73.042,58.0,15.333,36.833,58.375,21.542,,8.0,8.458,9.5,,,,214.792
2012-01-18,194.826,2.783,85.0,76.375,57.0,10.609,22.783,42.043,19.261,,19.0,6.739,4.792,,,,205.435
2012-01-19,192.167,2.0,88.0,76.208,62.0,4.125,10.0,12.042,2.042,,13.0,4.792,3.458,,,,196.292
2012-01-20,191.917,1.917,88.0,81.375,69.0,3.042,7.75,9.083,1.333,,18.0,2.542,2.792,,,,194.958
2012-01-21,194.833,3.0,84.0,77.083,68.0,11.458,27.458,38.333,10.875,,6.0,6.292,6.708,,,,206.292
2012-01-22,197.75,3.292,84.0,68.5,49.0,15.083,35.0,48.917,13.917,,0.0,7.75,8.958,,,,212.833
2012-01-23,204.333,6.583,85.0,73.333,59.0,30.833,47.917,107.375,59.458,,1.0,10.833,21.0,,,,235.167
2012-01-24,205.333,4.625,90.0,74.375,55.0,24.667,33.208,77.333,44.125,,7.0,4.0,13.75,,,,230.0
2012-01-25,194.13,2.391,91.0,67.917,42.0,4.826,11.696,13.261,1.565,,9.0,1.667,7.042,,,,198.957
2012-01-26,195.125,2.458,80.0,57.833,43.0,6.583,14.917,16.917,2.0,,0.0,2.25,9.0,,,,201.708
2012-01-27,192.333,1.458,85.0,74.667,62.0,3.458,5.833,7.167,1.333,,7.0,1.0,2.958,,,,195.792
2012-01-28,201.708,5.458,86.0,70.958,56.0,25.625,38.958,89.208,50.25,,1.0,7.333,10.87,,,,227.333
2012-01-29,201.292,5.708,85.0,75.0,61.0,30.167,34.458,87.833,53.375,,8.0,5.292,11.375,,,,231.458
2012-01-30,194.417,1.875,84.0,77.292,70.0,4.125,9.083,10.792,1.708,,8.0,1.667,2.083,,,,198.542
2012-01-31,198.5,3.958,85.0,75.667,62.0,18.25,31.083,51.042,19.958,,0.0,3.042,6.417,,,,216.75
2012-02-01,195.565,3.043,80.0,69.667,64.0,10.739,22.522,28.783,6.261,,0.0,3.087,16.542,,,,206.304
2012-02-02,190.25,2.5,81.0,64.708,42.0,6.583,8.583,10.167,1.583,,0.0,2.292,11.917,,,,196.833
2012-02-03,192.125,2.0,79.0,63.875,45.0,4.708,5.833,7.125,1.292,,0.0,3.583,6.958,,,,196.833
2012-02-04,194.958,2.542,88.0,69.792,53.0,8.625,17.125,20.583,3.458,,7.0,3.792,8.167,,,,203.583
2012-02-05,192.042,2.042,88.0,61.042,48.0,4.917,8.958,10.958,2.0,,11.0,4.375,8.25,,,,196.958
2012-02-06,201.917,5.458,73.0,63.417,52.0,33.5,42.125,77.958,35.833,,0.0,5.0,18.75,,,,235.417
2012-02-07,196.417,3.125,90.0,79.5,58.0,16.958,28.75,45.25,16.5,,18.0,2.875,9.208,,,,213.375
2012-02-08,194.286,2.652,89.0,77.375,56.0,7.476,16.87,22.87,6.0,,11.0,2.417,9.0,,,,201.762
2012-02-09,197.958,2.833,81.0,72.125,57.0,8.542,16.583,25.0,8.417,,6.0,3.917,6.042,,,,206.5
2012-02-10,212.875,4.708,85.0,68.458,47.0,18.833,38.292,65.25,26.958,,0.0,4.542,12.583,,,,231.708
2012-02-11,209.667,5.083,77.0,70.833,65.0,19.208,41.208,62.417,21.208,,0.0,4.375,17.333,,,,228.875
2012-02-12,206.5,5.667,83.0,71.792,53.0,23.792,35.444,55.222,19.778,,0.0,7.125,18.667,,,,230.292
2012-02-13,209.75,5.556,88.0,72.792,50.0,27.167,31.714,41.143,9.429,,4.0,6.042,15.792,,,,236.917
2012-02-14,214.125,7.778,90.0,81.625,60.0,31.833,51.611,102.222,50.611,,10.0,4.667,18.5,,,,245.958
2012-02-15,199.913,3.87,86.0,60.625,41.0,13.652,25.739,39.217,13.478,,2.0,5.043,19.5,,,,213.565
2012-02-16,194.708,2.458,87.0,76.208,46.0,6.708,10.75,12.0,1.25,,19.0,2.5,12.917,,,,201.417
2012-02-17,195.958,3.083,86.0,69.333,55.0,8.875,20.333,27.375,7.042,,11.0,3.333,9.833,,,,204.833
2012-02-18,203.667,4.042,87.0,81.25,66.0,17.25,41.217,66.478,25.261,,10.0,6.625,17.292,,,,220.917
2012-02-19,195.958,3.0,85.0,75.25,53.0,10.75,23.583,36.417,12.833,,4.0,8.042,15.083,,,,206.708
2012-02-20,195.458,2.125,73.0,57.25,38.0,4.458,8.083,11.167,3.083,,0.0,4.792,13.458,,,,199.917
2012-02-21,195.583,2.75,87.0,61.208,40.0,6.667,13.208,19.292,6.083,,12.0,4.292,10.458,,,,202.25
2012-02-22,194.043,2.696,78.0,60.542,47.0,7.87,18.87,22.043,3.174,,0.0,4.125,8.583,,,,201.913
2012-02-23,194.167,2.5,79.0,56.708,38.0,6.417,17.375,20.042,2.667,,0.0,3.958,7.583,,,,200.583
2012-02-24,198.375,3.292,84.0,75.625,61.0,11.542,28.542,39.167,10.625,,13.0,3.458,8.708,,,,209.917
2012-02-25,197.667,3.125,88.0,70.208,42.0,9.917,24.75,44.833,20.083,,19.0,5.375,8.0,,,,207.583
2012-02-26,194.333,2.417,79.0,55.625,37.0,7.75,21.333,25.417,4.083,,0.0,2.773,7.053,,,,202.083
2012-02-27,193.417,2.042,70.0,63.458,53.0,5.458,10.583,11.625,1.042,,0.0,1.682,5.292,,,,198.875
2012-02-28,194.333,2.833,89.0,69.75,50.0,9.111,16.5,20.833,4.333,,8.0,3.542,9.833,,,,203.444
2012-03-01,191.5,2.13,89.0,76.958,66.0,10.5,15.182,15.818,0.636,,5.0,2.043,5.304,,,,202.0
2012-03-02,189.208,1.417,89.0,77.208,57.0,5.542,6.0,7.917,1.917,,17.0,0.625,6.542,,,,194.75
2012-03-03,190.458,1.458,86.0,71.25,56.0,2.958,5.75,7.292,1.542,,10.0,2.292,6.625,,,,193.417
2012-03-04,195.833,2.875,86.0,77.708,61.0,12.875,29.208,40.875,11.667,,3.0,3.042,10.333,,,,208.708
2012-03-05,199.208,3.875,88.0,65.625,44.0,20.0,32.833,49.917,17.083,,0.0,3.667,13.125,,,,219.208
2012-03-06,196.417,3.333,90.0,69.375,53.0,11.0,24.208,31.583,7.375,,11.0,3.792,18.667,,,,207.417
2012-03-07,197.375,3.375,85.0,73.875,59.0,12.917,28.792,33.083,4.292,,0.0,2.583,18.583,,,,210.292
2012-03-08,197.217,3.696,90.0,72.125,51.0,18.435,29.955,44.0,14.045,,14.0,3.583,19.375,,,,215.652
2012-03-09,193.75,1.792,89.0,73.875,58.0,5.708,8.792,10.667,1.875,,17.0,1.833,7.333,,,,199.458
2012-03-10,193.875,1.958,87.0,69.25,46.0,4.417,6.25,7.917,1.667,,14.0,2.0,6.208,,,,198.292
2012-03-11,195.792,2.208,84.0,63.417,41.0,7.042,13.958,16.875,2.917,,6.0,2.833,7.292,,,,202.833
2012-03-12,198.458,3.375,75.0,64.375,54.0,20.0,32.667,44.333,11.667,,0.0,3.125,13.208,,,,218.458
2012-03-13,193.833,2.833,89.0,83.792,73.0,11.917,18.708,21.875,3.167,,15.0,2.042,11.375,,,,205.75
2012-03-14,196.0,2.208,77.0,59.542,49.0,7.333,10.458,12.625,2.167,,1.0,2.792,10.375,,,,203.333
2012-03-15,197.652,2.609,73.0,57.667,42.0,10.348,16.864,20.227,3.364,,0.0,1.913,13.75,,,,208.0
2012-03-16,194.375,2.5,90.0,71.625,47.0,10.0,15.542,17.833,2.292,,13.0,2.75,14.833,,,,204.375
2012-03-17,195.5,2.292,76.0,58.333,46.0,7.25,12.208,14.208,2.0,,0.0,3.167,15.042,,,,202.75
2012-03-18,192.583,2.958,91.0,75.625,58.0,11.792,20.375,22.667,2.292,,2.0,2.417,16.833,,,,204.375
2012-03-19,198.0,3.458,92.0,62.917,26.0,16.5,22.833,30.167,7.333,,0.0,2.75,14.417,,,,214.5
2012-03-20,192.25,2.042,89.0,72.333,50.0,6.792,8.333,9.375,1.042,,13.0,1.292,7.917,,,,199.042
2012-03-21,191.167,2.0,87.0,68.083,53.0,5.542,8.708,11.0,2.292,,11.0,3.667,10.417,,,,196.708
2012-03-22,194.565,2.391,89.0,68.833,44.0,9.087,16.318,19.545,3.227,,3.0,2.625,9.542,,,,203.652
2012-03-23,194.083,2.0,73.0,54.75,41.0,5.792,7.167,8.792,1.625,,0.0,3.792,10.75,,,,199.875
2012-03-24,197.75,2.333,71.0,55.333,36.0,6.292,11.458,12.667,1.208,,0.0,2.083,9.833,,,,204.042
2012-03-25,198.333,2.917,85.0,60.0,37.0,12.125,19.583,24.875,5.292,,0.0,3.625,12.5,,,,210.458
2012-03-26,196.625,2.25,84.0,65.625,51.0,7.5,11.208,13.708,2.5,,3.0,3.708,10.75,,,,204.125
2012-03-27,196.083,2.0,67.0,53.667,42.0,4.0,5.875,6.792,0.917,,0.0,1.333,13.0,,,,200.083
2012-03-28,194.167,3.417,88.0,77.458,58.0,13.75,19.0,25.167,6.167,,0.0,2.667,16.583,,,,207.917
2012-03-29,194.739,2.913,87.0,60.083,35.0,12.652,19.455,22.636,3.182,,0.0,4.13,13.217,,,,207.391
2012-03-30,196.25,2.667,76.0,60.125,43.0,9.167,16.25,18.667,2.417,,0.0,2.75,11.375,,,,205.417
2012-03-31,195.917,2.583,69.0,52.792,41.0,7.083,13.208,13.875,0.667,,0.0,1.667,8.875,,,,203.0
2012-04-01,189.125,2.0,82.0,58.667,43.0,3.458,4.167,5.375,1.208,,2.0,0.75,4.208,,,,192.583
2012-04-02,193.375,2.292,83.0,59.417,36.0,5.333,10.333,11.75,1.417,,0.0,1.458,10.75,,,,198.708
2012-04-03,195.542,2.75,91.0,78.75,62.0,9.25,19.833,21.667,1.833,,16.0,1.875,13.375,,,,204.792
2012-04-04,189.0,2.083,91.0,73.917,39.0,6.417,9.125,10.5,1.375,,16.0,1.792,10.208,,,,195.417
2012-04-05,192.0,2.208,64.0,44.083,27.0,3.348,6.333,7.75,1.417,,0.0,1.75,15.792,,,,195.348
2012-04-06,196.409,3.043,84.0,67.0,47.0,11.182,18.5,20.5,2.0,,2.0,1.917,15.0,,,,207.591
2012-04-07,192.792,2.333,88.0,73.042,59.0,7.0,11.917,14.333,2.417,,5.0,1.5,4.667,,,,199.792
2012-04-08,196.125,2.958,76.0,57.875,46.0,7.833,14.333,16.375,2.042,,0.0,1.792,13.333,,,,203.958
2012-04-09,192.125,2.25,85.0,70.125,50.0,5.125,7.875,8.625,0.75,,0.0,1.5,14.0,,,,197.25
2012-04-10,200.833,3.083,72.0,52.042,34.0,10.583,16.417,18.042,1.625,,0.0,2.75,25.667,,,,211.417
2012-04-11,191.25,2.75,89.0,72.167,54.0,8.542,13.583,14.667,1.083,,2.0,1.667,24.875,,,,199.792
2012-04-12,192.5,2.083,74.0,36.583,18.0,5.375,7.625,8.458,0.833,,0.0,2.083,7.458,,,,197.875
2012-04-13,188.947,2.087,80.0,66.917,44.0,10.0,6.304,6.913,0.609,,0.0,1.043,6.042,,,,198.947
2012-04-14,197.0,3.125,84.0,61.667,30.0,16.0,19.5,22.875,3.375,,0.0,1.458,9.5,,,,213.0
2012-04-15,193.125,2.167,86.0,71.458,50.0,7.292,9.75,10.667,0.917,,0.0,0.667,13.458,,,,200.417
2012-04-16,192.375,2.042,82.0,69.583,55.0,4.875,5.75,6.208,0.458,,0.0,0.625,11.0,,,,197.25
2012-04-17,194.75,2.625,90.0,80.042,68.0,9.292,12.875,13.708,0.833,,1.0,0.917,8.125,,,,204.042
2012-04-18,198.542,3.625,90.0,83.917,76.0,18.75,24.792,29.625,4.833,,0.0,2.958,14.208,,,,217.292
2012-04-19,198.417,2.833,89.0,70.333,51.0,13.75,17.5,20.875,3.375,,0.0,1.583,9.875,,,,212.167
2012-04-20,191.217,2.217,81.0,67.625,43.0,9.522,10.609,11.739,1.13,,0.0,1.708,8.833,,,,200.739
2012-04-21,192.167,2.25,77.0,57.875,35.0,11.708,12.708,14.0,1.292,,0.0,1.417,10.625,,,,203.875
2012-04-22,188.958,1.958,79.0,61.875,37.0,4.083,3.292,3.417,0.125,,0.0,1.042,13.25,,,,193.042
2012-04-23,187.792,1.917,83.0,76.25,68.0,4.792,5.833,6.083,0.25,,0.0,1.042,7.083,,,,192.583
2012-04-24,189.792,2.5,88.0,80.375,68.0,10.875,12.667,15.208,2.542,,0.0,1.375,7.042,,,,200.667
2012-04-25,187.875,2.375,91.0,76.333,53.0,9.417,8.583,9.583,1.0,,0.0,0.875,7.083,,,,197.292
2012-04-26,184.5,1.708,85.0,77.583,64.0,4.542,2.458,2.458,0.0,,1.0,0.333,2.5,,,,189.042
2012-04-27,191.261,2.087,84.0,59.125,39.0,7.0,7.13,7.478,0.348,,0.0,0.957,6.208,,,,198.261
2012-04-28,196.125,2.333,75.0,43.292,24.0,10.75,10.667,12.458,1.792,,0.0,1.875,11.417,,,,206.875
2012-04-29,193.417,2.375,79.0,52.75,31.0,7.25,10.208,10.292,0.083,,2.0,1.667,18.792,,,,200.667
2012-04-30,196.833,2.583,79.0,41.75,12.0,12.667,13.625,15.083,1.458,,0.0,1.542,25.708,,,,209.5
2012-05-01,190.833,2.208,75.0,49.667,29.0,8.375,7.652,8.261,0.609,,0.0,1.917,20.0,,,,199.208
2012-05-02,188.542,1.625,79.0,67.75,49.0,6.75,5.083,5.958,0.875,,0.0,1.083,18.958,,,,195.292
2012-05-03,187.917,1.333,88.0,77.542,63.0,5.083,3.167,3.417,0.25,,7.0,0.875,13.292,,,,193.0
2012-05-04,189.609,2.087,89.0,87.417,83.0,8.696,11.217,11.478,0.261,,47.0,0.917,1.292,,,,198.304
2012-05-05,187.375,1.917,89.0,78.167,57.0,6.708,7.833,8.167,0.333,,10.0,0.292,2.75,,,,194.083
2012-05-06,190.125,2.0,88.0,66.042,47.0,5.583,6.333,6.333,0.0,,10.0,0.833,11.458,,,,195.708
2012-05-07,192.25,2.333,89.0,73.417,49.0,7.0,10.217,10.522,0.304,,5.0,1.083,10.917,,,,199.25
2012-05-08,192.667,2.5,82.0,64.75,40.0,12.792,13.792,14.958,1.167,,0.0,1.167,14.625,,,,205.458
2012-05-09,194.125,2.167,84.0,72.167,55.0,7.917,8.458,9.458,1.0,,0.0,0.875,12.625,,,,202.042
2012-05-10,190.083,1.75,79.0,72.458,65.0,4.917,5.792,6.292,0.5,,0.0,0.75,7.708,,,,195.0
2012-05-11,188.435,1.609,82.0,61.333,45.0,5.13,3.957,4.522,0.565,,0.0,0.696,1.875,,,,193.565
2012-05-12,188.333,1.667,85.0,71.708,57.0,3.125,3.958,4.417,0.458,,3.0,0.833,7.208,,,,191.458
2012-05-13,188.708,1.458,72.0,55.958,38.0,2.917,3.792,4.25,0.458,,0.0,1.583,11.25,,,,191.625
2012-05-14,189.875,2.0,81.0,63.958,51.0,6.708,8.625,9.667,1.042,,0.0,1.583,10.458,,,,196.583
2012-05-15,188.25,2.0,83.0,76.042,64.0,6.208,6.792,7.083,0.292,,4.0,1.042,6.5,,,,194.458
2012-05-16,186.833,2.125,89.0,83.875,72.0,7.25,9.708,10.75,1.042,,8.0,1.167,5.792,,,,194.083
2012-05-17,188.875,2.25,83.0,67.167,50.0,9.625,10.417,11.5,1.083,,0.0,1.25,11.208,,,,198.5
2012-05-18,189.826,2.609,84.0,74.583,55.0,10.652,8.409,9.091,0.682,,0.0,0.917,19.458,,,,200.478
2012-05-19,189.75,1.667,80.0,71.625,58.0,4.042,3.875,4.542,0.667,,0.0,0.792,4.25,,,,193.792
2012-05-20,190.708,2.125,83.0,66.042,42.0,7.833,7.875,9.125,1.25,,0.0,1.125,6.792,,,,198.542
2012-05-21,190.792,2.042,85.0,69.375,45.0,7.417,7.917,9.25,1.333,,0.0,1.0,9.958,,,,198.208
2012-05-22,190.167,2.0,82.0,54.125,21.0,5.625,7.833,9.167,1.333,,0.0,1.25,13.083,,,,195.792
2012-05-23,189.958,2.25,78.0,62.042,44.0,11.125,13.333,15.042,1.708,,0.0,1.75,17.458,,,,201.083
2012-05-24,186.542,2.0,77.0,59.542,43.0,6.083,4.583,5.208,0.625,,0.0,1.167,16.583,,,,192.625
2012-05-25,186.826,1.957,83.0,66.167,25.0,8.217,7.409,8.273,0.864,,0.0,1.2,19.095,,,,195.043
2012-05-26,188.125,2.0,86.0,72.458,56.0,4.708,3.417,3.958,0.542,,0.0,0.667,17.208,,,,192.833
2012-05-27,188.208,1.375,85.0,71.333,61.0,3.292,2.042,2.708,0.667,,1.0,0.083,2.875,,,,191.5
2012-05-28,189.227,1.375,75.0,64.708,51.0,4.045,3.375,4.083,0.708,,0.0,0.333,4.292,,,,193.273
2012-05-29,188.833,1.833,84.0,74.208,58.0,7.833,8.667,9.833,1.167,,3.0,0.583,3.208,,,,196.667
2012-05-30,190.5,2.083,89.0,78.25,61.0,8.75,7.542,8.958,1.417,,1.0,0.542,11.667,,,,199.25
2012-05-31,187.042,1.958,84.0,72.417,59.0,7.292,5.792,6.875,1.083,,0.0,0.417,9.25,,,,194.333
2012-06-01,186.292,1.913,87.0,80.375,66.0,7.708,4.364,4.773,0.409,,1.0,0.333,13.318,,,,194.0
2012-06-02,188.542,2.042,88.0,70.708,51.0,9.542,9.333,10.958,1.625,,0.0,0.792,14.208,,,,198.083
2012-06-03,187.542,1.708,83.0,71.625,55.0,6.0,4.708,5.375,0.667,,0.0,0.333,8.417,,,,193.542
2012-06-04,188.043,2.0,84.0,66.5,42.0,10.043,9.042,10.333,1.292,,0.0,0.792,11.875,,,,198.087
2012-06-05,188.333,2.375,86.0,62.792,41.0,14.208,15.25,18.417,3.167,,0.0,1.917,16.958,,,,202.542
2012-06-06,188.625,2.083,87.0,72.0,45.0,10.708,11.75,13.333,1.583,,6.0,1.542,19.333,,,,199.333
2012-06-07,187.0,2.208,91.0,80.375,56.0,10.125,8.208,10.125,1.917,,19.0,0.917,16.875,,,,197.125
2012-06-08,186.667,2.0,88.0,72.542,56.0,10.125,9.364,10.955,1.591,,0.0,0.913,15.417,,,,196.792
2012-06-09,184.083,1.0,78.0,71.292,66.0,4.625,3.042,3.917,0.875,,0.0,0.125,5.042,,,,188.708
2012-06-10,185.625,1.667,81.0,74.042,58.0,6.417,5.375,6.458,1.083,,0.0,0.875,6.5,,,,192.042
2012-06-11,187.478,1.208,87.0,75.292,64.0,6.261,5.167,6.542,1.375,,0.0,0.417,12.333,,,,193.739
2012-06-12,188.417,1.042,75.0,62.5,48.0,5.0,4.958,6.75,1.792,,0.0,0.792,7.375,,,,193.417
2012-06-13,189.0,1.042,74.0,60.333,51.0,4.792,5.292,6.75,1.458,,0.0,0.75,9.667,,,,193.792
2012-06-14,189.958,1.208,78.0,65.75,47.0,7.0,8.0,9.542,1.542,,0.0,0.833,10.375,,,,196.958
2012-06-15,191.292,1.739,84.0,63.167,31.0,13.208,11.636,13.682,2.045,,0.0,1.125,9.792,,,,204.5
2012-06-16,188.167,1.0,79.0,70.25,60.0,5.958,4.25,4.833,0.583,,0.0,0.792,5.292,,,,194.125
2012-06-17,187.5,1.208,90.0,84.5,76.0,6.958,5.25,5.875,0.625,,16.0,0.875,2.375,,,,194.458
2012-06-18,187.435,1.5,90.0,79.458,64.0,8.522,7.375,8.292,0.917,,0.0,0.875,10.333,,,,195.957
2012-06-19,187.125,1.333,82.0,73.0,63.0,7.167,6.083,7.417,1.333,,0.0,0.958,7.458,,,,194.292
2012-06-20,187.708,1.167,87.0,77.583,64.0,5.583,6.292,7.0,0.708,,14.0,0.667,1.083,,,,193.292
2012-06-21,188.625,1.292,78.0,68.792,56.0,7.708,9.25,10.5,1.25,,0.0,1.417,3.083,,,,196.333
2012-06-22,186.5,1.391,90.0,84.542,73.0,10.833,10.636,12.318,1.682,,2.0,0.652,3.542,,,,197.333
2012-06-23,185.708,1.0,91.0,79.917,66.0,6.042,5.167,5.917,0.75,,3.0,0.083,2.792,,,,191.75
2012-06-24,185.792,1.042,82.0,73.667,62.0,5.292,3.083,3.458,0.375,,0.0,0.083,2.958,,,,191.083
2012-06-25,189.13,1.333,88.0,73.5,51.0,8.913,9.042,10.167,1.125,,0.0,0.875,11.0,,,,198.043
2012-06-26,191.833,1.875,84.0,65.875,40.0,16.75,13.042,18.292,5.25,,0.0,1.25,12.292,,,,208.583
2012-06-27,191.875,1.958,82.0,57.583,24.0,15.208,14.0,16.708,2.708,,0.0,1.417,16.333,,,,207.083
2012-06-28,193.5,2.542,78.0,47.583,24.0,17.583,15.833,17.958,2.125,,0.0,1.667,16.875,,,,211.083
2012-06-29,191.833,2.174,76.0,56.292,35.0,18.25,15.565,17.565,2.0,,0.0,2.625,23.565,,,,210.083
2012-06-30,184.333,1.083,83.0,62.375,41.0,8.917,6.042,7.5,1.458,,0.0,0.792,6.125,,,,193.25
2012-07-01,184.167,1.0,78.0,55.708,32.0,5.542,2.875,3.458,0.583,,0.0,0.958,7.833,,,,189.708
2012-07-02,183.696,1.083,83.0,73.25,67.0,6.565,5.042,6.0,0.958,,0.0,0.875,2.042,,,,190.261
2012-07-03,184.042,1.292,83.0,73.042,54.0,10.417,8.333,10.375,2.042,,0.0,1.0,6.167,,,,194.458
2012-07-04,186.833,1.958,87.0,74.167,55.0,13.333,11.625,14.833,3.208,,0.0,1.167,14.458,,,,200.167
2012-07-05,189.542,2.25,86.0,78.292,65.0,16.292,13.292,16.167,2.875,,8.0,1.125,14.958,,,,205.833
2012-07-06,188.917,2.087,86.0,77.083,66.0,12.208,6.174,6.913,0.739,,0.0,0.435,13.125,,,,201.125
2012-07-07,189.25,1.958,82.0,71.208,56.0,10.625,6.917,8.083,1.167,,0.0,0.75,18.333,,,,199.875
2012-07-08,190.542,2.0,89.0,74.125,60.0,10.583,6.583,7.542,0.958,,1.0,0.833,22.333,,,,201.125
2012-07-09,186.522,1.917,89.0,82.25,73.0,12.391,11.208,15.708,4.5,,4.0,0.833,16.083,,,,198.913
2012-07-10,185.042,1.458,87.0,73.417,63.0,7.375,5.083,5.833,0.75,,0.0,0.5,4.167,,,,192.417
2012-07-11,192.083,2.208,85.0,71.667,53.0,14.292,10.583,13.5,2.917,,0.0,0.958,16.042,,,,206.375
2012-07-12,193.458,1.875,91.0,89.25,86.0,12.75,12.0,16.542,4.542,,62.0,0.667,9.292,,,,206.208
2012-07-13,184.727,1.304,85.0,73.542,51.0,7.136,4.136,4.955,0.818,,0.0,0.375,7.125,,,,191.864
2012-07-14,185.333,1.167,90.0,75.833,62.0,5.292,4.0,4.875,0.875,,0.0,0.125,3.125,,,,190.625
2012-07-15,190.625,1.458,85.0,72.792,62.0,10.167,7.125,9.333,2.208,,0.0,1.125,10.208,,,,200.792
2012-07-16,188.583,1.208,88.0,76.75,56.0,7.75,5.417,6.75,1.333,,0.0,0.708,15.042,,,,196.333
2012-07-17,189.125,1.667,85.0,69.667,57.0,9.458,6.792,7.917,1.125,,0.0,1.0,11.458,,,,198.583
2012-07-18,193.708,2.375,83.0,65.917,39.0,14.667,9.625,12.292,2.667,,0.0,1.167,19.833,,,,208.375
2012-07-19,189.083,1.125,82.0,63.333,50.0,6.417,3.875,5.0,1.125,,0.0,0.75,6.292,,,,195.5
2012-07-20,191.522,1.217,78.0,65.833,46.0,8.348,7.773,9.545,1.773,,0.0,1.739,7.708,,,,199.87
2012-07-21,189.792,1.875,78.0,68.125,50.0,11.958,9.042,11.042,2.0,,0.0,0.833,12.875,,,,201.75
2012-07-22,186.083,1.333,77.0,70.167,58.0,8.417,6.292,7.458,1.167,,0.0,0.25,8.917,,,,194.5
2012-07-23,184.333,1.25,83.0,69.208,58.0,8.208,7.333,9.083,1.75,,0.0,0.583,7.333,,,,192.542
2012-07-24,185.0,1.75,84.0,74.0,60.0,11.292,10.75,13.75,3.0,,0.0,0.708,12.542,,,,196.292
2012-07-25,185.292,1.917,87.0,74.5,64.0,12.625,11.042,13.625,2.583,,0.0,0.708,16.542,,,,197.917
2012-07-26,184.583,1.958,88.0,78.125,56.0,10.292,6.958,8.167,1.208,,0.0,0.667,17.792,,,,194.875
2012-07-27,183.652,1.565,84.0,65.792,50.0,11.087,7.957,9.696,1.739,,0.0,0.875,23.583,,,,194.739
2012-07-28,184.292,2.042,81.0,68.042,47.0,12.375,8.5,9.25,0.75,,0.0,1.0,42.0,,,,196.667
2012-07-29,190.125,2.417,82.0,68.958,42.0,12.75,7.958,8.5,0.542,,0.0,1.042,21.042,,,,202.875
2012-07-30,184.917,1.958,85.0,65.875,48.0,11.667,9.458,10.917,1.458,,0.0,1.125,31.826,,,,196.583
2012-07-31,183.458,1.833,84.0,73.75,55.0,17.208,13.917,15.458,1.542,,0.0,1.083,35.792,,,,200.667
2012-08-01,184.083,1.583,90.0,84.625,74.0,11.917,9.708,11.167,1.458,,18.0,0.792,13.375,,,,196.0
2012-08-02,185.375,1.0,88.0,78.875,69.0,5.583,3.583,4.167,0.583,,0.0,0.542,4.542,,,,190.958
2012-08-03,187.435,1.87,83.0,73.25,58.0,9.087,8.565,10.435,1.87,,0.0,0.826,8.708,,,,196.522
2012-08-04,187.375,2.0,80.0,71.375,63.0,6.625,4.375,4.875,0.5,,0.0,0.083,9.042,,,,194.0
2012-08-05,186.25,2.042,90.0,81.375,72.0,11.875,8.75,10.583,1.833,,4.0,0.375,8.583,,,,198.125
2012-08-06,185.375,1.625,91.0,80.875,72.0,8.083,5.667,6.375,0.708,,3.0,0.125,5.333,,,,193.458
2012-08-07,185.708,1.792,80.0,68.875,58.0,6.958,4.458,4.958,0.5,,0.0,0.458,3.083,,,,192.667
2012-08-08,187.083,2.167,79.0,70.583,59.0,9.208,7.375,8.083,0.708,,0.0,0.708,5.083,,,,196.292
2012-08-09,186.708,2.083,80.0,66.0,49.0,10.458,8.125,9.083,0.958,,0.0,0.958,9.25,,,,197.167
2012-08-10,192.043,2.174,88.0,76.292,62.0,16.348,12.87,17.783,4.913,,9.0,1.75,11.833,,,,208.391
2012-08-11,186.5,2.167,86.0,77.583,66.0,14.208,11.458,13.833,2.375,,1.0,1.0,17.458,,,,200.708
2012-08-12,187.125,2.167,83.0,72.792,60.0,10.417,6.875,7.5,0.625,,0.0,1.0,19.167,,,,197.542
2012-08-13,187.083,2.292,90.0,84.375,78.0,12.083,9.667,10.833,1.167,,18.0,1.0,16.542,,,,199.167
2012-08-14,189.583,2.333,89.0,63.75,44.0,8.833,6.125,6.833,0.708,,0.0,1.125,13.167,,,,198.417
2012-08-15,192.833,2.25,82.0,61.292,40.0,9.125,6.167,7.0,0.833,,0.0,1.083,13.667,,,,201.958
2012-08-16,187.875,2.208,91.0,84.125,77.0,9.083,5.958,7.042,1.083,,31.0,0.833,7.542,,,,196.958
2012-08-17,191.174,2.652,90.0,79.083,67.0,13.826,12.571,13.667,1.095,,1.0,0.478,7.083,,,,205.0
2012-08-18,190.333,2.542,86.0,76.458,63.0,13.292,11.833,13.667,1.833,,0.0,0.75,17.042,,,,203.625
2012-08-19,186.083,2.0,85.0,77.042,67.0,8.917,7.208,8.5,1.292,,0.0,0.25,12.5,,,,195.0
2012-08-20,185.542,2.958,91.0,85.333,73.0,22.083,19.375,28.333,8.958,,48.0,0.667,25.917,,,,207.625
2012-08-21,182.125,1.625,87.0,68.875,48.0,13.208,10.75,13.208,2.458,,0.0,1.0,20.583,,,,195.333
2012-08-22,182.958,1.5,84.0,68.083,53.0,11.417,9.0,10.875,1.875,,0.0,1.0,19.958,,,,194.375
2012-08-23,186.542,1.958,89.0,78.542,71.0,10.125,7.708,8.958,1.25,,8.0,0.792,12.458,,,,196.667
2012-08-24,194.316,2.478,84.0,77.375,69.0,16.632,15.565,17.957,2.391,,0.0,1.208,12.25,,,,210.947
2012-08-25,187.375,2.042,87.0,76.375,60.0,15.208,9.75,11.875,2.125,,0.0,0.792,18.625,,,,202.583
2012-08-26,183.125,1.75,83.0,71.292,62.0,12.667,9.583,11.0,1.417,,0.0,0.917,16.125,,,,195.792
2012-08-27,182.333,1.417,86.0,73.708,55.0,12.458,7.5,8.917,1.417,,0.0,0.667,13.792,,,,194.792
2012-08-28,184.375,1.292,84.0,74.125,57.0,11.125,7.792,9.0,1.208,,0.0,0.792,10.875,,,,195.5
2012-08-29,181.25,1.167,84.0,77.833,71.0,7.333,5.292,6.167,0.875,,0.0,0.833,15.583,,,,188.583
2012-08-30,184.042,1.75,81.0,57.542,42.0,8.292,5.125,5.667,0.542,,0.0,1.0,17.522,,,,192.333
2012-08-31,191.565,2.0,76.0,64.542,58.0,14.217,10.636,11.455,0.818,,0.0,1.0,13.792,,,,205.783
2012-09-01,186.25,1.458,81.0,70.792,59.0,9.875,6.625,7.875,1.25,,0.0,0.792,11.208,,,,196.125
2012-09-02,184.167,1.042,81.0,68.833,55.0,7.125,3.833,4.708,0.875,,0.0,0.292,8.208,,,,191.292
2012-09-03,183.208,1.042,83.0,68.75,53.0,6.875,4.5,5.625,1.125,,0.0,0.417,9.625,,,,190.083
2012-09-04,182.958,1.0,89.0,71.167,56.0,6.042,4.25,5.75,1.5,,27.0,0.25,5.125,,,,189.0
2012-09-05,184.333,1.125,74.0,62.792,49.0,6.917,5.292,6.083,0.792,,0.0,0.708,4.292,,,,191.25
2012-09-06,185.792,1.708,86.0,78.625,73.0,9.917,9.25,10.833,1.583,,1.0,0.583,6.083,,,,195.708
2012-09-07,191.087,2.783,84.0,58.375,35.0,19.522,16.591,18.864,2.273,,0.0,0.958,8.261,,,,210.609
2012-09-08,192.059,2.588,77.0,62.235,42.0,17.647,13.412,14.529,1.118,,0.0,1.588,13.353,,,,209.706
2012-09-09,185.417,1.5,91.0,86.458,79.0,8.792,9.125,9.417,0.292,,100.0,0.917,5.833,,,,194.208
2012-09-10,192.083,2.958,91.0,87.292,80.0,19.292,22.875,26.25,3.375,,7.0,0.792,10.208,,,,211.375
2012-09-11,192.0,2.875,91.0,85.167,70.0,18.0,19.375,22.25,2.875,,23.0,0.792,12.167,,,,210.0
2012-09-12,191.5,2.875,91.0,77.083,51.0,21.292,15.75,21.375,5.625,,1.0,1.083,13.583,,,,212.792
2012-09-13,189.125,2.292,82.0,71.417,51.0,14.875,12.125,14.417,2.292,,0.0,1.208,8.042,,,,204.0
2012-09-14,195.25,2.565,85.0,70.125,54.0,19.625,15.381,18.571,3.19,,0.0,1.174,15.833,,,,214.875
2012-09-15,185.783,2.042,86.0,73.292,62.0,10.913,8.708,9.5,0.792,,0.0,0.875,24.625,,,,196.696
2012-09-16,187.208,1.958,89.0,79.292,71.0,8.833,6.083,6.417,0.333,,4.0,0.333,10.875,,,,196.042
2012-09-17,186.875,1.458,82.0,78.125,71.0,10.25,6.125,7.25,1.125,,0.0,0.625,12.458,,,,197.125
2012-09-18,181.917,1.042,85.0,75.0,64.0,7.333,6.167,7.708,1.542,,0.0,0.75,28.333,,,,189.25
2012-09-19,182.958,1.5,87.0,74.667,61.0,9.917,8.667,10.083,1.417,,3.0,0.708,16.375,,,,192.875
2012-09-20,187.333,1.958,81.0,66.708,52.0,13.417,10.0,11.5,1.5,,0.0,0.583,9.5,,,,200.75
2012-09-21,190.458,2.522,77.0,63.542,39.0,17.208,15.565,19.304,3.739,,0.0,1.167,7.458,,,,207.667
2012-09-22,194.0,2.708,78.0,66.542,52.0,18.174,15.292,18.583,3.292,,0.0,1.167,9.333,,,,212.174
2012-09-23,189.083,2.167,80.0,72.0,52.0,12.542,10.375,11.083,0.708,,0.0,1.667,11.292,,,,201.625
2012-09-24,191.292,2.125,81.0,68.958,53.0,11.667,11.542,12.792,1.25,,0.0,1.583,9.875,,,,202.958
2012-09-25,191.708,1.958,88.0,80.083,71.0,8.708,8.583,9.292,0.708,,13.0,0.958,4.667,,,,200.417
2012-09-26,191.083,2.708,81.0,72.667,55.0,13.875,14.042,18.167,4.125,,1.0,1.0,4.417,,,,204.958
2012-09-27,190.125,1.75,80.0,74.625,66.0,9.5,8.583,10.0,1.417,,0.0,1.167,5.25,,,,199.625
2012-09-28,189.542,1.391,78.0,66.417,49.0,7.375,7.273,8.136,0.864,,0.0,1.478,6.0,,,,196.917
2012-09-29,191.435,1.583,78.0,68.75,56.0,10.739,9.25,11.625,2.375,,0.0,1.167,3.208,,,,202.174
2012-09-30,188.875,1.833,84.0,72.417,53.0,7.583,7.208,7.708,0.5,,1.0,0.583,10.083,,,,196.458
2012-10-01,188.875,2.042,90.0,77.75,58.0,10.0,10.25,11.125,0.875,,10.0,0.542,6.625,,,,198.875
2012-10-02,191.625,2.125,89.0,68.167,44.0,12.042,11.458,14.417,2.958,,1.0,0.909,3.417,,,,203.667
2012-10-03,197.375,2.583,84.0,75.833,64.0,16.583,14.833,20.208,5.375,,0.0,1.667,5.833,,,,213.958
2012-10-04,196.292,2.208,88.0,67.458,48.0,14.375,12.292,15.458,3.167,,0.0,1.458,6.208,,,,210.667
2012-10-05,195.143,2.304,78.0,67.25,52.0,14.048,14.0,17.5,3.5,,0.0,1.708,5.5,,,,209.19
2012-10-06,192.375,2.417,83.0,68.542,50.0,12.292,14.0,15.667,1.667,,3.0,1.0,8.75,,,,204.667
2012-10-07,192.917,1.708,79.0,55.917,42.0,9.708,7.25,8.375,1.125,,0.0,0.958,2.458,,,,202.625
2012-10-08,199.5,2.375,82.0,61.333,42.0,16.417,14.708,20.292,5.583,,0.0,1.083,4.25,,,,215.917
2012-10-09,194.875,2.792,76.0,60.167,39.0,16.792,16.833,22.375,5.542,,0.0,1.25,3.833,,,,211.667
2012-10-10,193.0,1.833,81.0,70.417,56.0,11.542,10.042,13.625,3.583,,0.0,1.333,6.25,,,,204.542
2012-10-11,190.875,1.833,88.0,78.042,61.0,8.917,11.0,12.292,1.292,,11.0,0.875,2.958,,,,199.792
2012-10-12,194.565,2.565,91.0,67.458,48.0,15.609,13.091,18.591,5.5,,0.0,1.0,5.0,,,,210.174
2012-10-13,194.958,2.042,84.0,73.542,59.0,11.708,12.0,15.208,3.208,,3.0,0.917,4.375,,,,206.667
2012-10-14,192.0,1.833,86.0,72.5,52.0,9.417,7.417,9.042,1.625,,11.0,0.958,6.417,,,,201.417
2012-10-15,192.208,2.125,88.0,58.708,31.0,9.25,9.458,11.333,1.875,,2.0,1.375,8.125,,,,201.458
2012-10-16,192.542,2.5,76.0,52.333,30.0,14.875,12.458,18.042,5.583,,0.0,1.292,7.5,,,,207.417
2012-10-17,192.875,2.5,86.0,76.958,68.0,14.667,14.875,18.333,3.458,,9.0,1.333,10.208,,,,207.542
2012-10-18,191.5,1.708,82.0,54.125,37.0,7.542,8.542,9.75,1.208,,0.0,1.292,4.458,,,,199.042
2012-10-19,191.739,1.783,81.0,52.583,33.0,6.609,7.913,9.043,1.13,,1.0,1.458,5.583,,,,198.348
2012-10-20,192.167,2.167,77.0,58.833,35.0,9.0,10.792,11.625,0.833,,2.0,1.458,7.917,,,,201.167
2012-10-21,191.75,1.792,87.0,59.75,45.0,5.167,5.583,5.958,0.375,,7.0,1.792,9.917,,,,196.917
2012-10-22,194.0,2.0,76.0,56.708,42.0,8.917,11.542,13.583,2.042,,1.0,2.292,5.167,,,,202.917
2012-10-23,187.5,2.083,86.0,74.042,48.0,7.208,6.5,6.833,0.333,,15.0,0.875,10.083,,,,194.708
2012-10-24,189.667,1.625,76.0,60.375,48.0,5.583,7.292,8.167,0.875,,1.0,1.125,4.833,,,,195.25
2012-10-25,193.708,2.25,82.0,66.542,43.0,9.875,13.625,15.917,2.292,,0.0,1.667,9.708,,,,203.583
2012-10-26,191.826,2.913,84.0,64.875,52.0,12.696,13.818,19.364,5.545,,5.0,1.609,8.667,,,,204.522
2012-10-27,198.25,2.625,85.0,72.667,54.0,16.042,14.333,22.25,7.917,,0.0,1.292,9.875,,,,214.292
2012-10-28,190.292,1.375,87.0,71.917,64.0,4.208,4.083,4.167,0.083,,7.0,0.583,5.833,,,,194.5
2012-10-29,188.458,1.833,89.0,67.375,52.0,6.542,8.042,9.042,1.0,,16.0,0.667,1.13,,,,195.0
2012-10-30,195.75,3.125,86.0,76.042,63.0,18.292,16.792,28.375,11.583,,2.0,1.5,3.5,,,,214.042
2012-10-31,189.583,1.708,87.0,73.167,57.0,8.25,9.458,10.75,1.292,,3.0,1.5,1.708,,,,197.833
2012-11-01,193.375,2.708,90.0,79.125,61.0,14.167,19.083,23.833,4.75,,17.0,1.333,3.542,,,,207.542
2012-11-02,192.0,1.391,89.0,81.958,72.0,7.696,7.727,8.5,0.773,,17.0,1.083,2.125,,,,199.696
2012-11-03,189.958,1.333,84.0,71.708,56.0,4.208,4.292,4.958,0.667,,19.0,1.458,1.667,,,,194.167
2012-11-04,190.833,1.042,85.0,80.375,68.0,2.667,1.792,1.792,0.0,,20.0,0.875,2.583,,,,193.5
2012-11-05,194.458,2.083,85.0,69.125,56.0,11.125,14.875,17.833,2.958,,0.0,1.875,6.75,,,,205.583
2012-11-06,191.958,1.522,87.0,79.042,70.0,6.75,8.958,9.25,0.292,,5.0,1.792,3.0,,,,198.708
2012-11-07,193.875,3.375,91.0,88.792,81.0,18.5,25.375,33.625,8.25,,47.0,1.292,3.083,,,,212.375
2012-11-08,198.25,5.417,91.0,80.5,58.0,30.958,26.167,52.208,26.042,,1.0,1.917,7.875,,,,229.208
2012-11-09,197.609,2.435,87.0,74.792,61.0,13.652,14.136,16.273,2.136,,3.0,1.304,4.5,,,,211.261
2012-11-10,192.958,1.417,71.0,59.5,48.0,6.083,6.208,6.625,0.417,,0.0,0.458,2.083,,,,199.042
2012-11-11,195.208,1.667,77.0,63.25,47.0,7.708,9.917,10.75,0.833,,0.0,0.667,5.5,,,,202.917
2012-11-12,194.273,2.227,88.0,77.682,61.0,9.091,12.182,15.727,3.545,,9.0,0.727,8.1,,,,203.364
2012-11-13,197.455,4.0,80.0,61.0,37.0,19.727,18.955,25.091,6.136,,0.0,1.727,16.682,,,,217.182
2012-11-14,196.25,3.042,88.0,77.583,69.0,14.0,17.333,19.125,1.792,,3.0,2.25,9.542,,,,210.25
2012-11-15,192.958,1.542,71.0,56.667,42.0,7.0,8.667,9.417,0.75,,0.0,0.958,2.417,,,,199.958
2012-11-16,200.333,3.043,81.0,60.75,46.0,18.125,18.182,28.273,10.091,,0.0,2.292,3.75,,,,218.458
2012-11-17,197.333,2.667,89.0,83.583,61.0,11.5,14.0,15.167,1.167,,12.0,0.875,3.708,,,,208.833
2012-11-18,192.917,1.917,89.0,82.792,70.0,5.583,5.042,6.042,1.0,,49.0,1.583,2.833,,,,198.5
2012-11-19,196.25,2.833,82.0,68.458,53.0,13.542,20.125,28.0,7.875,,0.0,1.875,5.417,,,,209.792
2012-11-20,198.522,3.208,90.0,75.875,53.0,17.435,21.958,33.25,11.292,,1.0,3.042,10.542,,,,215.957
2012-11-21,193.125,2.083,71.0,54.0,44.0,6.5,7.5,9.125,1.625,,0.0,3.25,6.458,,,,199.625
2012-11-22,196.261,3.625,90.0,62.625,44.0,15.913,21.833,34.875,13.042,,2.0,2.833,6.958,,,,212.174
2012-11-23,197.458,2.783,90.0,71.375,58.0,15.917,15.696,24.696,9.0,,11.0,2.478,7.042,,,,213.375
2012-11-24,193.583,1.875,70.0,54.458,46.0,5.042,8.167,9.917,1.75,,1.0,4.792,4.875,,,,198.625
2012-11-25,195.542,2.208,87.0,53.083,42.0,5.542,8.167,10.0,1.833,,0.0,2.917,4.75,,,,201.083
2012-11-26,200.125,4.625,91.0,85.0,63.0,24.167,29.458,56.708,27.25,,9.0,4.042,9.542,,,,224.292
2012-11-27,197.565,2.417,91.0,80.625,60.0,8.174,12.708,14.292,1.583,,24.0,3.417,8.083,,,,205.739
2012-11-28,201.792,2.458,87.0,70.208,51.0,8.958,16.833,22.5,5.667,,4.0,2.458,5.083,,,,210.75
2012-11-29,199.667,2.708,86.0,60.917,45.0,9.625,14.167,15.375,1.208,,2.0,2.375,13.167,,,,209.292
2012-11-30,200.591,2.957,85.0,79.292,61.0,12.364,19.87,27.043,7.174,,3.0,2.708,8.0,,,,212.955
2012-12-01,194.708,2.042,89.0,62.583,36.0,6.583,9.708,12.375,2.667,,19.0,3.25,3.5,,,,201.292
2012-12-02,196.25,2.667,87.0,73.833,62.0,9.25,16.208,19.667,3.458,,5.0,3.0,6.667,,,,205.5
2012-12-03,197.042,2.958,81.0,67.208,53.0,13.792,24.792,37.292,12.5,,0.0,4.042,7.208,,,,210.833
2012-12-04,193.083,3.167,91.0,77.0,50.0,12.792,17.167,23.417,6.25,,24.0,1.792,7.25,,,,205.875
2012-12-05,195.875,2.875,86.0,61.667,47.0,6.708,8.708,10.75,2.042,,1.0,2.5,19.083,,,,202.583
2012-12-06,194.25,2.542,90.0,64.917,48.0,9.0,13.583,21.75,8.167,,14.0,2.333,6.583,,,,203.25
2012-12-07,194.087,1.609,78.0,62.208,48.0,2.652,6.091,6.818,0.727,,1.0,1.348,5.167,,,,196.739
2012-12-08,193.792,2.292,91.0,69.75,51.0,7.833,17.875,22.125,4.25,,28.0,2.75,5.417,,,,201.625
2012-12-09,196.375,3.208,80.0,60.958,46.0,9.083,22.167,28.625,6.458,,0.0,3.625,10.708,,,,205.458
2012-12-10,195.333,3.542,88.0,67.0,56.0,13.292,28.167,39.292,11.125,,1.0,3.167,5.75,,,,208.625
2012-12-11,199.417,3.917,89.0,83.542,70.0,21.75,33.042,56.0,22.958,,21.0,3.833,8.167,,,,221.167
2012-12-12,202.458,4.167,90.0,85.375,70.0,21.958,36.792,68.375,31.583,,27.0,5.042,12.375,,,,224.417
2012-12-13,212.792,7.417,89.0,75.917,61.0,43.25,48.75,123.458,74.708,,1.0,4.75,21.25,,,,256.042
2012-12-14,203.0,4.045,89.0,72.167,55.0,22.478,31.136,49.364,18.227,,3.0,8.0,30.667,,,,225.478
2012-12-15,203.5,5.583,87.0,65.542,51.0,16.083,33.5,46.208,12.708,,2.0,8.25,35.708,,,,219.583
2012-12-16,197.667,5.333,92.0,85.083,58.0,11.625,23.875,31.125,7.25,,17.0,5.125,16.708,,,,209.292
2012-12-17,197.583,4.208,88.0,62.5,43.0,11.875,27.125,36.625,9.5,,1.0,3.458,16.375,,,,209.458
2012-12-18,191.375,2.833,91.0,86.458,67.0,9.167,18.292,21.125,2.833,,33.0,3.958,7.833,,,,200.542
2012-12-19,194.875,2.5,82.0,60.542,36.0,6.75,14.792,18.708,3.917,,4.0,5.0,3.667,,,,201.625
2012-12-20,195.292,2.708,76.0,58.583,50.0,8.792,18.083,24.667,6.583,,0.0,6.542,6.875,,,,204.083
2012-12-21,197.391,2.957,60.0,53.208,48.0,12.957,21.435,33.696,12.261,,0.0,3.913,8.375,,,,210.348
2012-12-22,191.833,2.75,87.0,75.208,56.0,8.667,18.125,20.833,2.708,,7.0,3.458,11.167,,,,200.5
2012-12-23,191.083,2.0,87.0,66.625,43.0,5.625,12.125,14.208,2.083,,8.0,3.375,3.417,,,,196.708
2012-12-24,199.167,4.167,84.0,79.208,71.0,19.75,39.417,76.167,36.75,,4.0,12.042,14.625,,,,218.917
2012-12-25,215.583,8.167,83.0,73.458,44.0,44.708,46.583,138.958,92.375,,2.0,6.958,26.792,,,,260.292
2012-12-26,193.125,2.083,86.0,65.167,42.0,5.667,9.917,12.792,2.875,,21.0,5.0,5.792,,,,198.792
2012-12-27,193.708,1.875,83.0,60.417,42.0,5.5,10.917,14.75,3.833,,5.0,4.708,4.75,,,,199.208
2012-12-28,193.913,2.609,66.0,55.917,49.0,9.696,18.261,26.391,8.13,,0.0,5.667,7.391,,,,203.609
2012-12-29,194.208,2.333,79.0,61.458,52.0,8.625,18.292,22.708,4.417,,1.0,2.833,6.042,,,,202.833
2012-12-30,190.292,2.25,88.0,77.625,53.0,5.75,12.958,14.5,1.542,,9.0,1.917,2.833,,,,196.042
2012-12-31,191.083,3.167,84.0,71.375,44.0,4.583,8.0,9.167,1.167,,2.0,5.625,22.542,,,,195.667
2013-01-01,195.792,2.458,88.0,78.542,56.0,3.875,7.75,8.5,0.75,,13.0,2.0,8.458,3.7,-0.292,-2.9,199.667
2013-01-02,196.292,2.208,88.0,67.875,52.0,5.542,5.208,6.917,1.708,,8.0,3.125,9.667,-2.2,-3.417,-4.1,201.833
2013-01-03,196.435,2.304,87.0,69.208,56.0,6.652,11.957,15.261,3.304,,3.0,2.957,7.625,1.1,-1.592,-3.9,203.087
2013-01-04,194.75,2.083,88.0,72.25,47.0,6.625,9.667,12.625,2.958,,12.0,2.458,5.5,-1.1,-3.404,-5.5,201.375
2013-01-05,199.0,3.458,85.0,75.125,58.0,13.125,22.542,40.417,17.875,,6.0,2.875,4.25,-0.3,-4.121,-6.8,212.125
2013-01-06,202.292,3.833,85.0,68.125,46.0,19.125,24.792,57.417,32.625,,3.0,4.167,7.958,-1.2,-3.65,-8.3,221.417
2013-01-07,200.25,3.833,73.0,61.875,48.0,16.375,23.792,44.917,21.125,,0.0,2.875,8.458,2.6,0.212,-3.7,216.625
2013-01-08,193.417,3.292,90.0,72.917,52.0,8.625,16.208,19.167,2.958,,4.0,4.25,20.375,2.3,0.388,-3.1,202.042
2013-01-09,194.0,2.375,81.0,58.292,39.0,7.083,9.833,13.417,3.583,,1.0,4.792,11.042,-2.5,-5.046,-7.1,201.083
2013-01-10,194.136,2.087,59.0,48.583,39.0,5.364,6.864,9.227,2.364,,0.0,3.958,4.667,-4.9,-6.8,-7.6,199.5
2013-01-11,195.833,2.125,75.0,60.375,51.0,4.833,9.75,12.167,2.417,,0.0,4.125,7.333,-5.3,-6.521,-7.4,200.667
2013-01-12,194.167,2.208,87.0,73.333,51.0,5.042,10.458,12.208,1.75,,6.0,3.375,8.208,-4.7,-6.117,-8.8,199.208
2013-01-13,193.833,2.042,83.0,67.25,49.0,4.5,9.667,12.167,2.5,,12.0,3.75,5.583,-6.5,-7.488,-8.5,198.333
2013-01-14,197.083,2.917,80.0,57.375,39.0,9.0,17.25,24.625,7.375,,3.0,3.292,4.792,-1.1,-4.325,-7.3,206.083
2013-01-15,199.583,3.375,83.0,62.958,42.0,11.875,25.833,36.792,10.958,,0.0,2.5,6.833,-0.8,-4.471,-6.1,211.458
2013-01-16,199.583,3.167,79.0,60.583,37.0,10.208,24.292,34.292,10.0,,0.0,3.833,4.792,-1.3,-4.783,-6.6,209.792
2013-01-17,201.714,4.652,84.0,76.958,61.0,19.524,38.0,71.565,33.565,,10.0,7.348,15.375,-3.9,-7.312,-11.0,221.238
2013-01-18,209.167,6.417,81.0,71.625,56.0,35.417,46.625,114.667,68.042,,0.0,4.5,18.167,-1.9,-6.696,-11.6,244.583
2013-01-19,203.0,3.625,85.0,73.083,53.0,16.792,28.875,47.708,18.833,,3.0,4.083,10.792,-3.1,-6.062,-9.8,219.792
2013-01-20,212.913,8.217,85.0,77.391,65.0,42.087,48.913,130.174,81.261,,3.0,5.913,24.609,-4.8,-8.052,-10.7,255.0
2013-01-21,211.583,6.25,85.0,80.083,71.0,35.917,38.75,110.375,71.625,,7.0,5.042,23.208,-2.9,-7.021,-11.8,247.5
2013-01-22,197.292,2.75,86.0,76.917,58.0,9.667,18.875,28.958,10.083,,8.0,3.792,10.75,-2.9,-5.233,-6.9,206.958
2013-01-23,203.917,4.25,83.0,72.292,45.0,15.625,29.375,50.333,20.958,,4.0,5.0,11.458,-6.1,-7.771,-9.1,219.542
2013-01-24,200.174,3.783,90.0,79.125,69.0,15.565,27.652,40.739,13.087,,0.0,3.208,9.0,2.0,-1.508,-8.0,215.739
2013-01-25,202.833,5.125,89.0,70.125,59.0,19.0,27.458,46.917,19.458,,0.0,5.625,35.042,3.6,1.838,-0.7,221.833
2013-01-26,196.167,2.75,88.0,82.292,63.0,6.042,13.458,15.042,1.583,,6.0,5.125,17.875,-0.9,-2.712,-5.7,202.208
2013-01-27,197.292,2.333,85.0,62.708,43.0,7.417,12.208,14.5,2.292,,1.0,3.167,5.375,-2.8,-4.683,-6.7,204.708
2013-01-28,194.542,2.833,89.0,74.208,48.0,9.042,16.375,22.875,6.5,,3.0,3.583,9.625,2.4,-1.846,-7.4,203.583
2013-01-29,194.875,2.542,81.0,58.458,41.0,6.833,11.375,12.833,1.458,,1.0,4.25,8.708,-3.7,-6.171,-8.8,201.708
2013-01-30,195.917,4.083,86.0,72.292,39.0,15.583,24.417,37.667,13.25,,0.0,3.375,12.75,8.2,1.642,-4.8,211.5
2013-01-31,195.652,2.826,89.0,71.316,46.0,5.696,8.478,10.174,1.696,,5.0,3.783,12.208,1.4,-2.99,-6.4,201.348
2013-02-01,197.333,2.458,75.0,61.917,50.0,5.542,11.375,13.75,2.375,,0.0,3.542,7.417,-2.3,-4.908,-6.5,202.875
2013-02-02,198.583,2.542,84.0,70.542,62.0,6.667,17.125,19.75,2.625,,0.0,2.25,6.208,3.0,-2.067,-8.0,205.25
2013-02-03,196.167,2.625,84.0,61.875,45.0,6.5,11.875,13.958,2.083,,0.0,3.375,9.333,3.3,-1.571,-5.2,202.667
2013-02-04,198.222,2.5,85.0,71.875,44.0,7.333,17.125,20.458,3.333,,8.0,2.583,5.458,-3.8,-6.579,-9.0,205.556
2013-02-05,196.0,3.583,88.0,77.375,63.0,11.833,30.042,59.375,29.333,,2.0,4.208,7.0,-5.4,-8.612,-13.4,207.833
2013-02-06,197.292,2.875,86.0,68.083,57.0,10.583,18.792,26.625,7.833,,0.0,3.542,4.792,-5.6,-7.462,-9.4,207.875
2013-02-07,196.417,2.217,87.0,75.708,64.0,10.0,14.957,18.261,3.304,,0.0,4.125,5.458,-6.0,-7.646,-9.4,206.417
2013-02-08,206.042,5.0,88.0,74.875,60.0,24.833,41.125,79.333,38.208,,0.0,9.792,19.792,-6.8,-10.017,-15.2,230.875
2013-02-09,200.25,3.667,89.0,77.042,64.0,17.167,31.833,43.833,12.0,,0.0,7.875,11.792,-3.8,-6.671,-10.0,217.417
2013-02-10,196.958,3.0,90.0,82.583,63.0,14.042,26.25,33.5,7.25,,0.0,7.708,6.625,0.7,-3.233,-5.7,211.0
2013-02-11,203.292,4.667,89.0,82.875,70.0,24.958,36.042,65.792,29.75,,0.0,4.958,9.792,-0.1,-3.538,-5.9,228.25
2013-02-12,204.913,5.875,84.0,76.833,63.0,31.739,40.625,95.917,55.292,,0.0,6.75,14.417,-0.4,-4.133,-9.2,236.652
2013-02-13,195.917,2.667,89.0,80.292,68.0,10.875,20.917,28.0,7.083,,1.0,3.833,6.333,-0.9,-3.692,-5.4,206.792
2013-02-14,198.792,3.348,76.0,66.792,52.0,12.333,25.0,33.696,8.696,,0.0,3.957,7.292,-0.8,-4.212,-6.5,211.125
2013-02-15,200.375,4.083,90.0,75.833,67.0,16.542,32.167,48.917,16.75,,1.0,6.625,13.333,-1.6,-4.079,-6.9,216.917
2013-02-16,191.667,2.0,91.0,85.75,82.0,5.417,8.958,10.583,1.625,,0.0,1.25,3.708,0.2,-0.912,-2.0,197.083
2013-02-17,194.708,3.583,91.0,82.375,71.0,14.125,2.889,4.0,1.111,,0.0,1.417,8.917,-0.8,-1.933,-3.4,208.833
2013-02-18,197.167,4.444,88.0,80.833,71.0,16.5,,,,,0.0,2.333,14.0,-1.4,-2.692,-4.1,213.667
2013-02-19,195.826,2.7,86.0,80.5,72.0,12.545,10.375,10.625,0.25,,1.0,1.75,2.917,-0.5,-1.683,-2.7,208.455
2013-02-20,198.5,3.0,88.0,72.292,55.0,8.833,17.625,26.208,8.583,,0.0,3.417,5.125,0.0,-2.475,-4.1,207.333
2013-02-21,196.292,2.958,90.0,84.208,70.0,7.417,15.304,19.087,3.783,,1.0,2.583,4.955,-1.1,-3.583,-6.2,203.708
2013-02-22,200.375,3.542,89.0,79.625,64.0,12.917,25.75,41.583,15.833,,0.0,3.167,6.833,0.2,-2.717,-6.8,213.292
2013-02-23,203.167,3.958,87.0,80.208,66.0,15.25,28.125,39.667,11.542,,0.0,2.792,7.375,0.8,-2.267,-4.6,218.417
2013-02-24,210.083,7.958,85.0,73.292,58.0,38.917,53.5,107.75,54.25,,0.0,5.042,19.083,2.5,-2.071,-6.7,249.0
2013-02-25,210.083,6.792,87.0,75.083,58.0,38.958,47.875,91.458,43.583,,0.0,4.417,28.333,3.3,-0.867,-7.6,249.042
2013-02-26,199.652,4.708,83.0,71.0,59.0,19.087,35.625,44.833,9.208,,0.0,5.304,23.625,4.0,1.358,-1.3,218.739
2013-02-27,199.208,4.625,82.0,67.292,47.0,14.917,26.917,30.833,3.917,,0.0,3.364,39.19,7.7,2.296,-2.4,214.125
2013-02-28,193.25,2.917,88.0,60.125,47.0,8.375,11.955,13.682,1.727,,2.0,3.4,17.261,3.3,0.65,-1.5,201.625
2013-03-01,194.958,2.583,54.0,46.333,37.0,6.292,11.958,14.75,2.792,,0.0,4.917,6.5,1.9,-0.746,-2.8,201.25
2013-03-02,194.292,2.583,61.0,49.833,38.0,4.333,7.125,9.375,2.25,,0.0,4.375,5.375,-0.5,-2.5,-4.2,198.625
2013-03-03,196.708,2.792,81.0,61.708,42.0,10.792,15.583,18.667,3.083,,0.0,4.333,10.917,-1.3,-3.717,-5.3,207.5
2013-03-04,195.333,2.792,87.0,63.333,41.0,6.208,11.667,13.583,1.917,,3.0,4.125,11.75,-0.8,-2.917,-5.4,201.542
2013-03-05,197.783,3.5,89.0,85.333,79.0,10.348,21.583,29.0,7.417,,9.0,4.0,15.375,-0.2,-1.788,-3.5,208.13
2013-03-06,194.125,2.333,82.0,72.542,57.0,4.125,6.5,8.667,2.167,,4.0,3.958,8.875,-2.4,-4.171,-6.5,198.25
2013-03-07,193.625,2.292,81.0,65.5,50.0,6.25,9.762,11.286,1.524,,0.0,4.667,5.917,-4.3,-5.612,-6.8,199.875
2013-03-08,194.75,2.917,77.0,64.792,45.0,5.75,11.167,12.75,1.583,,0.0,3.958,7.708,-2.5,-4.433,-6.1,200.5
2013-03-09,195.875,3.125,90.0,69.375,33.0,7.542,14.583,16.083,1.5,,10.0,3.958,12.292,2.0,-2.233,-4.7,203.417
2013-03-10,193.583,2.875,90.0,70.625,54.0,5.125,9.458,11.208,1.75,,14.0,3.792,7.542,0.5,-1.933,-3.8,198.708
2013-03-11,195.542,3.0,87.0,74.042,53.0,9.75,18.625,26.375,7.75,,5.0,7.417,5.625,-0.1,-2.758,-6.4,205.292
2013-03-12,197.565,3.417,90.0,72.917,54.0,11.87,20.167,27.292,7.125,,0.0,5.0,9.708,0.1,-2.058,-4.9,209.435
2013-03-13,195.875,3.333,87.0,69.083,51.0,10.333,19.417,24.042,4.625,,1.0,5.083,6.792,3.0,-0.308,-3.2,206.208
2013-03-14,194.778,2.458,73.0,63.792,53.0,7.222,9.727,10.045,0.318,,0.0,1.783,4.625,1.6,-0.104,-1.2,202.0
2013-03-15,,3.333,88.0,71.125,48.0,,21.292,24.208,2.917,,2.0,2.792,7.375,1.7,-0.846,-2.5,
2013-03-16,,3.042,85.0,77.375,65.0,,15.417,16.5,1.083,,2.0,2.708,16.417,2.6,0.704,-1.4,
2013-03-17,198.786,3.208,78.0,61.125,46.0,12.714,20.5,22.333,1.833,,0.0,4.25,15.917,5.2,2.262,-1.8,211.5
2013-03-18,195.833,2.792,90.0,75.25,53.0,7.375,12.826,13.957,1.13,,3.0,2.208,14.208,4.1,2.171,0.4,203.208
2013-03-19,196.083,2.875,77.0,63.25,52.0,9.875,13.708,16.792,3.083,,0.0,3.0,8.667,4.3,1.508,-0.9,205.958
2013-03-20,202.292,3.5,88.0,65.333,41.0,17.5,23.792,35.208,11.417,,1.0,3.833,9.958,5.4,0.7,-2.9,219.792
2013-03-21,194.167,2.125,89.0,75.333,63.0,4.458,6.435,6.739,0.304,,6.0,1.625,5.167,-0.2,-0.904,-1.7,198.625
2013-03-22,195.542,2.417,86.0,76.917,64.0,5.833,9.083,10.292,1.208,,7.0,2.042,5.25,0.7,-0.038,-1.0,201.375
2013-03-23,200.792,3.25,78.0,62.792,46.0,13.75,18.417,24.542,6.125,,0.0,2.333,6.833,3.4,0.867,-2.7,214.542
2013-03-24,203.913,4.917,80.0,57.958,35.0,24.043,34.043,50.783,16.739,,0.0,5.208,21.913,11.3,4.625,-3.4,227.957
2013-03-25,200.708,6.625,81.0,64.708,50.0,27.875,38.833,49.375,10.542,,0.0,4.583,61.833,10.4,7.379,3.3,228.583
2013-03-26,209.083,8.208,90.0,73.542,43.0,40.875,37.292,67.375,30.083,,0.0,4.708,69.333,11.6,5.462,1.3,249.958
2013-03-27,200.208,5.542,92.0,72.167,34.0,19.792,26.25,32.583,6.333,,0.0,5.0,45.583,13.0,4.542,0.6,220.0
2013-03-28,195.25,3.958,87.0,75.292,59.0,11.083,18.913,20.522,1.609,,1.0,1.957,27.167,9.1,4.608,0.2,206.333
2013-03-29,196.542,3.792,89.0,64.75,37.0,15.875,19.625,22.833,3.208,,0.0,1.875,27.125,10.1,6.417,3.5,212.417
2013-03-30,196.708,3.0,90.0,72.125,54.0,11.292,14.25,15.458,1.208,,2.0,1.583,12.792,5.8,3.879,2.5,208.0
2013-03-31,194.304,2.292,89.0,70.667,52.0,6.0,6.667,8.167,1.5,,1.0,1.458,9.458,5.5,4.042,2.3,200.304
2013-04-01,195.125,2.375,77.0,48.917,28.0,6.917,10.542,11.167,0.625,,0.0,3.375,14.375,6.5,3.204,-1.0,202.042
2013-04-02,197.0,2.917,73.0,62.583,51.0,11.042,16.0,16.417,0.417,,0.0,2.167,16.167,9.0,5.425,2.4,208.042
2013-04-03,196.375,2.833,84.0,74.25,67.0,15.292,18.667,22.333,3.667,,0.0,2.125,14.25,9.4,6.338,1.7,211.667
2013-04-04,195.208,2.708,84.0,56.333,37.0,11.083,13.417,14.625,1.208,,0.0,2.625,12.25,7.8,5.696,2.6,206.292
2013-04-05,204.864,3.957,72.0,57.75,46.0,25.636,29.182,37.818,8.636,,0.0,2.25,12.292,8.0,4.35,0.1,230.5
2013-04-06,193.667,2.125,89.0,64.625,22.0,9.958,9.708,10.625,0.917,,2.0,1.25,9.5,10.3,7.146,2.5,203.625
2013-04-07,191.333,2.208,91.0,86.583,79.0,10.792,13.0,14.25,1.25,,56.0,0.958,4.0,10.4,9.179,6.5,202.125
2013-04-08,187.417,1.583,90.0,65.292,50.0,5.833,4.0,5.25,1.25,,0.0,2.125,2.625,6.1,4.767,4.1,193.25
2013-04-09,192.958,2.042,85.0,60.042,49.0,6.458,10.083,11.625,1.542,,4.0,1.875,10.833,7.5,5.283,2.6,199.417
2013-04-10,191.909,2.0,83.0,58.75,40.0,4.955,5.542,6.167,0.625,,0.0,1.375,10.625,8.4,4.812,1.8,196.864
2013-04-11,194.435,2.167,88.0,59.75,34.0,6.391,8.208,8.917,0.708,,2.0,1.542,10.125,7.7,4.417,0.6,200.826
2013-04-12,196.167,2.609,86.0,71.25,49.0,9.417,12.826,12.913,0.087,,8.0,1.522,7.042,5.6,3.033,1.6,205.583
2013-04-13,194.333,2.208,75.0,52.083,35.0,5.083,7.625,7.667,0.042,,0.0,1.167,10.208,9.2,6.383,3.3,199.417
2013-04-14,192.083,2.417,88.0,67.458,46.0,6.208,6.875,6.875,0.0,,6.0,1.208,11.958,11.5,8.108,5.3,198.292
2013-04-15,193.958,2.0,76.0,48.375,37.0,3.417,4.565,4.87,0.304,,0.0,1.458,14.25,7.8,5.479,2.8,197.375
2013-04-16,194.125,2.125,80.0,52.75,34.0,6.333,6.708,7.25,0.542,,0.0,1.375,13.375,9.7,6.433,3.2,200.458
2013-04-17,193.5,2.5,90.0,80.333,67.0,7.792,10.083,11.125,1.042,,2.0,1.833,8.375,6.6,4.062,2.3,201.292
2013-04-18,190.826,2.042,85.0,69.583,51.0,4.739,5.792,6.458,0.667,,3.0,2.542,10.542,7.9,4.75,2.5,195.565
2013-04-19,191.261,2.435,91.0,75.292,59.0,7.565,9.864,11.0,1.136,,10.0,2.917,9.167,5.5,3.354,1.0,198.826
2013-04-20,193.875,2.375,77.0,55.417,37.0,6.75,9.083,10.542,1.458,,1.0,0.958,6.042,10.0,5.654,2.5,200.625
2013-04-21,192.833,2.083,67.0,49.875,33.0,4.75,5.042,6.125,1.083,,0.0,1.0,6.375,10.4,6.917,3.3,197.583
2013-04-22,192.25,2.375,76.0,48.125,33.0,4.625,7.167,8.375,1.208,,0.0,1.667,11.333,12.5,8.471,5.3,196.875
2013-04-23,196.625,3.542,61.0,46.875,26.0,13.833,14.875,17.042,2.167,,0.0,1.875,30.136,15.3,10.362,5.0,210.458
2013-04-24,191.833,2.917,87.0,59.667,41.0,9.0,10.958,12.042,1.083,,5.0,1.75,20.833,11.9,9.433,7.4,200.833
2013-04-25,192.913,2.542,84.0,63.208,51.0,5.913,6.5,7.5,1.0,,0.0,0.875,5.125,10.6,8.708,7.0,198.826
2013-04-26,197.458,3.391,85.0,71.042,48.0,9.0,10.727,11.273,0.545,,3.0,1.087,15.875,11.9,8.312,5.7,206.458
2013-04-27,192.875,2.625,88.0,80.917,72.0,6.0,7.25,7.833,0.583,,6.0,0.917,8.792,8.0,6.85,5.8,198.875
2013-04-28,193.042,2.0,87.0,79.792,70.0,2.667,2.833,3.0,0.167,,11.0,0.75,7.458,6.7,5.321,4.2,195.708
2013-04-29,193.417,1.875,87.0,79.167,70.0,3.542,4.5,5.208,0.708,,4.0,1.25,8.667,7.0,5.496,5.0,196.958
2013-04-30,194.542,2.208,88.0,79.708,71.0,6.875,11.792,12.75,0.958,,4.0,1.208,3.375,6.1,4.838,4.1,201.417
2013-05-01,195.083,2.083,85.0,75.583,61.0,6.0,8.833,10.292,1.458,,2.0,0.75,2.125,7.7,5.367,3.3,201.083
2013-05-02,189.565,2.0,83.0,68.833,59.0,3.261,4.625,5.5,0.875,,2.0,1.375,3.875,6.3,4.55,3.0,192.826
2013-05-03,189.083,2.087,87.0,83.125,79.0,2.917,6.957,7.043,0.087,,17.0,1.792,5.25,5.7,4.458,2.4,192.0
2013-05-04,190.417,2.042,87.0,83.25,75.0,4.25,7.417,7.667,0.25,,2.0,1.417,4.542,8.2,5.812,4.5,194.667
2013-05-05,192.75,2.208,89.0,75.917,58.0,5.833,11.625,12.292,0.667,,6.0,2.333,5.083,11.3,7.512,4.7,198.583
2013-05-06,192.417,2.042,92.0,79.333,58.0,4.917,8.0,8.083,0.083,,17.0,1.333,3.75,7.5,5.779,3.6,197.333
2013-05-07,192.167,2.0,67.0,57.083,43.0,1.875,4.348,4.87,0.522,,0.0,1.083,2.708,8.1,5.058,2.7,194.042
2013-05-08,190.833,2.083,76.0,57.25,38.0,3.875,6.458,6.958,0.5,,0.0,1.708,1.792,11.2,7.383,3.7,194.708
2013-05-09,191.0,2.208,78.0,61.0,38.0,8.217,11.458,13.417,1.958,,0.0,2.25,5.75,16.7,11.0,5.9,199.217
2013-05-10,189.167,2.0,84.0,58.125,41.0,6.75,7.909,8.591,0.682,,0.0,1.739,7.417,17.0,12.292,7.5,195.917
2013-05-11,186.542,2.0,85.0,77.0,66.0,4.083,3.417,3.417,0.0,,19.0,0.083,1.5,10.5,9.371,7.9,190.625
2013-05-12,187.792,2.167,85.0,76.208,64.0,5.667,5.792,6.0,0.208,,1.0,0.917,4.667,13.5,10.358,8.2,193.458
2013-05-13,188.458,2.042,87.0,75.708,69.0,5.5,5.625,5.957,0.435,,0.0,0.417,4.25,9.9,8.275,5.9,193.958
2013-05-14,191.375,2.458,87.0,76.792,65.0,8.208,10.042,11.0,0.958,,0.0,1.125,8.208,12.6,10.075,7.5,199.583
2013-05-15,190.625,2.25,90.0,78.583,62.0,7.542,10.0,10.458,0.458,,8.0,0.583,3.292,12.3,9.267,7.5,198.167
2013-05-16,190.391,2.083,90.0,82.208,70.0,7.348,7.25,8.0,0.75,,0.0,1.0,6.333,11.8,9.212,7.1,197.739
2013-05-17,189.375,2.043,87.0,67.167,30.0,7.417,6.364,7.091,0.727,,0.0,1.167,8.125,20.2,11.758,6.2,196.792
2013-05-18,189.5,2.125,89.0,68.167,24.0,8.542,8.292,9.375,1.083,,0.0,1.042,11.042,20.3,12.408,8.4,198.042
2013-05-19,188.458,2.0,84.0,66.375,49.0,5.667,5.042,5.542,0.5,,0.0,0.458,8.792,17.8,12.354,9.1,194.125
2013-05-20,188.083,2.167,88.0,76.0,64.0,7.875,10.083,11.708,1.625,,1.0,0.833,5.458,13.6,12.233,9.7,195.958
2013-05-21,187.875,1.917,86.0,68.917,38.0,6.75,6.833,7.792,0.958,,2.0,0.583,8.75,19.5,14.292,11.0,194.625
2013-05-22,189.417,2.708,87.0,78.542,56.0,11.917,12.917,15.083,2.167,,4.0,1.583,18.542,16.7,12.638,10.2,201.333
2013-05-23,188.826,1.875,90.0,85.875,78.0,5.217,4.333,4.375,0.042,,2.0,1.0,6.292,10.7,9.583,8.0,194.043
2013-05-24,190.591,1.783,85.0,72.292,56.0,5.591,6.818,8.091,1.273,,0.0,1.217,2.864,12.8,9.675,7.3,196.182
2013-05-25,192.25,2.25,81.0,66.292,53.0,10.292,12.708,15.875,3.167,,0.0,1.333,7.042,17.0,12.908,9.6,202.542
2013-05-26,190.583,2.0,81.0,62.667,48.0,6.125,5.75,6.75,1.0,,0.0,0.208,7.542,21.6,15.779,9.8,196.708
2013-05-27,192.0,2.708,72.0,56.083,40.0,15.75,17.958,20.75,2.792,,0.0,1.917,14.833,25.1,18.671,12.4,207.75
2013-05-28,191.167,2.208,76.0,60.625,43.0,9.5,6.625,7.75,1.125,,0.0,0.75,23.5,25.7,19.654,15.2,200.667
2013-05-29,187.167,1.375,81.0,76.75,72.0,4.042,2.667,3.625,0.958,,0.0,0.0,8.708,16.5,14.8,13.7,191.208
2013-05-30,188.522,2.0,86.0,68.375,39.0,8.348,7.75,10.667,2.917,,2.0,0.5,8.708,23.7,16.688,12.7,196.87
2013-05-31,192.0,3.0,79.0,55.292,34.0,12.583,11.364,12.182,0.818,,0.0,1.417,23.542,26.9,19.729,12.7,204.583
2013-06-01,191.458,2.5,79.0,56.417,29.0,11.25,10.083,11.375,1.292,,0.0,1.167,14.375,27.4,19.529,14.3,202.708
2013-06-02,189.375,1.708,86.0,69.208,51.0,6.0,3.917,4.75,0.833,,0.0,0.458,10.208,21.0,15.979,12.4,195.375
2013-06-03,188.833,1.5,88.0,74.208,61.0,5.0,3.75,4.792,1.042,,2.0,0.25,9.792,14.5,12.738,10.9,193.833
2013-06-04,188.917,1.25,81.0,72.958,55.0,4.417,2.667,3.708,1.042,,0.0,0.542,3.333,16.6,12.546,10.0,193.333
2013-06-05,189.542,1.333,83.0,76.042,64.0,5.375,4.083,5.375,1.292,,0.0,0.792,4.583,15.6,12.875,10.9,194.917
2013-06-06,187.957,1.5,86.0,75.25,59.0,6.435,4.917,6.333,1.417,,0.0,0.417,5.25,18.3,14.538,12.3,194.391
2013-06-07,190.292,2.304,88.0,62.917,35.0,14.333,11.455,13.091,1.636,,0.0,0.826,12.333,25.6,17.633,11.6,204.625
2013-06-08,187.875,2.167,74.0,59.458,41.0,10.75,7.208,7.625,0.417,,0.0,1.0,14.292,26.3,19.05,12.9,198.625
2013-06-09,187.792,2.042,88.0,71.792,47.0,7.292,2.958,3.125,0.167,,0.0,0.75,13.667,22.5,16.621,14.0,195.083
2013-06-10,188.458,2.25,83.0,69.667,44.0,9.917,8.583,9.583,1.0,,0.0,1.292,17.792,24.3,17.883,13.9,198.375
2013-06-11,185.458,1.417,83.0,67.958,52.0,8.958,7.625,10.042,2.417,,0.0,1.292,8.25,25.2,19.129,14.6,194.417
2013-06-12,185.708,1.292,81.0,67.083,51.0,6.625,4.667,6.042,1.375,,0.0,0.167,2.333,22.7,17.996,13.8,192.333
2013-06-13,185.043,1.208,82.0,68.792,57.0,7.261,4.708,5.75,1.042,,0.0,0.292,4.333,25.1,20.317,14.2,192.304
2013-06-14,187.125,2.261,90.0,80.667,75.0,18.042,15.304,21.304,6.0,,4.0,0.75,9.5,22.1,20.129,18.1,205.167
2013-06-15,185.5,1.708,92.0,83.167,61.0,10.667,8.667,9.375,0.708,,28.0,0.083,8.417,24.4,19.617,17.5,196.167
2013-06-16,188.833,2.208,91.0,79.667,61.0,14.708,9.125,11.25,2.125,,0.0,0.5,15.0,25.5,19.262,16.3,203.542
2013-06-17,184.958,1.708,88.0,77.167,62.0,9.5,7.583,8.542,0.958,,12.0,0.375,4.667,23.1,18.271,14.7,194.458
2013-06-18,184.042,1.75,87.0,77.417,65.0,11.667,10.542,14.0,3.458,,3.0,0.583,5.875,22.8,17.967,14.9,195.708
2013-06-19,187.5,2.458,88.0,80.583,61.0,13.417,10.25,12.667,2.417,,0.0,1.25,18.5,22.8,18.038,15.8,200.917
2013-06-20,185.696,1.208,91.0,82.875,70.0,6.739,3.417,4.125,0.708,,2.0,0.083,3.583,17.9,15.667,14.3,192.435
2013-06-21,188.048,1.696,87.0,79.0,67.0,9.19,9.682,11.591,1.909,,0.0,0.913,5.409,16.7,14.904,13.8,197.238
2013-06-22,187.5,1.708,92.0,83.458,73.0,9.083,7.292,8.375,1.083,,2.0,0.083,5.5,16.6,14.646,13.4,196.583
2013-06-23,190.208,1.75,86.0,66.833,47.0,9.625,6.5,7.583,1.083,,0.0,0.458,6.5,24.3,18.467,12.2,199.833
2013-06-24,191.522,1.958,83.0,71.375,52.0,9.435,6.958,8.417,1.458,,0.0,1.292,11.083,25.7,19.546,15.3,200.957
2013-06-25,191.792,2.0,84.0,71.625,57.0,11.333,9.667,11.25,1.583,,0.0,1.083,17.208,24.1,19.917,16.0,203.125
2013-06-26,192.625,1.917,90.0,76.917,64.0,12.75,7.75,9.25,1.5,,0.0,1.333,13.25,22.4,18.254,15.0,205.375
2013-06-27,194.25,1.875,90.0,85.833,79.0,11.125,12.208,17.042,4.833,,13.0,2.042,4.083,16.8,14.933,13.7,205.375
2013-06-28,189.174,1.261,85.0,73.75,61.0,7.652,6.364,7.909,1.545,,1.0,0.5,9.542,18.4,15.088,12.5,196.826
2013-06-29,189.292,1.333,79.0,67.583,48.0,7.875,6.292,7.625,1.333,,0.0,0.5,12.5,21.7,15.958,11.7,197.167
2013-06-30,189.458,1.375,84.0,68.958,53.0,7.25,5.292,6.167,0.875,,0.0,0.333,12.708,22.8,18.233,12.2,196.708
2013-07-01,189.792,1.75,84.0,69.167,54.0,10.292,9.167,10.917,1.75,,0.0,1.458,12.458,26.3,21.233,15.8,200.083
2013-07-02,189.75,1.833,84.0,68.833,51.0,9.708,6.958,8.708,1.75,,0.0,0.708,16.667,28.4,21.904,16.7,199.458
2013-07-03,185.167,1.0,86.0,80.333,74.0,4.417,2.917,3.375,0.458,,3.0,0.833,13.708,20.1,18.679,17.9,189.583
2013-07-04,185.542,1.417,87.0,77.25,69.0,7.292,4.042,4.958,0.917,,5.0,0.652,7.174,23.4,20.821,17.6,192.833
2013-07-05,186.87,1.87,88.0,78.875,72.0,9.696,8.909,10.682,1.773,,1.0,0.652,8.917,23.9,21.862,19.3,196.565
2013-07-06,187.833,1.958,88.0,75.375,60.0,13.125,9.5,12.125,2.625,,0.0,1.292,14.042,26.8,22.85,19.1,200.958
2013-07-07,191.875,2.333,85.0,73.583,54.0,9.542,4.833,6.042,1.208,,0.0,0.958,27.208,29.5,23.517,20.5,201.417
2013-07-08,197.833,2.292,90.0,73.167,45.0,13.875,10.042,12.333,2.292,,0.0,0.75,21.042,31.7,23.654,19.2,211.708
2013-07-09,186.167,2.292,87.0,73.333,61.0,16.458,12.542,17.083,4.542,,1.0,0.792,17.583,28.6,25.546,22.1,202.625
2013-07-10,187.458,2.042,91.0,79.5,54.0,13.25,9.542,11.417,1.875,,15.0,0.375,13.875,26.0,22.708,20.6,200.708
2013-07-11,194.833,2.625,84.0,71.958,49.0,18.083,13.375,16.167,2.792,,0.0,0.833,15.083,27.1,22.254,19.3,212.917
2013-07-12,198.826,2.435,85.0,73.208,50.0,18.826,12.773,16.091,3.318,,0.0,1.417,18.917,27.2,21.454,17.7,217.652
2013-07-13,195.542,1.917,82.0,67.542,44.0,13.292,7.833,7.917,0.083,,0.0,1.042,13.042,26.5,22.3,19.1,208.833
2013-07-14,191.708,1.917,85.0,70.542,52.0,9.792,4.75,4.792,0.042,,0.0,0.708,14.917,26.5,22.083,18.2,201.5
2013-07-15,191.167,1.667,86.0,72.25,58.0,7.833,2.875,2.875,0.0,,0.0,0.917,14.5,25.5,22.479,19.5,199.0
2013-07-16,191.083,1.708,87.0,74.625,64.0,9.458,4.824,4.941,0.118,,0.0,0.792,12.25,25.7,22.125,19.8,200.542
2013-07-17,190.708,1.167,81.0,71.875,64.0,7.708,5.958,7.083,1.125,,0.0,0.708,6.292,23.3,20.233,17.7,198.417
2013-07-18,190.167,1.208,76.0,62.292,44.0,5.917,4.833,5.375,0.542,,0.0,0.625,4.25,24.2,20.242,17.4,196.083
2013-07-19,187.957,1.435,79.0,66.917,47.0,11.391,7.81,8.762,0.952,,0.0,0.87,9.864,26.0,20.804,17.5,199.348
2013-07-20,193.833,1.792,82.0,68.333,39.0,15.208,10.5,12.708,2.208,,0.0,1.0,16.542,27.7,21.475,16.8,209.042
2013-07-21,189.083,1.292,79.0,63.417,41.0,10.833,7.0,8.333,1.333,,0.0,0.292,9.208,28.4,22.371,17.0,199.917
2013-07-22,183.917,1.125,80.0,71.5,58.0,8.417,7.208,9.125,1.917,,0.0,0.458,4.0,24.7,21.508,18.6,192.333
2013-07-23,183.417,1.208,84.0,66.417,42.0,11.167,7.292,9.458,2.167,,0.0,1.0,8.5,29.5,23.429,18.0,194.583
2013-07-24,181.333,1.0,84.0,73.5,60.0,7.083,4.042,5.667,1.625,,0.0,0.542,5.208,25.6,22.196,19.0,188.417
2013-07-25,184.583,1.0,83.0,75.917,69.0,4.5,2.792,3.292,0.5,,6.0,0.083,3.583,20.0,18.446,17.2,189.083
2013-07-26,184.211,1.0,79.0,71.875,62.0,6.263,3.318,3.818,0.5,,0.0,0.167,3.292,25.3,21.717,19.1,190.474
2013-07-27,183.458,1.0,87.0,74.958,62.0,6.125,3.167,3.583,0.417,,14.0,0.208,3.875,23.5,21.112,19.1,189.583
2013-07-28,183.625,1.208,89.0,77.042,71.0,7.708,5.708,7.417,1.708,,6.0,0.875,3.667,23.2,21.754,20.7,191.333
2013-07-29,184.042,1.375,89.0,79.792,67.0,9.125,8.417,10.333,1.917,,15.0,0.792,4.5,25.8,22.696,20.6,193.167
2013-07-30,186.458,1.833,79.0,69.5,54.0,9.167,7.5,8.708,1.208,,0.0,0.542,17.625,28.9,25.15,22.2,195.625
2013-07-31,185.375,1.583,83.0,69.708,55.0,11.833,7.792,9.625,1.833,,0.0,0.458,12.833,27.5,24.871,22.6,197.208
2013-08-01,187.208,1.333,85.0,75.917,61.0,13.583,8.833,14.208,5.375,,0.0,0.5,10.25,26.9,22.596,20.3,200.792
2013-08-02,187.409,1.174,84.0,72.917,59.0,11.727,6.381,9.19,2.81,,0.0,1.217,9.875,25.7,20.938,17.9,199.136
2013-08-03,182.958,1.167,82.0,70.833,60.0,6.875,4.0,5.167,1.167,,0.0,0.0,8.0,22.8,20.538,18.3,189.833
2013-08-04,185.25,1.042,79.0,66.875,52.0,6.792,3.25,3.583,0.333,,0.0,0.208,7.125,25.8,21.792,18.8,192.042
2013-08-05,183.75,1.125,84.0,70.167,63.0,7.818,3.667,4.375,0.708,,0.0,0.333,14.042,25.7,22.946,19.3,191.455
2013-08-06,185.167,1.583,82.0,72.292,60.0,9.458,7.333,8.625,1.292,,0.0,0.25,9.0,29.2,25.938,22.8,194.625
2013-08-07,187.125,1.833,85.0,75.833,57.0,11.083,7.25,9.208,1.958,,1.0,0.333,28.083,29.6,25.158,22.5,198.208
2013-08-08,191.083,2.667,86.0,71.083,58.0,12.833,9.208,10.667,1.458,,0.0,0.583,35.875,28.9,25.679,22.5,203.917
2013-08-09,189.0,2.087,89.0,82.667,76.0,11.174,6.826,7.13,0.304,,27.0,0.125,12.5,23.9,22.858,21.9,200.174
2013-08-10,189.25,2.25,87.0,81.708,74.0,16.917,8.833,10.583,1.75,,0.0,0.167,15.583,25.4,23.425,22.1,206.167
2013-08-11,188.083,1.792,84.0,77.792,65.0,11.375,3.375,3.458,0.083,,0.0,0.125,11.083,27.6,24.138,21.9,199.458
2013-08-12,193.583,2.75,88.0,78.833,59.0,19.083,9.875,12.917,3.042,,8.0,0.583,21.542,28.7,24.058,22.2,212.667
2013-08-13,186.833,1.542,86.0,74.667,65.0,12.042,5.208,5.542,0.333,,0.0,0.167,6.333,25.2,23.358,21.6,198.875
2013-08-14,191.208,2.0,83.0,77.583,70.0,13.25,5.917,6.333,0.417,,0.0,0.083,19.292,26.6,24.238,22.6,204.458
2013-08-15,191.708,2.0,85.0,77.625,65.0,12.792,4.792,5.167,0.375,,0.0,0.083,36.208,28.6,25.212,23.3,204.5
2013-08-16,187.609,1.826,84.0,72.083,52.0,12.348,6.435,7.522,1.087,,0.0,0.0,32.591,30.7,26.388,23.7,199.957
2013-08-17,185.583,2.125,88.0,81.583,77.0,10.5,7.542,7.875,0.333,,7.0,0.0,39.667,25.9,24.85,23.3,196.083
2013-08-18,186.167,2.042,90.0,77.583,54.0,10.792,7.917,8.708,0.792,,16.0,0.0,24.125,29.9,25.683,23.2,196.958
2013-08-19,193.792,2.792,90.0,76.542,48.0,17.5,13.458,16.125,2.667,,24.0,0.375,30.5,31.1,25.492,22.4,211.292
2013-08-20,195.292,2.75,83.0,73.625,51.0,14.042,10.667,12.375,1.708,,4.0,0.625,10.958,27.8,23.542,20.4,209.333
2013-08-21,196.042,2.375,87.0,74.583,61.0,14.0,10.25,12.708,2.458,,12.0,0.417,4.875,25.1,22.154,19.0,210.042
2013-08-22,194.417,2.292,85.0,72.958,57.0,14.333,9.042,12.208,3.167,,0.0,0.5,7.208,26.3,22.962,19.9,208.75
2013-08-23,191.391,2.087,80.0,71.917,60.0,11.478,8.0,9.696,1.696,,0.0,0.625,10.417,26.6,23.4,20.8,202.87
2013-08-24,191.583,3.0,88.0,79.917,69.0,12.125,10.625,11.917,1.292,,12.0,0.333,10.917,24.2,21.504,19.8,203.708
2013-08-25,192.417,2.708,90.0,78.458,58.0,13.958,8.333,9.75,1.417,,22.0,0.458,7.042,25.1,21.317,18.6,206.375
2013-08-26,188.25,2.042,82.0,70.333,61.0,7.0,3.833,4.333,0.5,,0.0,0.208,4.208,23.0,20.829,18.9,195.25
2013-08-27,191.217,2.174,90.0,77.348,63.0,11.826,10.783,12.348,1.565,,32.0,0.783,7.435,24.9,19.826,16.9,203.043
2013-08-28,190.792,2.083,91.0,62.5,45.0,10.833,6.25,6.958,0.708,,9.0,0.375,5.083,23.2,19.842,16.4,201.625
2013-08-29,194.75,2.208,85.0,63.042,53.0,12.125,8.125,10.042,1.917,,3.0,0.75,5.958,23.6,20.017,16.1,206.875
2013-08-30,191.87,2.227,91.0,86.458,79.0,12.478,9.65,10.85,1.2,,22.0,0.435,4.375,21.9,18.862,16.1,204.348
2013-08-31,193.542,2.042,89.0,84.0,75.0,10.792,8.542,10.417,1.875,,4.0,0.833,5.958,22.1,18.583,16.4,204.333
2013-09-01,191.833,1.792,90.0,79.5,68.0,8.833,5.292,6.208,0.917,,4.0,0.167,3.042,23.4,19.283,15.9,200.667
2013-09-02,188.958,1.875,84.0,80.5,76.0,8.792,6.208,7.0,0.792,,0.0,0.75,4.625,21.3,19.879,19.1,197.75
2013-09-03,191.875,2.292,90.0,84.333,78.0,14.5,13.625,16.625,3.0,,3.0,0.875,3.708,22.2,20.433,18.8,206.375
2013-09-04,192.792,2.292,92.0,89.667,82.0,15.125,14.417,18.25,3.833,,48.0,0.458,6.75,24.1,21.238,19.3,207.917
2013-09-05,187.174,1.667,89.0,62.708,43.0,8.913,4.958,5.5,0.542,,5.0,0.167,4.292,25.0,22.021,16.8,196.087
2013-09-06,189.0,1.826,90.0,74.875,59.0,8.591,7.348,8.174,0.826,,11.0,0.417,3.667,20.4,17.942,16.1,197.591
2013-09-07,194.0,2.471,87.0,80.294,73.0,15.647,13.588,15.706,2.118,,0.0,0.882,9.118,20.9,18.153,15.6,209.647
2013-09-08,198.292,2.167,90.0,74.208,57.0,16.167,8.125,11.5,3.375,,0.0,0.708,7.333,23.5,19.858,17.2,214.458
2013-09-09,190.958,2.0,83.0,70.208,54.0,12.875,8.833,10.5,1.667,,0.0,0.917,5.833,23.7,19.842,16.1,203.833
2013-09-10,196.375,2.375,79.0,68.75,50.0,15.625,11.792,14.167,2.375,,0.0,1.25,9.25,25.1,20.408,16.1,212.0
2013-09-11,194.083,2.125,80.0,73.292,65.0,10.875,8.5,9.333,0.833,,0.0,1.042,13.792,24.2,21.088,17.6,204.958
2013-09-12,200.0,2.75,84.0,73.042,54.0,14.417,12.083,13.375,1.292,,0.0,0.875,15.667,25.8,21.492,18.6,214.417
2013-09-13,194.261,2.261,81.0,59.458,36.0,13.542,9.522,11.522,2.0,,0.0,0.696,11.739,27.4,20.983,15.1,207.565
2013-09-14,192.0,2.792,89.0,79.458,66.0,13.87,9.958,11.875,1.917,,11.0,0.0,16.333,27.1,22.971,19.2,205.87
2013-09-15,189.667,2.083,90.0,82.208,75.0,11.833,8.333,8.917,0.583,,26.0,0.0,13.792,23.2,21.7,20.7,201.5
2013-09-16,188.917,1.875,92.0,84.5,61.0,10.042,9.375,9.875,0.5,,37.0,0.0,7.292,20.3,17.704,16.2,198.958
2013-09-17,189.958,1.542,63.0,48.625,30.0,6.333,5.5,5.917,0.417,,0.0,0.292,6.833,23.9,19.379,15.5,196.292
2013-09-18,191.833,1.625,72.0,52.292,34.0,10.042,7.0,8.0,1.0,,0.0,0.208,3.375,21.5,17.654,14.0,201.875
2013-09-19,192.667,1.667,63.0,49.167,35.0,8.5,7.292,7.917,0.625,,0.0,0.25,3.208,20.9,17.579,13.9,201.167
2013-09-20,192.333,2.217,71.0,64.25,56.0,9.375,7.217,7.783,0.565,,0.0,0.792,14.75,23.1,19.288,14.4,201.708
2013-09-21,194.217,2.5,82.0,64.042,50.0,14.826,11.25,14.083,2.833,,0.0,0.625,18.875,23.2,19.538,16.8,209.043
2013-09-22,191.833,1.417,74.0,58.083,46.0,6.75,4.25,4.75,0.5,,0.0,0.167,1.75,19.6,16.608,13.0,198.583
2013-09-23,193.75,1.458,77.0,70.75,62.0,8.875,5.667,7.417,1.75,,0.0,0.542,5.208,19.7,15.838,10.6,202.625
2013-09-24,189.75,1.542,84.0,73.042,64.0,8.333,7.542,8.333,0.792,,5.0,0.333,8.542,20.3,18.321,15.3,198.083
2013-09-25,188.542,1.917,90.0,84.708,69.0,10.875,9.792,10.958,1.167,,34.0,0.292,3.875,15.5,14.225,12.0,199.417
2013-09-26,194.375,2.125,81.0,59.083,36.0,12.0,11.542,14.875,3.333,,0.0,0.417,3.417,17.0,12.779,9.6,206.375
2013-09-27,195.952,2.609,80.0,57.75,33.0,18.5,13.5,19.136,5.636,,0.0,0.783,3.875,18.1,12.929,6.9,214.905
2013-09-28,192.875,2.0,76.0,63.292,47.0,10.208,8.458,9.792,1.333,,0.0,1.083,5.458,20.8,15.392,9.6,203.083
2013-09-29,189.958,1.375,79.0,69.708,53.0,5.958,4.25,4.375,0.125,,0.0,1.042,8.0,21.8,18.279,14.9,195.917
2013-09-30,190.5,1.875,90.0,86.542,80.0,11.417,12.917,14.042,1.125,,12.0,0.833,8.75,18.0,16.808,15.2,201.917
2013-10-01,195.083,2.292,89.0,87.667,84.0,13.5,16.792,21.708,4.917,,4.0,1.042,5.542,17.7,16.504,14.9,208.583
2013-10-02,189.583,1.917,88.0,74.125,58.0,11.292,10.208,13.583,3.375,,0.0,1.417,5.458,24.1,19.45,15.8,200.875
2013-10-03,190.625,1.625,87.0,51.208,35.0,7.458,6.375,7.083,0.708,,0.0,0.292,5.792,18.2,16.004,12.5,198.083
2013-10-04,191.826,2.696,71.0,53.75,32.0,11.87,14.087,17.609,3.522,,0.0,0.708,7.25,18.8,13.692,8.7,203.696
2013-10-05,192.25,2.333,77.0,66.75,50.0,9.708,9.667,10.375,0.708,,0.0,1.042,8.208,21.4,16.508,10.5,201.958
2013-10-06,193.667,2.917,85.0,74.208,61.0,16.208,12.583,14.333,1.75,,0.0,1.083,16.542,20.5,16.196,12.8,209.875
2013-10-07,191.708,2.083,83.0,76.208,64.0,6.583,5.792,6.25,0.458,,0.0,0.458,16.083,19.7,17.304,13.2,198.292
2013-10-08,190.958,2.333,85.0,65.292,48.0,9.25,10.542,11.125,0.583,,0.0,0.833,13.583,20.3,16.95,13.0,200.208
2013-10-09,199.375,3.667,85.0,76.625,59.0,23.333,21.958,32.583,10.625,,2.0,1.5,12.458,14.6,12.683,10.3,222.708
2013-10-10,194.792,2.917,88.0,69.917,49.0,16.958,16.208,20.0,3.792,,0.0,1.375,11.625,20.7,14.888,8.3,211.75
2013-10-11,189.304,2.522,91.0,85.583,75.0,10.87,12.087,13.913,1.826,,20.0,0.957,9.455,19.0,16.871,13.4,200.174
2013-10-12,188.458,2.125,84.0,58.667,40.0,5.167,3.958,4.417,0.458,,1.0,0.583,9.583,20.4,16.167,11.0,193.625
2013-10-13,189.208,1.958,79.0,64.792,51.0,4.417,2.708,3.417,0.708,,8.0,1.083,4.458,14.2,11.804,10.5,193.625
2013-10-14,192.042,2.042,76.0,61.875,46.0,7.833,7.208,9.458,2.25,,0.0,0.917,6.125,16.6,13.679,9.8,199.875
2013-10-15,190.25,1.708,81.0,65.167,54.0,6.042,5.583,6.208,0.625,,1.0,0.917,7.083,15.5,12.196,8.9,196.292
2013-10-16,190.458,1.583,88.0,70.292,48.0,4.583,4.917,5.542,0.625,,37.0,0.083,1.917,8.2,6.817,4.5,195.042
2013-10-17,192.792,2.042,90.0,64.875,37.0,6.917,8.875,10.375,1.5,,15.0,1.5,7.542,11.9,8.038,5.3,199.708
2013-10-18,194.261,3.13,79.0,58.042,42.0,13.739,17.273,23.909,6.636,,0.0,1.625,12.75,14.6,10.088,6.8,208.0
2013-10-19,201.5,3.167,82.0,67.667,42.0,19.458,19.125,27.583,8.458,,0.0,1.708,18.792,15.6,9.475,3.8,220.958
2013-10-20,195.417,2.333,85.0,74.583,59.0,12.667,12.583,14.917,2.333,,1.0,1.833,12.5,15.7,11.1,6.5,208.083
2013-10-21,192.0,2.042,90.0,72.0,53.0,11.75,13.417,15.5,2.083,,6.0,1.333,6.792,15.3,12.425,10.2,203.75
2013-10-22,191.292,2.083,73.0,63.042,48.0,10.375,13.583,14.958,1.375,,0.0,1.917,11.542,15.3,11.529,8.4,201.667
2013-10-23,197.333,2.667,87.0,74.125,65.0,13.625,15.458,20.542,5.083,,0.0,2.25,20.75,14.9,11.125,6.6,210.958
2013-10-24,193.583,2.208,85.0,73.875,60.0,9.417,10.292,13.583,3.292,,0.0,1.625,12.875,14.0,11.288,7.9,203.0
2013-10-25,188.609,1.739,91.0,85.542,77.0,7.696,10.864,11.5,0.636,,22.0,0.522,3.417,14.7,12.692,9.4,196.304
2013-10-26,190.375,2.083,89.0,66.917,52.0,7.083,7.167,7.917,0.75,,3.0,1.0,10.5,12.7,11.042,8.8,197.458
2013-10-27,189.0,1.083,86.0,72.958,61.0,3.208,2.5,2.917,0.417,,23.0,0.875,2.792,9.8,8.617,7.4,192.208
2013-10-28,195.458,2.875,87.0,75.042,58.0,12.542,15.292,22.792,7.5,,6.0,1.5,5.0,11.8,8.512,5.8,208.0
2013-10-29,195.5,2.833,82.0,68.292,53.0,13.417,17.833,22.958,5.125,,0.0,1.833,13.75,14.7,11.304,6.1,208.917
2013-10-30,202.167,5.417,89.0,75.083,57.0,31.208,24.5,41.208,16.708,,0.0,3.042,38.0,15.4,11.962,9.2,233.375
2013-10-31,195.667,3.542,80.0,58.875,35.0,12.375,13.375,17.125,3.75,,0.0,2.333,28.458,15.5,11.554,7.4,208.042
2013-11-01,193.0,2.304,62.0,50.417,42.0,7.13,10.391,11.609,1.217,,0.0,1.708,14.625,12.2,9.925,7.4,200.13
2013-11-02,202.542,4.167,77.0,61.667,46.0,27.5,24.083,40.792,16.708,,0.0,1.833,12.292,13.6,9.8,4.3,230.042
2013-11-03,192.667,3.208,82.0,70.708,56.0,13.333,15.458,18.542,3.083,,2.0,1.583,10.583,14.7,11.467,8.3,206.0
2013-11-04,200.958,3.792,89.0,71.333,43.0,21.333,17.708,29.042,11.333,,2.0,2.208,16.5,13.1,8.825,4.6,222.292
2013-11-05,200.125,5.292,87.0,65.0,31.0,28.917,27.125,49.542,22.417,,0.0,2.958,22.708,15.3,9.888,5.1,229.042
2013-11-06,198.125,3.792,81.0,64.042,45.0,19.792,14.5,24.458,9.958,,1.0,1.458,19.042,15.6,12.0,5.4,217.917
2013-11-07,192.125,3.167,86.0,71.125,56.0,10.333,12.958,16.417,3.458,,5.0,1.417,10.542,15.5,12.679,10.2,202.458
2013-11-08,193.696,1.957,87.0,81.417,67.0,5.217,5.957,6.783,0.826,,56.0,1.826,4.043,10.6,4.708,2.6,198.913
2013-11-09,196.792,1.708,78.0,57.125,39.0,5.292,7.792,9.0,1.208,,1.0,1.167,1.292,9.8,6.408,2.7,202.083
2013-11-10,194.0,1.75,88.0,64.083,44.0,3.25,4.583,5.083,0.5,,16.0,1.5,6.542,12.0,6.546,1.8,197.25
2013-11-11,194.625,1.917,88.0,67.292,47.0,4.208,8.583,10.375,1.792,,5.0,3.125,2.542,2.4,0.083,-2.6,198.833
2013-11-12,195.667,2.083,87.0,64.0,43.0,7.875,12.583,16.875,4.292,,0.0,2.875,3.458,3.7,0.596,-1.2,203.542
2013-11-13,197.333,2.542,88.0,70.542,45.0,10.417,17.542,20.75,3.208,,2.0,2.25,5.292,4.4,1.467,-1.4,207.75
2013-11-14,202.75,3.125,76.0,59.042,42.0,18.0,21.167,33.458,12.292,,0.0,2.125,5.833,9.0,5.071,0.9,220.75
2013-11-15,191.826,3.217,79.0,70.292,59.0,13.217,18.957,23.652,4.696,,0.0,1.958,11.167,11.4,8.521,6.3,205.043
2013-11-16,197.0,4.708,76.0,66.125,54.0,23.042,27.458,38.25,10.792,,0.0,3.375,26.667,9.4,6.771,4.2,220.042
2013-11-17,197.708,3.875,79.0,67.958,52.0,21.667,20.833,31.042,10.208,,0.0,2.75,21.5,9.0,5.408,2.9,219.375
2013-11-18,195.833,3.25,86.0,76.708,61.0,13.75,18.792,26.375,7.583,,2.0,3.292,15.833,12.1,8.017,2.6,209.583
2013-11-19,197.25,3.958,87.0,80.917,72.0,21.083,25.792,41.875,16.083,,0.0,2.958,11.167,8.8,6.967,4.4,218.333
2013-11-20,192.792,2.708,83.0,61.583,40.0,10.125,13.75,15.625,1.875,,1.0,1.333,5.917,8.3,5.783,3.9,202.917
2013-11-21,190.292,2.5,86.0,67.125,52.0,9.417,12.583,15.458,2.875,,4.0,1.708,3.458,9.7,6.688,4.2,199.708
2013-11-22,193.143,2.261,79.0,71.708,60.0,12.095,12.0,14.571,2.571,,1.0,2.087,6.292,7.6,5.917,4.5,205.238
2013-11-23,193.75,2.875,77.0,66.125,48.0,15.125,18.167,24.958,6.792,,0.0,1.875,6.25,10.1,6.758,4.3,208.875
2013-11-24,197.042,3.333,74.0,62.833,51.0,14.542,17.333,23.875,6.542,,0.0,2.375,11.125,7.9,5.533,3.0,211.583
2013-11-25,193.125,2.167,86.0,72.542,51.0,8.458,10.125,11.417,1.292,,15.0,2.0,5.667,12.8,7.7,2.4,201.583
2013-11-26,191.833,2.583,65.0,52.708,42.0,4.875,3.583,4.0,0.417,,1.0,1.708,11.625,12.9,7.875,2.2,196.708
2013-11-27,193.458,2.417,87.0,65.792,52.0,9.0,12.125,16.0,3.875,,2.0,1.542,5.708,4.3,2.521,0.2,202.458
2013-11-28,193.042,2.458,92.0,78.958,54.0,9.208,13.958,16.792,2.833,,23.0,2.458,5.083,1.7,0.275,-1.7,202.25
2013-11-29,196.0,2.957,80.0,64.375,44.0,12.696,20.227,28.318,8.091,,0.0,1.917,4.042,4.0,0.696,-2.3,208.696
2013-11-30,194.583,2.292,88.0,67.417,50.0,7.667,13.25,14.583,1.333,,3.0,1.75,6.75,4.5,2.233,-0.6,202.25
2013-12-01,194.375,2.0,77.0,61.458,43.0,5.208,7.583,8.167,0.583,,0.0,1.458,3.875,2.7,1.604,0.2,199.583
2013-12-02,194.292,2.333,91.0,78.083,54.0,7.333,14.917,17.333,2.417,,4.0,1.833,6.667,4.8,2.138,0.8,201.625
2013-12-03,202.75,4.292,88.0,76.0,50.0,24.042,29.542,55.667,26.125,,2.0,3.833,12.708,3.3,1.617,-0.3,226.792
2013-12-04,203.792,3.667,79.0,65.917,55.0,20.208,28.917,42.083,13.167,,0.0,3.583,10.917,7.3,4.267,-0.1,224.0
2013-12-05,196.417,3.417,81.0,63.0,38.0,17.375,21.792,29.0,7.208,,0.0,3.417,12.875,10.7,6.388,3.2,213.792
2013-12-06,193.957,2.696,90.0,74.833,58.0,10.652,15.652,17.913,2.261,,3.0,1.522,7.913,4.6,2.646,1.0,204.609
2013-12-07,193.5,2.292,80.0,63.708,43.0,6.625,8.292,10.25,1.958,,1.0,2.542,5.125,2.8,1.017,-1.0,200.125
2013-12-08,194.583,2.417,88.0,66.333,51.0,7.167,10.375,12.083,1.708,,3.0,2.625,7.083,3.3,1.3,0.2,201.75
2013-12-09,196.0,2.292,84.0,58.667,43.0,5.833,12.875,14.75,1.875,,0.0,1.542,4.583,5.2,3.088,1.0,201.833
2013-12-10,198.542,3.375,92.0,87.792,83.0,16.208,26.208,37.667,11.458,,10.0,2.167,11.333,9.2,6.308,3.3,214.75
2013-12-11,190.333,1.833,87.0,64.167,41.0,4.875,8.25,9.25,1.0,,10.0,1.583,5.458,4.8,3.346,1.9,195.208
2013-12-12,192.917,2.208,80.0,68.333,46.0,7.625,13.083,14.667,1.583,,0.0,2.667,6.333,2.5,-0.25,-3.1,200.542
2013-12-13,194.087,2.174,91.0,80.792,59.0,6.435,14.826,17.913,3.087,,19.0,3.125,5.375,-1.4,-2.908,-3.8,200.522
2013-12-14,194.5,2.083,75.0,54.5,42.0,4.417,7.75,9.583,1.833,,0.0,4.75,7.583,-1.3,-3.1,-4.5,198.917
2013-12-15,192.417,2.0,89.0,80.5,63.0,3.792,4.625,5.542,0.917,,23.0,2.583,5.542,2.8,-0.804,-3.5,196.208
2013-12-16,194.625,2.583,87.0,71.625,59.0,8.75,15.292,19.167,3.875,,5.0,1.917,6.833,4.8,3.342,1.3,203.375
2013-12-17,198.042,3.542,72.0,65.0,48.0,15.25,24.042,36.833,12.792,,0.0,3.792,7.083,5.7,2.192,-0.3,213.292
2013-12-18,201.542,4.375,76.0,67.875,54.0,21.0,31.792,50.5,18.708,,0.0,4.375,6.583,4.3,1.6,-0.4,222.542
2013-12-19,199.583,3.042,75.0,67.583,59.0,13.292,31.208,44.0,12.792,,0.0,9.458,10.542,1.3,-0.258,-3.1,212.875
2013-12-20,193.652,2.87,74.0,63.708,51.0,12.913,25.391,30.565,5.174,,0.0,7.435,8.875,1.8,0.038,-1.3,206.565
2013-12-21,192.375,2.333,68.0,56.25,49.0,5.625,12.75,14.167,1.417,,0.0,1.792,3.167,1.3,-0.058,-2.2,198.0
2013-12-22,196.042,2.542,89.0,78.125,54.0,7.875,18.167,21.333,3.167,,16.0,2.417,4.292,-1.9,-3.121,-3.9,203.917
2013-12-23,195.833,2.833,87.0,83.0,75.0,11.0,20.958,28.208,7.25,,9.0,2.833,7.208,-0.4,-1.608,-3.2,206.833
2013-12-24,200.875,3.667,87.0,68.833,47.0,17.5,33.25,53.25,20.0,,0.0,8.75,10.625,0.7,-2.788,-6.1,218.375
2013-12-25,208.208,5.792,88.0,74.833,58.0,32.167,43.083,91.5,48.417,,6.0,5.208,13.042,1.5,-1.142,-4.7,240.375
2013-12-26,197.0,2.792,90.0,64.292,49.0,11.458,22.667,28.292,5.625,,1.0,2.833,6.833,5.4,2.704,1.0,208.458
2013-12-27,192.522,2.435,90.0,72.958,51.0,9.0,15.435,17.652,2.217,,3.0,1.542,6.087,4.5,2.262,-0.1,201.522
2013-12-28,193.0,2.042,87.0,75.375,53.0,3.542,7.875,9.542,1.667,,9.0,1.375,3.583,0.3,-1.788,-4.1,196.542
2013-12-29,196.333,2.667,88.0,72.542,48.0,7.083,16.042,20.75,4.708,,5.0,2.375,7.083,-0.3,-2.888,-4.8,203.417
2013-12-30,200.25,2.958,90.0,86.667,82.0,9.583,25.625,30.042,4.417,,10.0,2.417,9.083,-1.2,-2.083,-3.1,209.833
2013-12-31,201.125,2.75,83.0,67.5,57.0,8.042,15.75,20.667,4.917,,0.0,2.167,7.708,2.4,-0.129,-2.8,209.167
2014-01-01,198.625,2.833,79.0,65.583,55.0,7.292,15.625,17.333,1.708,,0.0,2.917,12.0,-1.1,-4.017,-6.5,205.917
2014-01-02,200.5,2.739,86.0,65.792,43.0,7.667,20.217,32.348,12.13,,9.0,4.783,9.0,-1.4,-5.583,-9.1,208.167
2014-01-03,201.5,3.0,74.0,56.875,42.0,12.0,20.458,39.708,19.25,,0.0,2.542,8.125,-2.3,-5.0,-8.7,213.5
2014-01-04,202.125,3.167,87.0,69.792,56.0,12.375,23.958,30.458,6.5,,0.0,2.208,11.292,-0.3,-2.346,-4.1,214.5
2014-01-05,210.478,6.333,88.0,74.625,60.0,32.391,39.792,88.125,48.333,,0.0,4.417,20.292,0.2,-2.888,-6.0,242.87
2014-01-06,195.833,2.792,86.0,74.958,51.0,6.75,13.083,14.333,1.25,,6.0,2.5,13.875,4.6,1.079,-5.0,202.583
2014-01-07,193.208,1.958,90.0,78.458,53.0,4.875,5.625,6.792,1.167,,19.0,1.458,9.667,0.8,-3.383,-8.3,198.083
2014-01-08,192.208,1.708,89.0,81.042,66.0,3.542,6.417,7.333,0.917,,18.0,1.042,6.875,1.5,0.733,0.0,195.75
2014-01-09,192.917,1.826,87.0,77.25,65.0,4.417,8.522,10.435,1.913,,17.0,1.625,5.667,1.8,0.629,-1.3,197.333
2014-01-10,192.667,2.083,88.0,68.708,44.0,4.417,10.375,12.583,2.208,,8.0,2.208,6.792,0.4,-1.088,-2.5,197.083
2014-01-11,192.417,2.0,90.0,72.917,53.0,3.208,5.792,7.292,1.5,,15.0,1.875,4.667,1.3,0.167,-1.1,195.625
2014-01-12,194.087,2.042,86.0,75.583,60.0,4.174,9.083,10.542,1.458,,4.0,1.0,5.125,2.2,0.971,0.3,198.261
2014-01-13,199.917,3.0,83.0,66.375,56.0,10.25,18.333,29.458,11.125,,3.0,2.583,8.917,2.3,0.033,-3.2,210.167
2014-01-14,213.667,6.5,79.0,63.458,42.0,32.083,45.25,106.375,61.125,,0.0,3.5,16.917,5.0,-0.471,-4.7,245.75
2014-01-15,211.083,5.625,86.0,68.375,51.0,24.542,42.583,68.75,26.167,,0.0,3.75,24.5,2.9,0.033,-1.8,235.625
2014-01-16,201.375,2.957,87.0,70.583,55.0,14.25,25.522,32.087,6.565,,4.0,1.913,10.958,0.2,-1.404,-2.9,215.625
2014-01-17,197.5,2.333,90.0,79.792,58.0,7.625,15.083,17.5,2.417,,27.0,0.625,6.042,-0.9,-4.004,-6.3,205.125
2014-01-18,197.75,2.5,84.0,71.667,61.0,6.125,13.208,17.958,4.75,,8.0,0.708,6.125,-3.6,-4.917,-6.4,203.875
2014-01-19,203.136,3.5,85.0,68.25,58.0,17.091,32.542,51.042,18.5,,1.0,3.25,10.625,-0.9,-2.875,-5.6,220.227
2014-01-20,197.042,2.25,89.0,75.542,44.0,6.875,13.792,16.292,2.5,,23.0,1.167,4.708,-1.5,-3.721,-6.6,203.917
2014-01-21,211.208,5.667,84.0,67.042,48.0,29.75,46.208,101.333,55.125,,0.0,2.5,14.083,1.7,-1.85,-5.4,240.958
2014-01-22,202.083,3.167,91.0,76.417,64.0,14.375,28.167,36.875,8.708,,2.0,2.208,12.375,2.0,0.008,-2.2,216.458
2014-01-23,195.167,2.043,90.0,84.083,77.0,5.958,10.435,11.652,1.217,,8.0,0.875,5.696,1.0,0.138,-0.5,201.125
2014-01-24,196.875,2.875,86.0,72.792,55.0,10.917,21.625,27.0,5.375,,2.0,2.0,7.958,0.8,-0.754,-2.4,207.792
2014-01-25,209.792,4.208,88.0,73.042,61.0,22.167,37.125,53.792,16.667,,1.0,2.042,12.875,1.2,-1.833,-6.4,231.958
2014-01-26,195.609,2.083,82.0,74.375,66.0,6.652,12.5,13.917,1.417,,0.0,1.333,7.917,4.0,2.108,-0.3,202.261
2014-01-27,194.917,2.958,87.0,71.875,51.0,8.417,10.875,12.667,1.792,,4.0,1.458,14.208,4.3,0.796,-5.0,203.333
2014-01-28,197.0,2.75,77.0,57.458,37.0,6.542,12.292,15.0,2.708,,0.0,2.75,10.667,-3.2,-5.138,-6.9,203.542
2014-01-29,200.208,2.5,62.0,53.75,34.0,7.333,17.25,20.417,3.167,,0.0,1.958,8.583,0.0,-2.846,-5.4,207.542
2014-01-30,198.292,2.217,81.0,68.917,56.0,7.083,15.652,18.478,2.826,,0.0,1.696,7.958,2.5,-0.346,-2.8,205.375
2014-01-31,198.625,3.167,80.0,64.667,49.0,13.583,22.125,36.083,13.958,,0.0,1.875,9.583,2.9,-0.438,-3.3,212.208
2014-02-01,192.958,2.0,88.0,72.167,59.0,3.167,2.958,4.083,1.125,,9.0,0.583,5.25,-0.7,-1.733,-2.9,196.125
2014-02-02,194.826,1.958,82.0,72.0,60.0,3.826,5.0,6.792,1.792,,9.0,0.875,7.292,-1.3,-2.092,-3.3,198.652
2014-02-03,198.708,2.125,78.0,59.542,51.0,6.083,10.208,13.417,3.208,,0.0,1.042,5.458,-2.3,-4.354,-7.0,204.792
2014-02-04,201.458,2.75,67.0,57.917,51.0,10.75,20.417,28.583,8.167,,0.0,4.542,8.208,-2.4,-6.442,-9.7,212.208
2014-02-05,202.208,3.208,70.0,61.833,54.0,14.25,26.958,38.958,12.0,,0.0,3.417,8.958,-2.8,-5.312,-7.8,216.458
2014-02-06,199.083,2.826,69.0,63.167,51.0,11.625,24.087,32.0,7.913,,0.0,6.333,7.25,-0.3,-4.404,-9.8,210.708
2014-02-07,203.792,3.667,80.0,69.75,52.0,19.0,28.583,44.375,15.792,,0.0,3.917,15.833,3.2,-0.475,-5.3,222.792
2014-02-08,193.625,2.125,90.0,80.625,69.0,6.375,9.583,10.5,0.917,,8.0,1.792,9.542,3.6,2.479,2.0,200.0
2014-02-09,197.75,2.0,80.0,51.375,31.0,4.375,4.417,5.667,1.25,,2.0,1.5,7.5,1.0,-4.762,-8.0,202.125
2014-02-10,,2.5,78.0,59.667,37.0,,11.958,15.167,3.208,,0.0,1.875,7.125,-4.4,-6.571,-7.5,
2014-02-11,,2.833,74.0,65.958,47.0,,21.917,28.167,6.25,,0.0,2.167,7.792,1.3,-2.371,-6.9,
2014-02-12,,4.417,88.0,76.042,42.0,,30.375,54.375,24.0,,1.0,2.542,14.917,3.3,-1.612,-5.0,
2014-02-13,,3.348,90.0,86.542,81.0,,24.957,36.043,11.087,,9.0,3.261,14.542,-0.7,-2.858,-5.7,
2014-02-14,,2.0,85.0,69.792,57.0,,5.458,6.917,1.458,,3.0,1.667,6.5,0.8,-0.838,-1.9,
2014-02-15,,2.0,78.0,69.417,61.0,,1.792,2.833,1.042,,7.0,0.958,8.833,2.1,0.617,-1.6,
2014-02-16,,2.25,85.0,75.208,61.0,,9.167,10.917,1.75,,0.0,1.833,10.375,2.2,1.825,1.4,
2014-02-17,,2.458,78.0,67.5,55.0,,19.542,24.625,5.083,,0.0,2.333,5.5,5.2,1.938,-0.4,
2014-02-18,,2.292,72.0,61.292,53.0,,13.5,15.958,2.458,,0.0,1.5,6.667,2.7,1.754,-0.9,
2014-02-19,,4.167,77.0,66.417,52.0,,30.125,53.292,23.167,,0.0,3.208,10.25,3.6,0.912,-2.0,
2014-02-20,194.4,2.391,66.0,56.458,45.0,13.0,14.957,17.783,2.826,,0.0,2.833,8.522,2.8,0.338,-2.2,207.4
2014-02-21,199.75,3.167,71.0,61.25,47.0,18.0,24.542,33.583,9.042,,0.0,3.708,13.917,2.9,-0.375,-3.7,217.75
2014-02-22,193.5,2.0,86.0,74.833,66.0,7.714,5.667,6.167,0.5,,2.0,1.208,10.75,3.2,1.762,-0.2,201.19
2014-02-23,194.542,2.875,87.0,61.833,34.0,10.25,8.917,10.083,1.167,,1.0,2.042,22.042,8.0,4.379,0.7,204.792
2014-02-24,196.667,3.042,87.0,71.0,56.0,12.708,14.958,17.083,2.125,,1.0,2.667,20.708,2.2,0.567,-1.3,209.375
2014-02-25,199.5,3.208,84.0,73.083,59.0,15.708,24.042,32.625,8.583,,0.0,2.417,9.125,0.9,-0.304,-1.8,215.208
2014-02-26,200.875,3.417,89.0,66.75,42.0,18.833,22.792,39.208,16.417,,1.0,2.917,9.542,3.3,0.508,-2.9,219.708
2014-02-27,195.87,2.565,89.0,78.333,59.0,9.696,10.522,13.391,2.87,,10.0,1.13,7.333,4.6,2.192,0.7,205.565
2014-02-28,198.083,2.417,85.0,71.125,54.0,8.25,9.708,11.333,1.625,,4.0,0.958,6.917,2.1,0.258,-1.8,206.333
2014-03-01,199.792,2.25,90.0,76.0,64.0,10.375,14.125,15.708,1.583,,1.0,1.5,5.208,1.5,-0.212,-3.8,210.167
2014-03-02,196.792,2.333,92.0,74.917,51.0,8.083,9.417,10.667,1.25,,9.0,2.583,11.042,3.7,1.529,0.2,204.875
2014-03-03,200.458,2.667,65.0,52.417,36.0,9.125,11.875,14.083,2.208,,0.0,2.667,17.292,4.8,2.479,0.0,209.583
2014-03-04,201.75,2.833,92.0,83.583,70.0,10.792,18.917,21.458,2.542,,7.0,1.636,11.429,2.1,1.104,-0.2,212.542
2014-03-05,198.0,2.652,92.0,82.0,69.0,12.182,9.045,10.636,1.591,,6.0,1.182,8.905,2.3,0.804,-0.8,210.182
2014-03-06,203.458,3.261,91.0,78.042,60.0,18.333,21.348,24.913,3.565,,1.0,2.458,14.042,4.2,1.483,-1.3,221.792
2014-03-07,200.417,2.042,89.0,84.667,78.0,10.708,8.667,9.708,1.042,,2.0,2.208,12.542,2.4,1.604,0.4,211.125
2014-03-08,205.417,3.25,89.0,71.333,51.0,18.333,20.0,24.833,4.833,,0.0,1.875,12.792,6.6,3.425,0.0,223.75
2014-03-09,198.167,2.208,89.0,78.208,63.0,10.875,9.125,10.042,0.917,,6.0,1.208,8.333,6.9,4.621,0.0,209.042
2014-03-10,200.0,3.208,93.0,87.5,69.0,18.917,24.625,31.5,6.875,,74.0,0.792,5.833,7.5,3.533,0.9,218.917
2014-03-11,194.917,2.042,88.0,71.042,63.0,7.75,4.667,5.75,1.083,,2.0,0.542,3.375,2.5,0.492,-0.9,202.667
2014-03-12,201.348,2.111,85.0,66.458,58.0,15.783,6.0,7.0,1.0,,0.0,0.625,4.667,3.0,1.083,-0.4,217.13
2014-03-13,203.917,3.5,91.0,85.708,70.0,20.458,13.875,13.875,0.0,,20.0,1.826,5.083,2.7,0.783,-0.6,224.375
2014-03-14,203.583,3.375,88.0,74.875,66.0,15.5,15.333,16.625,1.292,,1.0,2.083,5.792,4.1,2.275,0.4,219.083
2014-03-15,207.167,3.583,84.0,65.708,54.0,21.583,16.875,20.958,4.083,,0.0,1.458,11.125,5.7,2.85,-1.5,228.75
2014-03-16,201.455,3.125,82.0,65.833,53.0,15.0,13.273,14.864,1.591,,0.0,2.333,20.542,10.2,5.979,2.1,216.455
2014-03-17,200.875,3.458,85.0,73.208,55.0,17.625,17.583,19.083,1.5,,0.0,1.75,23.625,11.5,6.404,3.3,218.5
2014-03-18,200.042,3.125,79.0,62.417,54.0,15.333,13.375,14.792,1.417,,0.0,2.417,20.375,7.4,5.392,3.2,215.375
2014-03-19,200.783,3.667,79.0,63.958,46.0,20.609,23.958,28.417,4.458,,0.0,6.333,20.125,8.6,4.492,-0.4,221.391
2014-03-20,208.583,4.591,88.0,76.875,65.0,29.833,30.136,38.545,8.409,,0.0,1.833,15.318,6.9,3.642,0.4,238.417
2014-03-21,202.25,4.042,87.0,65.875,47.0,26.167,24.875,31.625,6.75,,0.0,2.083,18.708,10.1,4.817,-1.2,228.417
2014-03-22,194.292,2.458,85.0,68.833,48.0,12.5,7.458,9.417,1.958,,0.0,1.333,14.0,8.5,5.317,2.9,206.792
2014-03-23,192.167,2.0,84.0,60.208,44.0,9.458,3.208,5.042,1.833,,0.0,0.875,7.208,4.4,2.162,-0.3,201.625
2014-03-24,193.208,2.083,88.0,68.167,53.0,8.833,4.375,6.625,2.25,,1.0,1.083,5.542,3.2,1.567,-0.4,202.042
2014-03-25,194.375,1.917,83.0,68.333,58.0,6.083,1.833,3.75,1.917,,0.0,1.458,6.875,4.6,2.958,1.6,200.458
2014-03-26,197.348,3.042,68.0,55.542,45.0,16.348,16.833,22.292,5.458,,0.0,2.208,12.167,9.8,5.55,0.2,213.696
2014-03-27,196.333,4.043,79.0,64.667,48.0,19.833,20.957,23.826,2.87,,0.0,3.783,36.417,14.4,8.238,3.2,216.167
2014-03-28,197.542,4.375,75.0,60.583,45.0,17.375,13.417,13.875,0.458,,0.0,3.167,53.0,15.5,9.958,5.3,214.917
2014-03-29,192.083,3.042,81.0,70.167,43.0,13.583,6.333,6.5,0.167,,0.0,1.833,40.083,15.7,8.538,5.5,205.667
2014-03-30,194.75,3.042,83.0,69.0,51.0,15.458,9.667,9.958,0.292,,0.0,1.208,22.042,11.1,8.362,5.6,210.208
2014-03-31,194.917,3.542,90.0,71.167,57.0,17.25,14.083,14.667,0.583,,6.0,1.875,29.333,10.0,7.479,4.7,212.167
2014-04-01,196.833,3.167,76.0,58.583,44.0,8.958,10.917,12.333,1.417,,0.0,2.208,20.0,6.7,4.612,1.8,205.792
2014-04-02,200.167,3.458,70.0,54.167,39.0,14.5,17.792,21.708,3.917,,0.0,3.208,18.583,11.9,6.333,0.4,214.667
2014-04-03,194.625,2.375,86.0,67.917,51.0,6.417,6.875,7.958,1.083,,0.0,1.458,14.792,10.4,6.858,3.9,201.042
2014-04-04,193.875,2.391,90.0,85.875,76.0,6.167,7.409,8.273,0.864,,11.0,1.583,5.125,3.9,2.279,0.3,200.042
2014-04-05,193.083,2.0,87.0,65.583,40.0,2.875,3.833,4.917,1.083,,8.0,1.708,5.75,4.4,1.654,-0.7,195.958
2014-04-06,194.333,2.042,88.0,59.292,39.0,2.917,4.667,5.208,0.542,,0.0,1.875,8.5,4.1,2.733,0.8,197.25
2014-04-07,195.957,3.292,87.0,60.75,28.0,9.478,14.958,17.583,2.625,,0.0,2.458,23.75,8.2,4.333,0.1,205.435
2014-04-08,198.292,3.5,74.0,51.208,27.0,14.583,20.542,24.167,3.625,,0.0,3.917,13.583,7.4,3.788,-0.3,212.875
2014-04-09,196.875,3.375,68.0,42.792,26.0,11.958,17.458,19.042,1.583,,0.0,2.667,20.125,15.6,8.275,1.6,208.833
2014-04-10,194.125,2.417,88.0,72.958,62.0,7.125,8.667,9.417,0.75,,8.0,2.583,13.583,6.3,3.638,1.7,201.25
2014-04-11,193.542,2.043,86.0,53.125,34.0,4.75,5.545,6.273,0.727,,3.0,3.087,4.792,4.5,2.758,0.0,198.292
2014-04-12,193.333,2.083,65.0,50.625,33.0,3.792,4.292,4.542,0.25,,0.0,2.458,10.833,7.2,4.371,2.0,197.125
2014-04-13,193.792,2.375,74.0,61.583,46.0,4.792,6.375,6.667,0.292,,0.0,1.542,11.083,6.8,3.779,1.5,198.583
2014-04-14,196.174,3.458,70.0,39.25,17.0,14.783,21.333,24.292,2.958,,0.0,2.375,12.25,16.1,7.688,-0.5,210.957
2014-04-15,195.25,3.375,61.0,45.875,26.0,17.375,17.792,19.625,1.833,,0.0,2.583,23.292,14.6,8.946,3.5,212.625
2014-04-16,193.542,3.042,48.0,36.833,28.0,7.333,9.958,10.75,0.792,,0.0,3.208,27.542,7.2,5.862,2.9,200.875
2014-04-17,199.042,3.458,68.0,45.833,32.0,16.792,19.125,22.333,3.208,,0.0,3.083,20.542,8.4,4.867,-0.2,215.833
2014-04-18,195.417,2.739,74.0,57.042,45.0,17.708,13.182,15.545,2.364,,0.0,2.083,12.682,7.4,4.458,2.1,213.125
2014-04-19,193.375,2.333,70.0,53.5,37.0,4.708,5.292,6.375,1.083,,0.0,1.125,6.208,6.9,3.479,1.1,198.083
2014-04-20,197.792,3.0,78.0,57.625,23.0,15.167,12.792,16.292,3.5,,0.0,1.625,8.333,11.2,5.758,0.5,212.958
2014-04-21,193.565,2.458,72.0,51.083,22.0,7.957,10.458,12.458,2.0,,0.0,2.917,9.542,14.2,8.358,3.5,201.522
2014-04-22,194.625,2.542,83.0,66.708,43.0,9.542,9.625,11.083,1.458,,0.0,2.042,11.292,12.9,8.217,5.3,204.167
2014-04-23,190.792,2.0,83.0,71.875,44.0,5.833,4.792,6.042,1.25,,0.0,1.5,9.833,12.1,7.992,5.7,196.625
2014-04-24,195.5,3.292,89.0,54.083,28.0,13.458,14.208,17.833,3.625,,0.0,2.417,23.5,20.4,11.929,3.7,208.958
2014-04-25,201.333,4.13,65.0,45.583,19.0,21.583,19.591,21.273,1.682,,0.0,2.609,33.208,23.0,14.208,6.4,222.917
2014-04-26,201.042,4.083,67.0,39.625,22.0,19.917,17.875,20.125,2.25,,0.0,3.208,37.25,24.0,16.038,8.2,220.958
2014-04-27,194.458,3.208,54.0,34.667,17.0,13.667,9.542,10.625,1.083,,0.0,2.375,30.458,23.8,17.104,10.2,208.125
2014-04-28,192.609,2.458,71.0,58.167,38.0,5.783,4.958,6.167,1.208,,0.0,1.833,17.708,15.5,10.042,4.8,198.391
2014-04-29,194.917,2.167,65.0,42.0,27.0,7.125,7.792,9.375,1.583,,0.0,1.333,5.333,16.2,9.038,3.2,202.042
2014-04-30,192.542,2.25,82.0,54.583,30.0,7.833,7.25,8.958,1.708,,0.0,1.583,12.375,20.3,12.212,4.5,200.375
2014-05-01,190.375,2.708,85.0,75.625,63.0,10.792,12.125,14.125,2.0,,1.0,2.083,11.958,17.3,13.604,9.8,201.167
2014-05-02,191.182,2.391,90.0,76.208,56.0,10.0,7.682,7.727,0.045,,0.0,2.0,14.25,17.8,12.592,9.4,201.182
2014-05-03,191.625,2.583,87.0,67.875,46.0,6.333,4.542,4.667,0.125,,0.0,0.958,18.458,20.2,12.846,9.1,197.958
2014-05-04,195.792,2.5,71.0,43.875,21.0,5.125,4.875,4.875,0.0,,0.0,1.375,18.792,15.9,11.492,8.4,200.917
2014-05-05,194.583,2.208,85.0,57.333,31.0,6.25,5.917,5.917,0.0,,1.0,1.167,18.917,18.5,12.133,8.2,200.833
2014-05-06,193.875,2.083,74.0,47.375,26.0,4.625,3.042,3.042,0.0,,0.0,0.792,14.625,15.8,11.696,9.2,198.5
2014-05-07,195.083,2.417,65.0,52.292,38.0,6.0,7.826,7.913,0.087,,0.0,1.0,23.042,16.4,12.133,7.7,201.083
2014-05-08,199.708,3.167,73.0,48.208,30.0,13.125,12.833,13.833,1.0,,0.0,2.25,27.917,19.2,14.046,7.9,212.833
2014-05-09,193.435,2.783,86.0,75.792,63.0,8.391,7.682,8.091,0.409,,0.0,1.304,18.25,14.5,12.075,10.0,201.826
2014-05-10,192.875,2.208,88.0,72.792,38.0,5.167,4.333,4.75,0.417,,0.0,0.875,15.708,16.6,11.229,7.6,198.042
2014-05-11,197.083,3.208,77.0,51.708,29.0,15.0,13.167,14.333,1.167,,0.0,1.625,17.333,23.4,15.138,7.9,212.083
2014-05-12,197.0,2.542,68.0,43.667,20.0,14.083,11.917,13.75,1.833,,0.0,1.208,16.25,26.8,17.75,11.3,211.083
2014-05-13,191.667,3.042,80.0,64.042,46.0,6.5,6.375,6.708,0.333,,0.0,1.042,20.375,19.6,14.867,11.1,198.167
2014-05-14,194.792,3.917,81.0,64.125,40.0,10.542,10.708,11.167,0.458,,0.0,1.458,37.333,22.7,16.058,11.8,205.333
2014-05-15,195.542,3.75,87.0,73.667,60.0,14.167,11.458,12.292,0.833,,0.0,1.75,49.875,17.8,14.133,11.2,209.708
2014-05-16,193.304,2.565,90.0,87.542,82.0,7.261,7.773,8.091,0.318,,45.0,0.833,14.696,13.6,10.162,6.4,200.565
2014-05-17,191.333,2.0,87.0,81.083,70.0,12.208,4.667,5.0,0.333,,14.0,0.875,17.292,8.3,6.804,5.4,203.542
2014-05-18,192.542,2.042,86.0,76.292,64.0,3.875,3.75,3.792,0.042,,4.0,0.958,10.625,10.7,8.446,7.3,196.417
2014-05-19,196.083,2.333,88.0,65.417,42.0,9.083,9.542,10.708,1.167,,0.0,1.208,10.667,18.8,12.208,5.3,205.167
2014-05-20,196.667,2.75,85.0,61.958,36.0,12.958,12.625,14.167,1.542,,0.0,2.417,13.458,22.4,14.658,8.0,209.625
2014-05-21,194.375,2.917,89.0,75.125,64.0,11.708,11.0,11.458,0.458,,10.0,1.042,18.167,19.4,15.4,12.1,206.083
2014-05-22,194.208,2.083,76.0,63.5,50.0,8.375,7.5,8.292,0.792,,0.0,0.875,12.667,18.0,13.779,8.8,202.583
2014-05-23,191.652,2.13,76.0,63.542,47.0,7.478,6.5,7.227,0.727,,0.0,0.87,6.458,13.9,10.988,7.5,199.13
2014-05-24,192.917,2.5,83.0,68.083,48.0,11.625,10.833,12.667,1.833,,0.0,1.083,11.125,17.0,12.408,8.0,204.542
2014-05-25,191.083,2.25,86.0,80.5,70.0,9.708,5.792,7.125,1.333,,0.0,1.167,12.167,14.7,11.021,9.2,200.792
2014-05-26,191.125,2.0,84.0,73.5,62.0,3.875,2.375,3.375,1.0,,3.0,0.125,7.333,13.3,11.708,9.6,195.0
2014-05-27,189.792,2.333,85.0,70.75,50.0,6.667,4.958,6.417,1.458,,0.0,0.708,10.417,22.1,15.771,12.1,196.458
2014-05-28,189.833,2.375,83.0,64.75,50.0,9.5,8.0,9.583,1.583,,0.0,1.208,15.5,23.3,17.917,13.6,199.333
2014-05-29,192.625,2.875,74.0,56.792,35.0,9.75,9.75,11.0,1.25,,0.0,2.333,39.792,28.6,19.933,13.4,202.375
2014-05-30,194.783,3.348,90.0,69.0,45.0,11.87,10.81,10.905,0.095,,0.0,2.0,55.042,24.5,17.254,13.1,206.652
2014-05-31,195.708,3.125,90.0,60.792,30.0,13.0,10.75,11.375,0.625,,0.0,2.25,29.333,25.8,19.133,12.4,208.708
2014-06-01,192.75,2.333,72.0,56.708,36.0,9.125,7.375,7.5,0.125,,0.0,1.333,17.542,23.0,17.35,14.9,201.875
2014-06-02,193.875,2.833,64.0,46.417,29.0,14.833,13.958,15.208,1.25,,0.0,1.958,13.583,27.8,20.875,14.1,208.708
2014-06-03,193.958,3.083,65.0,44.417,23.0,12.792,10.667,11.292,0.625,,0.0,2.292,30.0,32.3,23.425,15.5,206.75
2014-06-04,199.042,3.208,78.0,50.708,26.0,21.583,18.208,20.167,1.958,,0.0,2.708,32.583,32.7,23.1,15.2,220.625
2014-06-05,191.125,2.0,74.0,51.625,30.0,6.333,4.25,4.708,0.458,,0.0,1.0,14.417,25.4,21.229,17.4,197.458
2014-06-06,190.438,2.174,75.0,63.292,43.0,5.375,3.455,3.864,0.409,,0.0,0.13,7.958,19.9,18.417,16.6,195.812
2014-06-07,190.0,2.0,74.0,69.417,63.0,4.583,2.167,2.667,0.5,,0.0,0.0,7.625,19.5,17.412,16.3,194.583
2014-06-08,190.042,2.0,89.0,80.083,72.0,8.958,4.958,6.292,1.333,,8.0,0.25,3.625,20.0,17.646,15.3,199.0
2014-06-09,187.292,1.625,91.0,80.292,66.0,6.417,4.667,5.958,1.292,,8.0,0.0,2.833,23.2,19.2,16.8,193.708
2014-06-10,188.042,1.5,82.0,76.0,68.0,5.375,3.292,4.333,1.042,,3.0,0.0,0.875,21.5,19.208,17.8,193.417
2014-06-11,187.5,1.542,87.0,77.417,68.0,5.5,3.458,4.417,0.958,,14.0,0.167,1.833,20.8,18.379,16.9,193.0
2014-06-12,186.417,1.708,90.0,82.458,72.0,7.875,5.917,8.083,2.167,,6.0,0.0,1.583,20.0,17.262,15.9,194.292
2014-06-13,189.261,2.261,91.0,88.833,85.0,12.87,11.955,13.5,1.545,,43.0,0.625,5.591,17.1,15.196,13.3,202.13
2014-06-14,192.125,2.083,92.0,78.625,53.0,11.375,8.458,10.0,1.542,,4.0,0.292,4.625,18.4,14.608,12.7,203.5
2014-06-15,191.792,2.25,90.0,83.25,67.0,13.792,8.625,10.667,2.042,,9.0,0.458,8.292,19.0,16.042,13.7,205.583
2014-06-16,192.333,2.167,90.0,88.167,83.0,11.667,11.375,12.875,1.5,,8.0,0.458,8.25,17.0,15.633,14.2,204.0
2014-06-17,193.083,2.25,90.0,81.75,67.0,12.583,11.125,12.792,1.667,,4.0,0.417,7.375,20.3,16.658,13.9,205.667
2014-06-18,195.958,2.25,90.0,83.417,71.0,13.125,10.292,11.667,1.375,,1.0,0.5,12.25,20.0,16.567,15.1,209.083
2014-06-19,190.625,1.875,88.0,82.208,73.0,5.583,3.708,4.333,0.625,,0.0,0.167,7.167,17.1,15.392,14.4,196.208
2014-06-20,188.348,1.783,90.0,79.792,70.0,4.739,2.957,3.391,0.435,,0.0,0.174,4.042,16.4,14.6,13.2,193.087
2014-06-21,188.917,1.792,85.0,77.0,66.0,5.583,2.958,3.417,0.458,,0.0,0.125,4.042,17.7,15.183,13.4,194.5
2014-06-22,188.917,1.875,86.0,76.5,53.0,6.417,3.083,3.625,0.542,,0.0,0.333,7.375,23.4,16.329,13.6,195.333
2014-06-23,188.667,1.542,89.0,74.833,60.0,5.083,3.333,3.958,0.625,,0.0,0.458,4.417,19.3,16.125,13.7,193.75
2014-06-24,188.375,1.75,80.0,70.667,45.0,6.625,4.542,5.5,0.958,,0.0,0.625,5.75,22.2,17.071,14.0,195.0
2014-06-25,190.417,2.208,85.0,69.333,50.0,12.292,9.167,10.625,1.458,,0.0,1.375,20.125,25.8,19.554,13.7,202.708
2014-06-26,191.375,2.0,87.0,67.458,46.0,10.292,8.208,9.875,1.667,,0.0,1.125,13.875,27.9,20.621,14.5,201.667
2014-06-27,190.143,2.0,79.0,68.958,54.0,7.333,4.227,4.682,0.455,,0.0,0.958,11.917,25.7,22.092,18.8,197.476
2014-06-28,186.458,1.667,81.0,73.625,63.0,6.542,2.5,3.042,0.542,,0.0,0.417,4.75,24.4,21.296,19.8,193.0
2014-06-29,187.542,1.25,82.0,69.667,54.0,6.708,2.458,3.0,0.542,,0.0,0.292,8.958,24.4,21.325,18.5,194.25
2014-06-30,190.625,1.833,85.0,65.083,45.0,9.333,6.792,8.167,1.375,,0.0,0.833,9.042,26.4,21.012,16.9,199.958
2014-07-01,193.773,2.042,80.0,69.792,49.0,15.545,7.458,10.458,3.0,,0.0,1.083,10.333,26.5,20.946,17.0,209.318
2014-07-02,190.083,1.917,83.0,73.25,57.0,9.083,5.333,6.25,0.917,,0.0,1.0,14.292,24.0,21.321,19.3,199.167
2014-07-03,193.292,2.167,84.0,74.542,61.0,12.625,8.625,10.125,1.5,,0.0,1.417,27.083,25.5,21.354,18.7,205.917
2014-07-04,190.062,2.0,82.0,66.375,49.0,9.312,6.682,7.455,0.773,,0.0,0.174,13.833,27.0,21.967,18.4,199.375
2014-07-05,192.667,2.0,76.0,65.458,53.0,10.292,7.375,8.875,1.5,,0.0,0.542,13.083,23.6,19.908,17.0,202.958
2014-07-06,191.75,1.875,81.0,72.542,65.0,9.125,6.292,7.375,1.083,,0.0,0.292,17.542,22.1,19.35,16.3,200.875
2014-07-07,190.182,2.042,83.0,71.75,52.0,10.409,7.5,9.292,1.792,,0.0,0.542,21.667,26.9,21.488,17.5,200.591
2014-07-08,191.625,2.042,83.0,72.458,58.0,10.917,6.542,7.958,1.417,,0.0,0.5,19.417,25.6,21.492,17.6,202.542
2014-07-09,190.333,2.042,84.0,73.917,57.0,8.75,5.792,7.083,1.292,,4.0,0.417,12.042,24.6,20.9,19.2,199.083
2014-07-10,188.542,1.875,91.0,82.458,74.0,7.625,7.792,9.0,1.208,,7.0,0.5,3.417,21.2,20.029,18.9,196.167
2014-07-11,189.833,1.696,91.0,79.833,66.0,10.167,6.864,8.818,1.955,,0.0,0.375,8.174,24.5,20.767,18.3,200.0
2014-07-12,186.208,1.5,83.0,75.417,65.0,10.792,5.417,6.0,0.583,,1.0,0.25,5.625,21.1,19.429,17.6,197.0
2014-07-13,190.333,2.042,85.0,74.708,60.0,12.667,6.5,7.708,1.208,,1.0,0.417,18.167,28.9,22.221,19.0,203.0
2014-07-14,192.261,2.625,87.0,71.208,57.0,12.435,9.542,10.458,0.917,,1.0,0.75,24.208,27.4,23.392,19.3,204.696
2014-07-15,197.833,2.583,85.0,61.875,46.0,15.25,11.25,12.667,1.417,,0.0,1.083,20.0,28.3,24.733,20.0,213.083
2014-07-16,200.917,2.792,82.0,65.417,49.0,15.542,10.375,12.167,1.792,,0.0,1.333,25.792,28.6,24.025,20.0,216.458
2014-07-17,200.583,3.042,84.0,70.542,55.0,12.083,6.125,6.875,0.75,,0.0,1.0,40.5,27.9,24.008,21.0,212.667
2014-07-18,195.708,2.304,87.0,67.958,53.0,10.542,7.364,8.227,0.864,,0.0,0.609,23.5,27.8,23.292,19.3,206.25
2014-07-19,191.833,2.0,78.0,68.417,60.0,4.292,2.125,2.583,0.458,,0.0,0.0,13.792,23.0,21.488,20.1,196.125
2014-07-20,188.417,1.0,79.0,65.458,51.0,4.167,1.542,2.0,0.458,,0.0,0.0,6.542,24.5,21.633,19.7,192.583
2014-07-21,187.609,1.0,76.0,60.667,50.0,3.565,2.333,2.917,0.583,,0.0,0.0,6.5,25.6,22.346,19.3,191.174
2014-07-22,187.125,1.5,88.0,75.5,64.0,8.5,7.958,10.083,2.125,,4.0,0.083,5.583,25.0,21.996,19.7,195.625
2014-07-23,192.042,3.167,91.0,83.708,69.0,21.542,18.75,25.792,7.042,,17.0,0.625,16.958,26.5,22.238,20.0,213.583
2014-07-24,192.542,2.583,88.0,66.25,47.0,17.333,11.333,14.917,3.583,,0.0,1.167,14.458,30.1,25.004,19.0,209.875
2014-07-25,195.875,4.391,75.0,53.375,31.0,13.625,10.273,11.409,1.136,,0.0,1.208,71.708,28.3,24.683,21.7,209.5
2014-07-26,195.292,4.833,90.0,75.125,57.0,17.542,14.167,16.292,2.125,,18.0,1.208,75.833,22.8,21.217,18.5,212.833
2014-07-27,188.417,2.542,90.0,83.25,67.0,9.417,4.75,5.792,1.042,,36.0,0.333,17.25,25.6,21.35,18.0,197.833
2014-07-28,189.565,2.167,89.0,74.792,61.0,6.783,3.958,5.083,1.125,,5.0,0.125,11.333,23.2,20.35,18.1,196.348
2014-07-29,199.125,3.917,85.0,61.417,41.0,17.708,13.708,16.958,3.25,,0.0,1.833,38.917,29.9,23.675,16.4,216.833
2014-07-30,197.75,4.042,80.0,61.0,42.0,15.458,11.667,13.667,2.0,,0.0,1.375,49.792,31.7,24.533,19.5,213.208
2014-07-31,196.292,3.333,75.0,64.083,50.0,15.042,11.708,13.5,1.792,,0.0,1.458,36.917,29.7,25.888,22.1,211.333
2014-08-01,194.75,3.087,82.0,69.333,46.0,14.75,8.391,10.13,1.739,,0.0,0.696,37.083,31.2,25.3,22.1,209.5
2014-08-02,198.208,3.042,84.0,67.875,44.0,12.083,6.792,8.042,1.25,,0.0,0.583,26.5,30.0,25.054,20.9,210.292
2014-08-03,190.708,2.625,83.0,72.458,59.0,12.083,6.458,7.625,1.167,,0.0,0.542,37.25,30.3,25.421,20.9,202.792
2014-08-04,186.304,2.167,85.0,75.042,58.0,13.478,11.125,14.417,3.292,,0.0,0.583,25.75,31.0,26.462,23.2,199.783
2014-08-05,184.542,2.333,91.0,87.125,80.0,13.625,11.042,15.417,4.375,,23.0,0.125,9.833,25.7,24.683,22.9,198.167
2014-08-06,186.0,2.042,91.0,85.208,74.0,13.625,10.208,11.958,1.75,,16.0,0.208,7.708,25.3,23.188,21.9,199.625
2014-08-07,190.708,2.583,92.0,84.958,69.0,16.333,14.458,16.25,1.792,,28.0,0.417,8.333,25.4,22.138,20.4,207.042
2014-08-08,193.304,2.565,91.0,79.75,64.0,14.696,12.13,13.435,1.304,,13.0,0.583,11.783,25.7,22.392,19.8,208.0
2014-08-09,201.292,2.375,88.0,71.542,53.0,11.5,6.875,7.792,0.917,,0.0,0.375,14.458,27.2,23.133,19.9,212.792
2014-08-10,192.75,2.083,90.0,75.583,59.0,7.5,3.792,3.917,0.125,,17.0,0.333,14.125,24.4,21.254,18.2,200.25
2014-08-11,185.667,1.792,92.0,78.833,62.0,7.375,4.5,6.083,1.583,,60.0,0.0,13.042,27.5,23.046,18.1,193.042
2014-08-12,191.833,2.542,81.0,60.958,41.0,7.708,3.792,4.167,0.375,,0.0,0.375,20.583,27.5,23.5,20.2,199.542
2014-08-13,194.792,2.5,79.0,62.958,39.0,9.333,5.708,6.292,0.583,,0.0,0.333,13.167,27.2,23.1,20.6,204.125
2014-08-14,195.875,2.333,78.0,66.667,48.0,9.875,5.25,6.208,0.958,,0.0,0.25,7.625,25.6,21.846,19.5,205.75
2014-08-15,197.087,2.435,82.0,73.042,64.0,10.087,5.409,6.727,1.318,,0.0,0.913,9.125,22.9,20.871,19.0,207.174
2014-08-16,194.292,2.417,84.0,69.917,55.0,11.792,4.833,5.792,0.958,,0.0,0.75,9.375,25.7,21.792,18.5,206.083
2014-08-17,193.125,2.083,80.0,69.208,54.0,7.208,3.917,4.833,0.917,,0.0,0.333,13.583,26.5,22.046,18.1,200.333
2014-08-18,193.083,2.167,83.0,76.708,67.0,8.958,6.75,8.292,1.542,,0.0,0.625,10.75,24.6,21.804,19.8,202.042
2014-08-19,192.375,2.25,91.0,86.667,82.0,8.542,8.333,9.917,1.583,,43.0,0.417,7.542,21.7,20.3,19.3,200.917
2014-08-20,191.292,2.083,91.0,82.417,66.0,9.0,6.667,8.5,1.833,,0.0,0.292,12.917,24.7,21.871,20.6,200.292
2014-08-21,192.083,2.25,84.0,71.875,52.0,10.0,8.208,9.917,1.708,,0.0,0.792,14.417,26.9,22.771,20.0,202.083
2014-08-22,191.571,2.174,90.0,81.875,74.0,7.333,6.045,6.909,0.864,,16.0,0.167,7.167,22.0,20.767,19.2,198.905
2014-08-23,189.292,2.333,89.0,77.208,49.0,6.792,5.042,6.292,1.25,,4.0,0.625,18.833,29.1,23.608,20.4,196.083
2014-08-24,194.042,2.458,85.0,66.75,51.0,8.5,4.292,5.25,0.958,,0.0,0.542,18.083,27.3,23.938,20.6,202.542
2014-08-25,192.75,2.042,91.0,73.0,60.0,6.458,3.792,5.125,1.333,,4.0,0.25,6.375,22.4,19.104,15.5,199.208
2014-08-26,192.542,2.0,69.0,57.042,46.0,5.75,3.083,4.167,1.083,,0.0,0.25,6.75,20.9,17.842,14.6,198.292
2014-08-27,195.0,2.125,75.0,65.792,51.0,8.458,7.25,9.25,2.0,,0.0,1.042,8.792,22.9,18.504,14.4,203.458
2014-08-28,204.875,2.375,85.0,69.583,53.0,13.875,9.25,11.917,2.667,,0.0,0.917,10.875,23.7,19.738,15.5,218.75
2014-08-29,193.087,2.304,81.0,61.583,35.0,10.478,7.955,9.591,1.636,,0.0,1.826,10.958,25.9,20.638,15.5,203.565
2014-08-30,192.5,2.083,75.0,59.0,29.0,7.583,6.208,7.083,0.875,,0.0,0.75,10.167,26.3,21.071,17.1,200.083
2014-08-31,191.292,2.167,79.0,62.458,42.0,10.667,6.667,7.167,0.5,,0.0,0.708,8.267,26.5,21.038,15.8,201.958
2014-09-01,192.0,2.083,78.0,62.042,48.0,9.042,7.292,8.292,1.0,,0.0,0.75,,25.8,21.038,15.4,201.042
2014-09-02,190.25,2.167,78.0,65.5,49.0,9.833,8.167,9.167,1.0,,0.0,0.0,,26.5,21.746,17.0,200.083
2014-09-03,191.292,2.0,79.0,67.583,55.0,8.833,6.833,7.917,1.083,,0.0,0.0,,26.2,21.467,17.0,200.125
2014-09-04,189.167,2.0,87.0,83.542,76.0,5.958,6.167,6.375,0.208,,13.0,0.0,,20.4,18.283,17.5,195.125
2014-09-05,191.217,2.565,89.0,79.667,67.0,12.435,10.864,12.773,1.909,,1.0,0.0,,25.9,22.046,18.6,203.652
2014-09-06,191.778,2.111,77.0,59.667,50.0,7.111,4.444,4.667,0.222,,0.0,0.0,,24.0,21.933,20.7,198.889
2014-09-08,189.188,2.0,75.0,66.812,57.0,7.812,5.688,6.625,0.938,,0.0,0.0,,23.6,21.406,19.4,197.0
2014-09-09,198.667,2.083,87.0,70.25,50.0,10.792,6.667,8.833,2.167,,0.0,0.125,,25.0,20.708,16.5,209.458
2014-09-10,191.042,2.0,87.0,76.625,67.0,6.25,4.917,5.583,0.667,,1.0,0.0,,21.3,19.575,17.7,197.292
2014-09-11,191.542,2.042,90.0,79.5,65.0,7.458,6.792,7.583,0.792,,55.0,0.0,,21.6,18.3,16.0,199.0
2014-09-12,192.292,2.348,85.0,74.542,48.0,10.583,11.045,12.0,0.955,,3.0,0.87,,23.8,18.508,16.1,202.875
2014-09-13,193.333,2.042,84.0,65.917,50.0,7.583,5.875,6.167,0.292,,0.0,0.083,,21.3,18.112,15.5,200.917
2014-09-14,199.0,1.917,79.0,62.333,47.0,6.167,4.958,5.083,0.125,,0.0,0.417,,18.7,15.633,12.3,205.167
2014-09-15,207.739,2.542,81.0,62.875,42.0,15.217,11.583,13.208,1.625,,0.0,1.083,,22.6,17.392,11.6,222.957
2014-09-16,218.217,2.083,83.0,69.25,43.0,8.13,7.125,7.5,0.375,,9.0,0.667,,20.6,17.05,13.3,226.348
2014-09-17,246.333,2.208,78.0,62.708,45.0,9.083,8.583,10.167,1.583,,3.0,0.417,,18.7,14.654,12.2,255.417
2014-09-18,239.5,2.125,82.0,69.625,58.0,12.5,6.75,7.583,0.833,,11.0,0.292,,17.2,14.438,11.7,252.0
2014-09-19,217.667,2.0,85.0,73.542,58.0,7.667,5.591,6.5,0.909,,33.0,0.522,5.75,18.3,15.454,13.1,225.333
2014-09-20,,2.208,90.0,70.583,47.0,,7.917,9.75,1.833,,24.0,0.417,6.417,19.9,15.571,12.6,
2014-09-21,204.5,2.625,88.0,59.625,24.0,7.0,10.083,13.375,3.292,,0.0,0.75,8.25,22.6,16.55,10.7,211.5
2014-09-22,194.444,2.833,80.0,65.208,45.0,21.0,15.125,21.542,6.417,,0.0,1.208,12.167,21.7,16.646,11.7,215.444
2014-09-23,199.042,3.0,81.0,62.417,42.0,20.583,15.625,19.292,3.667,,0.0,1.458,17.042,23.3,17.712,11.4,219.625
2014-09-24,194.458,2.5,81.0,66.375,48.0,11.708,10.292,12.0,1.708,,0.0,1.083,17.292,22.4,18.062,13.2,206.167
2014-09-25,191.333,2.0,83.0,71.583,54.0,6.792,5.042,5.667,0.625,,0.0,0.333,12.417,22.0,18.225,16.1,198.125
2014-09-26,193.542,2.435,67.0,55.917,42.0,8.167,8.727,9.773,1.045,,0.0,0.435,7.455,19.4,16.012,12.1,201.708
2014-09-27,195.417,2.333,80.0,65.333,50.0,10.333,7.792,9.333,1.542,,0.0,0.917,10.917,19.7,15.362,9.9,205.75
2014-09-28,191.792,2.125,82.0,65.583,44.0,6.083,4.125,4.208,0.083,,0.0,0.583,13.25,22.5,18.446,13.9,197.875
2014-09-29,195.174,3.042,83.0,58.667,42.0,17.043,15.0,18.208,3.208,,0.0,1.208,12.333,19.6,15.354,11.6,212.217
2014-09-30,194.125,2.375,86.0,71.792,50.0,11.917,10.167,11.958,1.792,,14.0,0.792,7.958,18.3,12.742,9.2,206.042
2014-10-01,193.875,2.5,89.0,63.042,37.0,9.292,9.792,11.083,1.292,,7.0,0.667,7.292,17.2,12.083,8.1,203.167
2014-10-02,195.375,2.292,71.0,62.875,50.0,9.833,10.958,12.083,1.125,,0.0,1.083,8.708,16.4,13.442,10.3,205.208
2014-10-03,195.458,2.652,91.0,85.375,71.0,13.708,14.739,20.13,5.391,,24.0,1.833,15.833,16.0,13.112,10.5,209.167
2014-10-04,191.375,2.125,90.0,73.417,50.0,6.542,6.667,7.333,0.667,,20.0,0.875,8.167,14.5,12.908,11.1,197.917
2014-10-05,194.708,2.375,74.0,56.458,43.0,8.333,6.583,7.375,0.792,,0.0,0.917,11.708,16.1,13.046,10.8,203.042
2014-10-06,197.13,3.042,80.0,70.5,58.0,16.652,16.292,21.292,5.0,,0.0,2.333,13.708,12.9,10.6,8.4,213.783
2014-10-07,194.458,2.958,78.0,60.333,34.0,13.458,14.458,18.833,4.375,,0.0,2.042,12.0,15.5,10.979,6.4,207.917
2014-10-08,200.042,3.833,81.0,65.625,45.0,22.5,21.0,27.792,6.792,,0.0,1.583,19.417,18.5,12.775,7.0,222.542
2014-10-09,200.458,3.583,82.0,59.917,36.0,18.25,15.458,20.5,5.042,,0.0,1.625,23.708,18.6,14.438,8.2,218.708
2014-10-10,192.25,2.304,86.0,61.125,45.0,6.25,5.609,6.087,0.478,,12.0,0.783,15.682,14.7,12.688,11.6,198.5
2014-10-11,192.833,2.292,72.0,56.458,42.0,5.792,4.708,5.083,0.375,,0.0,0.458,12.583,14.3,12.146,9.0,198.625
2014-10-12,195.208,2.708,79.0,66.333,52.0,10.792,8.417,9.458,1.042,,0.0,1.083,8.042,17.9,12.196,7.0,206.0
2014-10-13,194.609,2.292,83.0,64.0,54.0,9.913,9.333,9.875,0.542,,0.0,1.0,13.25,14.2,11.988,9.4,204.522
2014-10-14,193.5,2.5,87.0,77.542,60.0,9.708,12.417,14.708,2.292,,14.0,0.708,9.625,9.4,8.333,7.2,203.208
2014-10-15,195.25,2.792,76.0,61.792,45.0,11.917,11.792,16.083,4.292,,0.0,1.25,7.167,14.1,9.888,5.5,207.167
2014-10-16,197.75,2.25,89.0,73.5,55.0,11.25,10.083,12.625,2.542,,16.0,1.083,8.25,14.0,10.596,5.3,209.0
2014-10-17,194.095,2.478,91.0,77.958,49.0,9.143,12.826,15.739,2.913,,32.0,0.875,6.958,12.4,11.096,9.8,203.238
2014-10-18,195.875,2.583,72.0,52.0,42.0,7.458,10.125,11.042,0.917,,0.0,1.708,15.0,14.4,10.967,6.9,203.333
2014-10-19,203.542,3.167,79.0,57.917,23.0,17.667,14.333,17.917,3.583,,0.0,1.958,14.167,19.8,11.904,3.7,221.208
2014-10-20,197.292,3.0,71.0,62.583,55.0,10.542,12.083,12.708,0.625,,0.0,1.958,20.182,18.9,15.708,12.5,207.833
2014-10-21,195.833,2.833,85.0,70.292,53.0,12.0,12.292,13.292,1.0,,0.0,1.458,22.333,15.0,10.258,6.8,207.833
2014-10-22,196.917,2.417,65.0,54.083,41.0,7.25,10.458,11.625,1.167,,0.0,1.417,13.125,9.0,6.279,3.7,204.167
2014-10-23,204.542,3.792,79.0,56.375,37.0,19.542,21.417,31.125,9.708,,0.0,2.333,16.875,12.4,6.875,0.4,224.083
2014-10-24,198.455,3.957,76.0,59.625,39.0,22.864,25.739,35.783,10.043,,0.0,2.826,13.667,16.7,10.612,4.9,221.318
2014-10-25,193.583,2.875,78.0,70.75,64.0,12.792,12.583,13.583,1.0,,0.0,1.292,19.167,18.3,14.696,9.0,206.375
2014-10-26,189.667,2.042,81.0,67.667,54.0,6.917,5.542,5.917,0.375,,0.0,1.292,21.167,21.3,17.775,15.2,196.583
2014-10-27,191.417,2.542,89.0,73.792,50.0,7.792,7.5,8.417,0.917,,8.0,1.208,12.818,16.9,9.338,3.8,199.208
2014-10-28,193.042,2.042,84.0,69.833,50.0,4.958,5.375,6.875,1.5,,10.0,1.5,2.708,7.7,4.792,3.0,198.0
2014-10-29,191.917,2.0,85.0,55.417,40.0,5.125,5.208,6.0,0.792,,2.0,1.833,6.458,9.8,7.121,3.3,197.042
2014-10-30,199.417,5.083,80.0,55.875,35.0,29.75,26.333,49.833,23.5,,0.0,3.167,10.292,14.6,8.929,2.7,229.167
2014-10-31,207.435,5.0,84.0,74.292,57.0,30.87,25.043,40.435,15.391,,0.0,1.917,27.364,15.9,10.571,5.1,238.304
2014-11-01,203.875,5.458,90.0,74.042,45.0,22.917,20.083,28.25,8.167,,0.0,2.417,43.125,15.7,10.95,4.7,226.792
2014-11-02,195.875,2.833,93.0,87.292,74.0,11.583,9.542,10.708,1.167,,3.0,1.042,16.0,16.3,13.779,10.8,207.458
2014-11-03,190.917,2.25,89.0,68.333,46.0,3.708,2.833,3.417,0.583,,11.0,0.875,5.75,14.5,6.221,1.7,194.625
2014-11-04,193.25,2.25,83.0,53.167,34.0,5.125,5.667,6.792,1.125,,2.0,1.917,11.125,9.8,6.592,1.7,198.375
2014-11-05,195.292,2.625,80.0,54.583,35.0,12.917,14.333,18.667,4.333,,0.0,2.125,13.542,16.8,11.429,6.3,208.208
2014-11-06,193.75,2.667,86.0,69.417,46.0,10.375,11.5,13.958,2.458,,2.0,1.625,18.583,16.0,11.462,7.5,204.125
2014-11-07,194.8,2.364,58.0,50.625,43.0,8.6,9.864,11.318,1.455,,0.0,2.826,10.042,6.9,4.262,3.1,203.4
2014-11-08,197.375,3.333,69.0,50.292,38.0,16.292,17.833,25.5,7.667,,0.0,2.333,20.458,12.5,8.621,5.9,213.667
2014-11-09,205.292,4.583,80.0,62.875,48.0,31.125,23.292,40.542,17.25,,0.0,2.833,16.875,14.6,10.008,4.7,236.417
2014-11-10,194.792,2.5,90.0,78.833,64.0,10.792,13.667,15.375,1.708,,10.0,2.083,15.292,11.1,8.988,6.0,205.583
2014-11-11,200.458,3.833,78.0,68.0,50.0,20.792,22.083,37.708,15.625,,0.0,2.333,16.667,12.8,7.779,3.1,221.25
2014-11-12,194.167,2.542,86.0,75.792,67.0,10.125,14.375,16.792,2.417,,7.0,1.917,12.458,12.8,9.504,5.6,204.292
2014-11-13,192.792,2.292,90.0,62.75,29.0,5.292,6.042,6.875,0.833,,8.0,1.208,11.917,10.3,4.571,0.0,198.083
2014-11-14,196.696,2.783,90.0,86.458,60.0,11.174,20.304,23.609,3.304,,17.0,1.417,8.125,0.8,-0.612,-1.4,207.87
2014-11-15,196.667,2.125,90.0,72.458,59.0,7.292,9.875,11.458,1.583,,5.0,1.833,7.167,1.8,0.05,-2.6,203.958
2014-11-16,197.458,2.542,73.0,59.625,49.0,9.625,13.0,15.625,2.625,,0.0,1.958,10.042,4.8,2.783,1.2,207.083
2014-11-17,201.917,4.042,74.0,59.833,50.0,18.375,27.542,41.958,14.417,,0.0,3.25,11.458,4.5,2.638,-0.2,220.292
2014-11-18,204.042,3.917,87.0,82.458,73.0,24.208,28.708,39.333,10.625,,5.0,2.583,13.125,4.3,1.908,0.4,228.25
2014-11-19,198.875,2.958,84.0,58.75,44.0,13.375,16.833,19.75,2.917,,0.0,2.792,13.875,5.8,3.879,1.7,212.25
2014-11-20,204.292,4.75,72.0,60.458,37.0,24.042,30.292,44.292,14.0,,0.0,3.083,22.667,9.0,4.346,0.8,228.333
2014-11-21,196.913,2.87,79.0,64.375,51.0,12.826,17.609,19.13,1.522,,0.0,1.696,11.125,9.7,6.558,1.8,209.739
2014-11-22,194.583,3.583,85.0,72.125,51.0,13.583,17.625,19.75,2.125,,1.0,2.375,15.333,13.2,9.104,5.9,208.167
2014-11-23,194.25,2.583,67.0,54.708,42.0,8.75,10.0,12.583,2.583,,0.0,2.875,11.167,6.8,3.988,0.6,203.0
2014-11-24,197.5,3.333,86.0,67.667,55.0,15.667,19.375,23.542,4.167,,2.0,2.125,10.042,8.5,4.471,0.8,213.167
2014-11-25,195.125,2.792,69.0,53.708,42.0,9.875,11.833,14.875,3.042,,0.0,2.333,14.208,5.6,3.729,0.0,205.0
2014-11-26,197.917,3.5,72.0,63.208,50.0,17.042,22.167,34.125,11.958,,0.0,3.333,10.417,7.8,2.767,-1.7,214.958
2014-11-27,204.167,5.375,87.0,72.708,59.0,33.417,27.292,61.375,34.083,,0.0,2.542,13.542,10.3,5.208,0.7,237.583
2014-11-28,204.565,5.739,84.0,69.292,60.0,36.565,29.609,64.565,34.957,,0.0,2.739,19.318,9.0,6.108,3.8,241.13
2014-11-29,198.75,4.208,80.0,70.958,60.0,22.292,24.208,29.833,5.625,,0.0,3.0,22.875,8.9,6.508,4.0,221.042
2014-11-30,201.0,3.417,86.0,76.333,64.0,13.75,16.958,22.042,5.083,,0.0,3.625,20.708,8.4,5.379,1.6,214.75
2014-12-01,191.917,2.542,87.0,74.75,42.0,6.833,8.917,9.833,0.917,,10.0,1.125,8.875,10.9,8.604,6.9,198.75
2014-12-02,191.875,2.125,64.0,48.75,38.0,3.833,3.333,4.542,1.208,,0.0,1.042,8.917,6.9,0.192,-1.8,195.708
2014-12-03,192.375,2.0,74.0,53.167,39.0,3.333,3.5,4.208,0.708,,0.0,1.0,6.292,0.7,-1.154,-2.1,195.708
2014-12-04,194.833,2.542,82.0,63.667,40.0,10.125,12.458,14.333,1.875,,0.0,1.625,7.625,1.3,-1.342,-3.1,204.958
2014-12-05,200.0,3.174,75.0,60.125,44.0,12.087,17.957,26.391,8.435,,0.0,2.261,8.958,0.2,-2.412,-3.9,212.087
2014-12-06,196.083,2.375,72.0,53.542,41.0,4.417,8.875,10.375,1.5,,0.0,1.208,4.375,-1.4,-3.271,-4.4,200.5
2014-12-07,197.042,2.292,86.0,65.042,48.0,4.333,8.792,9.917,1.125,,6.0,1.25,6.375,1.2,-1.662,-4.8,201.375
2014-12-08,202.5,3.958,87.0,69.208,46.0,19.542,28.833,45.417,16.583,,1.0,2.083,9.208,2.2,-1.067,-3.5,222.042
2014-12-09,202.458,4.375,89.0,76.667,61.0,25.458,26.667,52.375,25.708,,6.0,2.333,10.208,0.3,-1.992,-3.9,227.917
2014-12-10,199.875,2.917,81.0,65.833,50.0,9.458,19.042,22.375,3.333,,0.0,2.958,12.833,1.0,-0.929,-2.4,209.333
2014-12-11,195.792,3.0,88.0,78.417,61.0,9.083,14.375,17.292,2.917,,4.0,2.333,11.958,4.9,1.554,-1.3,204.875
2014-12-12,195.667,3.043,80.0,67.458,52.0,9.381,15.652,18.261,2.609,,0.0,3.833,11.208,-0.4,-1.871,-3.6,205.048
2014-12-13,196.125,2.625,82.0,74.458,64.0,6.458,14.417,16.0,1.583,,1.0,2.333,7.167,-3.4,-4.821,-6.8,202.583
2014-12-14,198.708,2.75,87.0,54.208,40.0,6.958,14.375,17.417,3.042,,1.0,2.583,5.875,-2.6,-4.842,-7.1,205.667
2014-12-15,204.417,4.417,90.0,86.958,81.0,20.958,33.917,64.0,30.083,,29.0,2.0,8.792,-1.8,-4.171,-8.6,225.375
2014-12-16,203.458,3.5,91.0,85.083,78.0,18.417,24.542,50.167,25.625,,36.0,1.708,6.167,2.1,-2.338,-9.6,221.875
2014-12-17,193.042,2.417,91.0,62.458,45.0,5.333,11.583,13.375,1.792,,2.0,2.167,6.292,1.4,-0.612,-2.7,198.375
2014-12-18,193.625,2.375,84.0,63.708,55.0,6.0,10.458,11.5,1.042,,1.0,1.042,6.25,2.1,0.975,-0.7,199.625
2014-12-19,203.174,5.217,90.0,73.583,60.0,27.087,37.609,72.522,34.913,,6.0,2.478,11.833,1.2,-0.446,-3.7,230.261
2014-12-20,194.208,2.625,77.0,68.708,62.0,8.375,14.708,16.583,1.875,,0.0,1.583,9.542,6.7,3.825,-0.3,202.583
2014-12-21,193.417,2.167,78.0,54.792,43.0,5.125,5.083,6.208,1.125,,0.0,2.0,9.5,6.0,-2.338,-6.3,198.542
2014-12-22,194.87,2.333,84.0,70.917,50.0,4.913,10.417,12.792,2.375,,9.0,3.042,5.917,-5.6,-6.512,-7.3,199.783
2014-12-23,197.0,2.417,74.0,60.5,51.0,4.75,10.5,12.833,2.333,,0.0,4.0,8.667,-0.8,-3.308,-6.6,201.75
2014-12-24,198.667,3.708,90.0,85.167,69.0,13.5,22.708,34.375,11.667,,22.0,2.625,10.25,-0.9,-2.371,-5.5,212.167
2014-12-25,198.708,4.0,86.0,72.875,58.0,15.792,28.417,54.417,26.0,,8.0,4.417,9.583,-2.8,-4.604,-6.5,214.5
2014-12-26,198.792,2.909,89.0,73.208,45.0,10.5,19.043,27.652,8.609,,11.0,4.455,6.636,-3.0,-4.671,-6.8,209.292
2014-12-27,202.875,4.292,87.0,66.25,53.0,19.417,30.5,66.625,36.125,,2.0,5.542,11.958,1.4,-1.925,-7.1,222.292
2014-12-28,206.0,4.875,80.0,68.542,54.0,28.25,34.625,61.583,26.958,,0.0,2.417,10.792,4.7,1.346,-1.3,234.25
2014-12-29,200.696,4.958,88.0,75.833,54.0,22.522,27.375,50.458,23.083,,2.0,3.208,21.583,4.5,1.771,-0.5,223.217
2014-12-30,196.292,5.167,87.0,75.917,53.0,14.042,19.708,23.417,3.708,,0.0,5.167,36.125,1.7,0.338,-1.2,210.333
2014-12-31,197.458,3.667,90.0,71.167,51.0,11.833,17.208,21.167,3.958,,9.0,2.375,16.875,1.6,-1.229,-3.0,209.292
2015-01-01,196.417,2.0,83.0,62.458,51.0,6.083,6.783,8.217,1.435,6.958,0.0,2.043,5.958,0.2,-1.067,-2.4,202.5
2015-01-02,201.167,3.792,89.0,75.208,54.0,10.208,12.958,15.292,2.333,17.958,4.0,2.042,15.958,3.7,1.571,-0.4,211.375
2015-01-03,199.208,2.75,63.0,55.333,50.0,7.167,8.583,10.25,1.667,15.833,0.0,2.417,13.667,1.4,0.225,-1.1,206.375
2015-01-04,200.0,2.375,76.0,57.75,47.0,7.667,9.958,12.417,2.458,7.542,0.0,2.208,5.833,0.0,-1.562,-3.9,207.667
2015-01-05,198.348,2.125,75.0,62.333,49.0,7.391,7.625,10.0,2.375,7.292,0.0,2.917,7.208,-2.4,-3.783,-4.8,205.739
2015-01-06,198.083,2.25,88.0,68.833,54.0,9.333,12.708,16.125,3.417,6.625,1.0,2.333,5.708,-0.5,-2.225,-3.9,207.417
2015-01-07,197.208,2.125,75.0,61.542,49.0,8.833,9.167,11.75,2.583,7.792,0.0,3.792,7.417,-1.2,-2.642,-3.4,206.042
2015-01-08,198.696,2.304,84.0,69.042,56.0,9.435,15.652,18.348,2.696,5.583,0.0,2.583,5.917,-0.4,-2.383,-3.4,208.13
2015-01-09,200.375,2.5,82.0,64.875,45.0,8.167,14.083,15.792,1.708,7.458,0.0,2.667,7.25,-2.6,-3.592,-4.3,208.542
2015-01-10,196.708,2.083,87.0,71.125,60.0,6.292,7.875,9.208,1.333,7.458,2.0,2.792,6.875,-1.6,-4.15,-7.7,203.0
2015-01-11,197.208,2.0,74.0,51.542,35.0,5.167,6.542,8.208,1.667,2.833,0.0,2.458,4.542,-3.7,-6.562,-8.3,202.375
2015-01-12,200.583,2.5,80.0,68.667,50.0,10.75,16.0,18.792,2.792,6.042,0.0,2.708,4.583,-5.5,-6.458,-7.9,211.333
2015-01-13,204.125,3.083,80.0,62.333,54.0,13.583,24.25,30.583,6.333,6.75,0.0,2.292,5.417,-2.3,-4.146,-6.7,217.708
2015-01-14,197.167,2.333,89.0,74.792,40.0,9.958,15.125,17.458,2.333,5.208,15.0,2.167,6.125,-0.5,-3.667,-6.4,207.125
2015-01-15,202.435,3.391,84.0,71.417,58.0,17.783,26.609,42.348,15.739,9.609,0.0,4.783,9.167,-4.7,-6.683,-8.7,220.217
2015-01-16,207.333,3.875,86.0,71.542,44.0,25.125,24.042,50.25,26.208,8.417,4.0,2.708,9.583,-1.4,-5.321,-10.0,232.458
2015-01-17,202.917,3.5,87.0,76.208,55.0,17.125,24.833,41.208,16.375,6.0,1.0,1.625,5.208,-2.0,-5.033,-10.4,220.042
2015-01-18,204.792,3.292,89.0,79.208,63.0,18.083,29.375,44.625,15.25,7.625,9.0,4.125,7.833,-2.6,-6.667,-11.2,222.875
2015-01-19,194.583,2.333,90.0,80.875,58.0,11.667,18.042,21.458,3.417,3.417,11.0,2.5,4.167,0.0,-1.338,-3.3,206.25
2015-01-20,193.792,1.625,68.0,61.333,53.0,5.333,5.708,6.333,0.625,3.458,0.0,0.625,3.708,0.8,-0.425,-2.7,199.125
2015-01-21,196.833,2.208,86.0,67.792,53.0,9.458,15.167,18.625,3.458,3.792,6.0,2.042,4.125,0.1,-2.154,-4.7,206.292
2015-01-22,201.478,2.87,88.0,74.458,55.0,14.522,23.304,35.783,12.478,5.167,10.0,2.125,4.826,-0.2,-2.575,-5.2,216.0
2015-01-23,206.25,3.458,73.0,59.25,44.0,15.792,29.583,43.917,14.333,7.833,0.0,1.875,6.5,-0.5,-3.25,-6.9,222.042
2015-01-24,203.25,3.208,83.0,69.542,57.0,16.375,24.792,33.583,8.792,8.833,0.0,4.75,7.875,-3.1,-6.033,-9.5,219.625
2015-01-25,203.875,3.75,83.0,73.417,60.0,18.792,32.917,51.833,18.917,8.083,5.0,3.583,6.75,-4.0,-6.754,-9.7,222.667
2015-01-26,200.429,2.792,79.0,67.125,55.0,12.095,23.292,28.625,5.333,9.333,0.0,1.958,8.792,2.5,0.062,-4.3,212.524
2015-01-27,200.792,2.958,90.0,71.917,45.0,11.292,17.875,21.333,3.458,12.708,5.0,2.625,13.333,-0.1,-1.654,-3.4,212.083
2015-01-28,201.5,2.5,84.0,66.417,57.0,9.417,12.542,16.208,3.667,10.75,0.0,3.0,10.75,-2.0,-3.912,-5.6,210.917
2015-01-29,197.435,2.087,72.0,51.167,40.0,7.652,7.304,9.391,2.087,6.708,0.0,2.783,6.0,-2.6,-4.8,-6.1,205.087
2015-01-30,206.5,3.958,84.0,70.5,60.0,17.583,27.0,42.25,15.25,12.5,0.0,3.625,11.917,-4.4,-6.258,-9.1,224.083
2015-01-31,196.417,2.083,75.0,57.125,42.0,6.458,6.667,8.125,1.458,6.083,0.0,2.5,6.792,-3.6,-5.512,-7.2,202.875
2015-02-01,198.292,2.417,57.0,47.958,36.0,7.667,10.792,12.833,2.042,,0.0,2.583,6.458,-2.9,-5.362,-7.1,205.958
2015-02-02,198.292,2.292,85.0,60.833,37.0,8.542,11.75,14.792,3.042,,2.0,2.75,7.25,-1.2,-4.433,-6.1,206.833
2015-02-03,198.333,3.25,85.0,66.833,48.0,11.444,22.917,34.708,11.792,11.133,5.0,3.125,8.333,-0.9,-3.392,-6.7,209.778
2015-02-04,205.7,3.333,84.0,65.833,50.0,21.0,21.875,29.25,7.375,9.583,0.0,1.542,7.583,2.8,-0.233,-3.0,226.7
2015-02-05,200.875,2.826,89.0,66.583,41.0,10.667,15.043,16.696,1.652,10.875,0.0,2.208,11.792,-0.5,-2.308,-5.1,211.542
2015-02-06,203.125,2.708,75.0,62.792,49.0,9.667,18.167,23.708,5.542,5.625,0.0,1.625,6.042,-2.6,-4.867,-6.6,212.792
2015-02-07,201.25,2.417,87.0,62.333,39.0,7.0,9.417,10.167,0.75,10.042,4.0,1.75,8.0,-2.0,-4.521,-7.9,208.25
2015-02-08,200.167,2.917,87.0,63.292,43.0,11.708,18.625,23.417,4.792,10.5,2.0,2.125,9.0,-1.2,-3.471,-6.2,211.875
2015-02-09,197.5,2.542,89.0,70.875,48.0,6.792,8.583,9.542,0.958,8.708,4.0,1.583,9.708,4.7,1.725,-2.0,204.292
2015-02-10,196.75,2.292,91.0,80.167,64.0,6.375,6.333,7.167,0.833,10.083,20.0,1.458,9.792,0.1,-1.721,-3.4,203.125
2015-02-11,200.391,2.542,76.0,61.708,46.0,8.391,11.542,13.75,2.208,9.125,0.0,1.458,8.25,0.9,-1.55,-4.3,208.783
2015-02-12,205.542,3.435,79.0,69.125,58.0,17.083,23.783,33.826,10.043,11.042,0.0,2.217,11.042,4.2,0.533,-5.4,222.625
2015-02-13,202.833,4.542,92.0,81.042,72.0,24.75,24.25,41.542,17.292,15.375,0.0,1.625,17.25,8.2,5.112,3.2,227.583
2015-02-14,196.333,3.042,93.0,87.125,69.0,14.792,14.75,19.083,4.333,2.417,8.0,1.708,6.333,7.7,3.346,-1.5,211.125
2015-02-15,194.083,2.0,88.0,60.208,39.0,5.292,5.792,7.792,2.0,5.333,2.0,1.625,5.625,-2.0,-5.804,-8.5,199.375
2015-02-16,199.917,2.75,79.0,67.708,52.0,11.292,17.708,21.458,3.75,8.458,0.0,1.417,7.375,-3.9,-5.488,-8.1,211.208
2015-02-17,197.125,2.25,87.0,68.083,52.0,7.917,9.208,11.667,2.458,7.0,2.0,2.583,6.25,-3.2,-4.321,-5.3,205.042
2015-02-18,204.696,3.5,90.0,75.333,52.0,16.739,20.625,29.0,8.375,13.458,0.0,1.875,10.417,1.4,-0.592,-3.7,221.435
2015-02-19,202.833,3.739,88.0,70.875,60.0,16.917,17.348,21.739,4.391,18.583,3.0,2.208,18.696,5.4,2.892,0.0,219.75
2015-02-20,198.333,2.917,90.0,57.667,37.0,10.208,11.25,13.167,1.917,14.333,5.0,2.708,16.917,3.7,1.529,-1.1,208.542
2015-02-21,193.708,2.25,91.0,80.792,59.0,6.833,8.708,10.125,1.417,7.958,15.0,1.625,7.708,1.9,-0.467,-2.1,200.542
2015-02-22,198.792,2.25,82.0,62.417,44.0,6.292,7.833,9.708,1.875,9.833,3.0,1.667,9.042,-1.4,-3.017,-3.9,205.083
2015-02-23,198.5,2.75,90.0,77.583,58.0,9.292,13.458,18.333,4.875,9.333,9.0,2.083,9.792,0.5,-1.888,-4.8,207.792
2015-02-24,196.125,2.167,86.0,76.167,59.0,7.417,10.792,15.417,4.625,6.042,14.0,2.458,4.542,-4.9,-6.858,-8.7,203.542
2015-02-25,201.261,2.625,79.0,62.083,46.0,9.957,18.875,27.583,8.708,9.458,0.0,2.125,6.542,-1.3,-6.012,-9.8,211.217
2015-02-26,202.125,2.913,76.0,64.5,54.0,12.292,21.652,28.087,6.435,6.458,0.0,2.304,8.375,-3.1,-5.242,-7.3,214.417
2015-02-27,201.667,2.75,82.0,60.583,40.0,9.417,17.583,22.042,4.458,8.958,0.0,1.458,7.583,-1.0,-4.425,-7.7,211.083
2015-02-28,198.625,2.375,62.0,50.542,40.0,7.25,11.292,13.125,1.833,8.208,0.0,1.5,6.625,-1.1,-3.288,-5.7,205.875
2015-03-01,190.833,2.0,90.0,76.417,61.0,4.75,5.0,6.0,1.0,5.292,14.0,0.571,6.583,-0.1,-2.004,-4.4,195.583
2015-03-02,198.333,3.733,87.0,67.708,45.0,12.75,26.1,41.3,15.2,6.417,3.0,1.87,5.125,0.4,-3.029,-5.8,211.083
2015-03-03,205.565,6.125,87.0,77.75,65.0,22.087,,,,12.042,5.0,2.565,11.833,-1.7,-3.5,-5.4,227.652
2015-03-04,202.417,3.609,85.0,68.625,51.0,17.5,16.778,18.333,1.556,9.042,3.0,6.739,8.208,1.0,-2.9,-7.4,219.917
2015-03-05,207.333,3.958,82.0,60.625,39.0,22.25,30.042,49.458,19.417,14.125,0.0,2.435,14.167,2.4,-1.388,-7.6,229.583
2015-03-06,196.833,2.0,91.0,79.208,68.0,6.667,3.833,5.042,1.208,5.125,2.0,1.0,4.958,6.5,3.9,0.7,203.5
2015-03-07,199.917,3.042,91.0,66.625,41.0,13.833,15.75,19.042,3.292,21.708,0.0,1.478,25.625,7.3,4.8,2.2,213.75
2015-03-08,200.958,3.083,77.0,61.542,35.0,16.25,19.333,27.417,8.083,21.542,0.0,2.417,27.625,7.0,3.079,0.3,217.208
2015-03-09,197.583,2.333,76.0,52.917,41.0,7.125,7.5,9.833,2.333,11.667,0.0,2.208,11.458,1.3,-0.55,-3.3,204.708
2015-03-10,204.478,4.083,87.0,69.417,43.0,16.739,27.708,38.625,10.917,14.25,3.0,1.583,13.833,1.4,-1.912,-4.5,221.217
2015-03-11,200.818,2.87,86.0,67.375,55.0,12.13,15.091,18.818,3.727,12.167,1.0,2.043,10.833,0.0,-2.308,-4.2,213.318
2015-03-12,200.542,3.083,72.0,61.0,53.0,11.167,20.333,25.958,5.625,10.208,0.0,2.208,8.625,0.3,-1.925,-4.5,211.708
2015-03-13,202.042,2.542,85.0,65.333,45.0,9.958,15.833,17.75,1.917,7.5,0.0,1.5,6.75,2.7,-0.558,-6.2,212.0
2015-03-14,203.292,3.958,90.0,73.083,49.0,17.833,25.958,34.917,8.958,16.5,2.0,2.208,16.042,6.7,2.046,-2.6,221.125
2015-03-15,195.875,2.208,77.0,51.625,39.0,6.958,6.958,8.292,1.333,10.125,0.0,2.042,8.542,3.3,1.196,-0.5,202.833
2015-03-16,199.958,3.292,69.0,50.125,30.0,13.75,19.167,23.625,4.458,18.708,0.0,2.208,19.75,11.3,5.542,-2.4,213.708
2015-03-17,203.5,5.292,78.0,52.542,30.0,27.417,32.833,42.333,9.5,26.417,0.0,3.167,31.708,13.0,7.538,1.6,230.917
2015-03-18,198.696,3.348,78.0,59.5,41.0,13.565,18.227,20.409,2.182,23.083,0.0,2.625,27.478,12.8,8.621,5.5,212.261
2015-03-19,194.375,2.708,89.0,82.625,61.0,8.083,10.708,12.042,1.333,18.917,4.0,1.208,23.25,9.6,5.596,3.1,202.458
2015-03-20,196.5,2.0,81.0,65.0,50.0,4.75,2.125,3.125,1.0,6.417,1.0,0.375,7.292,3.1,1.008,-1.0,201.25
2015-03-21,197.458,2.042,85.0,64.333,46.0,7.375,8.792,10.583,1.792,5.333,3.0,1.083,4.458,2.6,0.125,-2.2,204.833
2015-03-22,199.636,2.5,70.0,50.818,38.0,9.136,15.208,17.167,2.167,6.25,0.0,1.625,5.542,5.6,2.259,-1.7,208.727
2015-03-23,186.167,2.042,89.0,68.792,44.0,5.958,9.167,11.042,2.042,4.5,5.0,0.5,5.227,4.9,1.917,-0.8,192.042
2015-03-24,189.917,2.292,90.0,76.0,57.0,9.292,14.417,17.792,3.458,3.542,5.0,0.75,4.167,3.9,1.154,-1.7,199.208
2015-03-25,196.174,2.261,88.0,79.958,68.0,10.087,15.182,17.5,2.273,3.958,9.0,1.0,3.708,3.2,0.783,-1.5,206.261
2015-03-26,194.583,2.208,89.0,67.708,55.0,6.667,9.25,10.583,1.375,4.458,4.0,0.917,5.25,6.2,3.446,0.8,201.708
2015-03-27,196.292,2.292,74.0,51.958,32.0,8.083,9.708,10.458,0.792,11.458,0.0,1.125,12.333,11.7,6.767,1.1,204.375
2015-03-28,194.417,2.417,74.0,55.5,42.0,7.542,10.917,12.625,1.875,9.458,0.0,1.0,9.875,8.2,5.829,2.4,202.125
2015-03-29,198.292,2.917,74.0,54.25,31.0,14.375,19.5,25.667,6.292,10.5,0.0,2.333,10.5,13.0,6.4,0.3,212.708
2015-03-30,195.833,3.333,86.0,75.375,68.0,12.125,16.583,18.417,2.042,12.542,2.0,1.0,11.875,8.1,6.583,3.2,207.917
2015-03-31,203.083,3.542,91.0,68.417,43.0,17.125,17.542,22.875,5.458,19.917,0.0,1.458,22.542,8.8,5.008,-0.4,220.25
2015-04-01,193.292,2.5,89.0,69.917,54.0,13.958,8.25,8.792,0.542,11.875,1.0,1.375,9.667,7.6,5.058,2.3,207.25
2015-04-02,196.65,2.625,75.0,51.125,20.0,17.0,13.208,14.625,1.417,8.667,0.0,1.458,10.542,13.3,6.942,0.7,213.667
2015-04-03,192.304,2.174,86.0,78.458,61.0,12.087,7.091,7.909,0.818,7.917,26.0,1.375,7.042,9.1,6.167,4.7,204.391
2015-04-04,194.708,2.125,73.0,54.417,27.0,10.208,4.375,5.458,1.083,7.708,0.0,1.25,9.875,9.9,6.846,5.0,204.917
2015-04-05,193.917,2.0,86.0,67.917,40.0,9.833,3.208,4.208,1.0,8.917,0.0,1.208,9.542,8.3,6.488,4.6,203.75
2015-04-06,192.792,2.042,88.0,69.042,52.0,11.5,5.167,6.583,1.417,7.958,0.0,1.583,8.583,11.6,8.054,3.7,204.292
2015-04-07,195.0,2.0,74.0,52.792,41.0,9.25,3.917,5.417,1.5,9.375,0.0,2.875,10.583,3.7,1.717,-0.4,204.25
2015-04-08,195.636,2.167,67.0,45.083,31.0,9.045,6.208,8.0,1.792,7.917,1.0,2.708,6.875,4.5,1.946,-0.5,204.682
2015-04-09,197.583,2.25,59.0,43.792,31.0,11.292,8.708,10.25,1.542,8.958,0.0,1.75,9.375,7.8,4.025,0.0,208.875
2015-04-10,193.667,2.0,75.0,68.125,59.0,9.708,4.409,4.636,0.227,6.458,0.0,0.652,7.542,7.5,5.142,1.5,203.375
2015-04-11,192.417,2.0,76.0,69.667,58.0,10.083,3.75,3.958,0.208,5.458,0.0,0.708,6.708,10.9,8.046,6.3,202.5
2015-04-12,194.083,2.167,77.0,56.125,31.0,13.125,6.667,7.375,0.708,14.083,0.0,1.875,13.292,11.4,7.579,3.9,207.208
2015-04-13,196.833,2.167,80.0,53.25,21.0,12.125,9.458,10.542,1.083,7.6,0.0,2.75,12.125,11.7,6.562,2.7,208.958
2015-04-14,191.125,2.083,82.0,68.833,51.0,12.875,7.417,7.958,0.542,,0.0,0.917,8.542,17.0,10.454,5.4,204.0
2015-04-15,195.522,2.5,91.0,86.458,81.0,16.957,13.292,14.833,1.542,,39.0,1.5,9.708,10.5,8.662,4.8,212.478
2015-04-16,194.375,2.292,86.0,75.458,64.0,12.125,6.875,7.333,0.458,,2.0,0.75,4.75,7.5,5.712,3.3,206.5
2015-04-17,194.333,2.13,82.0,73.25,62.0,11.0,5.565,5.609,0.043,,0.0,0.542,8.478,7.8,5.8,4.5,205.333
2015-04-18,194.958,2.0,83.0,60.208,34.0,12.583,6.333,6.917,0.583,,0.0,0.958,20.417,13.2,8.629,4.3,207.542
2015-04-19,194.042,2.083,77.0,67.458,54.0,10.625,4.0,4.0,0.0,,0.0,1.167,6.083,8.4,6.812,4.7,204.667
2015-04-20,196.125,2.125,91.0,76.875,60.0,12.917,10.167,10.375,0.208,,24.0,1.25,5.208,9.3,6.338,4.4,209.042
2015-04-21,194.833,2.375,91.0,74.792,59.0,14.083,9.792,10.333,0.542,,5.0,1.25,8.917,10.5,7.533,5.4,208.917
2015-04-22,197.87,2.87,79.0,57.833,33.0,18.304,13.667,14.667,1.0,,0.0,1.333,27.333,17.4,10.638,4.6,216.174
2015-04-23,196.875,2.667,75.0,44.708,17.0,18.667,13.0,14.542,1.542,19.667,0.0,1.708,20.042,20.2,12.8,6.3,215.542
2015-04-24,194.125,2.13,72.0,55.917,43.0,13.0,5.696,6.043,0.348,19.125,1.0,1.174,20.304,14.2,11.225,8.1,207.125
2015-04-25,195.375,2.375,66.0,37.958,22.0,14.875,7.75,8.875,1.125,12.0,0.0,1.208,13.167,15.3,11.408,6.2,210.25
2015-04-26,195.625,2.042,50.0,29.792,19.0,12.375,4.083,4.292,0.208,17.542,0.0,1.292,18.417,21.4,15.517,8.5,208.0
2015-04-27,194.167,2.708,77.0,54.125,31.0,15.417,7.375,7.792,0.417,27.75,0.0,1.833,37.833,23.8,14.817,10.5,209.583
2015-04-28,197.958,3.583,81.0,69.75,52.0,21.333,10.125,10.667,0.542,38.375,0.0,1.708,51.792,17.7,12.233,9.4,219.292
2015-04-29,196.783,2.792,74.0,54.75,38.0,20.957,11.125,11.792,0.667,24.125,0.0,1.292,28.042,19.3,13.846,8.9,217.739
2015-04-30,197.875,3.042,77.0,53.542,24.0,24.917,15.417,16.583,1.167,23.542,0.0,2.792,25.917,25.2,14.954,6.7,222.792
2015-05-01,196.167,2.696,80.0,56.333,37.0,18.042,11.318,12.773,1.455,24.333,0.0,1.708,28.917,17.1,12.95,8.3,214.208
2015-05-02,194.417,2.333,54.0,32.75,23.0,14.792,6.958,7.875,0.917,24.042,0.0,1.25,25.833,21.0,15.779,9.4,209.208
2015-05-03,191.875,2.125,77.0,54.083,37.0,16.333,7.0,7.792,0.792,16.708,0.0,1.167,18.333,23.2,16.233,9.8,208.208
2015-05-04,188.0,1.667,85.0,72.042,50.0,13.25,3.583,4.208,0.625,7.875,6.0,0.542,9.208,19.1,14.379,11.0,201.25
2015-05-05,191.375,1.917,80.0,36.25,15.0,10.0,1.917,2.708,0.792,14.208,0.0,0.417,15.5,19.2,15.179,9.7,201.375
2015-05-06,193.565,2.0,71.0,38.5,19.0,11.652,3.625,4.167,0.542,26.792,0.0,0.792,28.917,20.2,15.417,9.8,205.217
2015-05-07,194.833,2.083,44.0,31.75,18.0,13.917,5.25,6.292,1.042,23.5,0.0,0.792,23.333,17.0,13.946,10.7,208.75
2015-05-08,201.0,2.348,76.0,46.042,19.0,17.333,9.864,11.773,1.909,15.625,0.0,0.783,18.042,18.7,11.988,6.4,218.333
2015-05-09,193.333,1.708,80.0,65.167,53.0,11.042,1.958,2.833,0.875,5.542,0.0,0.167,6.333,11.5,9.558,7.9,204.375
2015-05-10,194.083,1.625,88.0,63.208,42.0,10.875,2.958,3.792,0.833,5.417,2.0,0.5,5.75,13.5,10.058,6.9,204.958
2015-05-11,195.375,2.208,65.0,36.75,18.0,14.75,7.917,9.958,2.042,9.208,0.0,1.0,10.125,22.5,15.258,7.5,210.125
2015-05-12,194.792,2.042,83.0,50.125,19.0,13.75,7.125,8.5,1.375,9.917,5.0,1.458,9.375,20.7,13.429,9.5,208.542
2015-05-13,195.348,2.375,91.0,74.25,49.0,14.13,5.417,6.167,0.75,11.333,15.0,0.5,11.625,17.4,13.304,10.4,209.478
2015-05-14,194.583,2.167,90.0,79.75,67.0,12.417,3.75,4.542,0.792,7.917,4.0,0.458,11.417,12.6,9.417,7.8,207.0
2015-05-15,194.5,1.957,79.0,70.083,61.0,10.958,3.348,3.913,0.565,4.417,0.0,0.167,5.435,10.4,9.204,6.8,205.458
2015-05-16,194.5,2.208,87.0,78.208,71.0,12.958,6.0,6.792,0.792,4.875,0.0,0.583,6.083,13.2,10.254,7.3,207.458
2015-05-17,195.292,2.125,75.0,58.458,46.0,12.5,5.583,6.458,0.875,8.167,0.0,0.667,8.167,13.9,11.292,8.4,207.792
2015-05-18,200.167,2.25,80.0,44.75,30.0,17.0,9.75,12.125,2.375,9.333,0.0,1.208,10.625,20.0,14.617,6.6,217.167
2015-05-19,192.542,2.0,85.0,75.625,60.0,10.833,3.208,3.542,0.333,7.583,2.0,0.542,8.042,15.3,13.079,11.4,203.375
2015-05-20,194.391,2.208,88.0,70.042,51.0,14.174,6.875,7.833,0.958,7.542,2.0,0.75,8.542,17.7,12.521,8.9,208.565
2015-05-21,192.792,2.042,87.0,76.375,60.0,11.417,4.458,5.083,0.625,5.208,1.0,0.542,6.75,13.7,11.229,9.8,204.208
2015-05-22,194.667,2.304,76.0,63.792,41.0,16.25,9.652,10.522,0.87,14.727,0.0,0.957,16.167,22.0,14.858,10.0,210.917
2015-05-23,194.833,2.208,72.0,47.292,30.0,15.458,6.583,7.375,0.792,14.792,0.0,1.042,15.833,20.5,17.538,12.6,210.292
2015-05-24,195.667,1.875,72.0,52.042,35.0,13.167,6.292,7.167,0.875,11.375,0.0,0.958,14.458,17.5,13.983,10.1,208.833
2015-05-25,194.875,1.375,71.0,40.583,27.0,11.292,4.125,4.875,0.75,5.375,0.0,0.375,4.958,18.7,14.358,8.9,206.167
2015-05-26,193.958,1.792,85.0,72.375,52.0,11.917,4.375,5.292,0.917,9.917,0.0,0.792,10.25,19.6,13.529,10.6,205.875
2015-05-27,192.783,1.75,84.0,62.333,34.0,11.435,4.75,5.458,0.708,5.417,0.0,0.833,5.083,19.7,14.075,10.6,204.217
2015-05-28,192.667,1.958,85.0,63.625,43.0,10.75,3.0,3.542,0.542,9.208,0.0,0.167,9.167,20.5,15.462,9.5,203.417
2015-05-29,191.913,2.043,83.0,59.25,34.0,15.565,7.227,7.773,0.545,14.5,0.0,0.833,14.792,27.0,19.583,12.9,207.478
2015-05-30,188.833,1.917,81.0,68.542,55.0,12.708,5.208,5.208,0.0,12.833,0.0,0.708,17.167,24.3,20.158,16.3,201.542
2015-05-31,191.125,1.75,91.0,64.333,28.0,11.792,4.75,4.75,0.0,8.667,9.0,0.542,11.708,21.7,17.233,13.8,202.917
2015-06-01,196.375,1.708,68.0,41.833,21.0,12.167,7.417,8.292,0.875,6.917,0.0,1.0,7.417,26.7,19.558,12.2,208.542
2015-06-02,193.042,1.958,77.0,61.25,42.0,15.0,9.13,9.87,0.739,13.542,0.0,1.417,18.083,24.0,17.604,14.5,208.042
2015-06-03,191.333,2.125,91.0,72.25,42.0,15.375,7.292,7.5,0.208,12.125,34.0,0.625,14.083,22.1,17.425,14.2,206.708
2015-06-04,189.792,1.5,89.0,78.667,64.0,10.25,3.75,4.375,0.625,2.708,5.0,0.458,5.167,14.5,11.904,9.0,200.042
2015-06-05,191.217,1.13,89.0,80.125,70.0,9.087,3.478,3.913,0.435,3.25,15.0,0.348,5.875,11.7,10.158,9.4,200.304
2015-06-06,191.958,1.0,73.0,65.458,58.0,7.667,1.667,1.917,0.25,4.375,0.0,0.375,7.0,13.2,11.292,9.8,199.625
2015-06-07,192.417,1.125,70.0,63.792,53.0,8.25,2.208,2.208,0.0,3.75,0.0,0.5,4.167,14.9,12.729,10.2,200.667
2015-06-08,194.375,1.833,83.0,62.917,47.0,12.625,7.125,8.333,1.208,8.708,1.0,0.875,7.583,20.3,16.667,12.3,207.0
2015-06-09,190.833,1.0,87.0,80.167,71.0,8.458,2.583,2.625,0.042,4.292,5.0,0.167,7.333,16.9,15.204,13.6,199.292
2015-06-10,192.042,1.5,88.0,78.75,59.0,11.958,4.875,5.333,0.458,3.042,5.0,0.542,4.167,18.7,14.988,13.2,204.0
2015-06-11,191.625,1.0,90.0,82.875,74.0,9.083,2.708,2.958,0.25,2.708,0.0,0.333,4.333,15.8,13.688,12.5,200.708
2015-06-12,192.19,1.435,89.0,67.167,50.0,11.095,4.522,5.304,0.783,7.667,0.0,0.833,6.348,22.9,16.896,11.5,203.286
2015-06-13,191.417,1.542,83.0,75.75,67.0,12.167,6.167,6.667,0.5,6.625,0.0,0.667,8.083,19.9,17.304,14.8,203.583
2015-06-14,193.75,2.0,86.0,74.167,56.0,16.917,6.792,7.833,1.042,10.0,0.0,0.833,13.583,22.1,17.458,14.4,210.667
2015-06-15,192.958,2.042,88.0,77.208,60.0,14.958,5.0,5.792,0.792,15.417,0.0,1.042,20.333,21.9,17.304,14.4,207.917
2015-06-16,195.0,2.292,85.0,77.417,65.0,14.458,5.25,5.958,0.708,19.125,0.0,0.75,25.708,20.8,17.617,15.5,209.458
2015-06-17,195.042,1.958,80.0,65.75,50.0,10.917,3.208,3.333,0.125,17.0,0.0,0.958,18.417,25.4,20.629,16.0,205.958
2015-06-18,190.75,1.042,78.0,58.833,43.0,11.0,4.125,4.625,0.5,5.625,0.0,0.917,7.0,24.5,19.646,15.4,201.75
2015-06-19,189.217,1.087,81.0,66.417,50.0,11.391,3.5,3.818,0.318,8.273,0.0,0.304,11.25,23.9,18.821,15.1,200.609
2015-06-20,191.875,1.0,80.0,75.333,67.0,10.833,2.75,3.083,0.333,7.125,0.0,0.167,11.292,18.9,16.196,13.9,202.708
2015-06-21,190.75,1.25,83.0,66.792,50.0,12.125,3.5,4.292,0.792,7.833,0.0,0.625,8.875,23.9,18.012,12.7,202.875
2015-06-22,191.25,1.375,85.0,75.417,61.0,12.542,4.25,5.167,0.917,9.292,0.0,0.542,12.292,21.0,17.292,14.0,203.792
2015-06-23,192.083,1.375,91.0,85.75,67.0,13.042,4.917,5.583,0.667,5.042,1.0,0.25,8.083,19.7,16.492,14.7,205.125
2015-06-24,190.958,1.25,91.0,81.375,72.0,12.875,6.083,6.958,0.875,5.042,3.0,0.542,6.875,18.7,16.342,14.8,203.833
2015-06-25,190.5,1.625,85.0,78.833,70.0,15.625,8.25,10.0,1.75,6.25,0.0,1.042,7.208,19.5,16.988,14.7,206.125
2015-06-26,193.652,1.783,87.0,73.167,53.0,15.696,6.636,7.955,1.318,10.542,0.0,0.5,13.5,24.8,19.233,15.4,209.348
2015-06-27,195.917,1.042,78.0,68.75,61.0,13.125,6.917,9.125,2.208,5.292,0.0,3.292,7.125,19.6,17.283,15.3,209.042
2015-06-28,194.5,1.292,86.0,74.875,64.0,12.167,5.042,6.0,0.958,5.75,4.0,1.083,7.542,17.8,14.817,11.8,206.667
2015-06-29,192.542,1.542,89.0,80.667,73.0,15.375,8.667,10.875,2.208,10.167,0.0,0.917,13.542,17.6,15.404,13.2,207.917
2015-06-30,190.542,1.375,89.0,85.292,82.0,12.208,7.333,8.5,1.167,7.708,5.0,0.292,9.0,16.1,15.392,14.4,202.75
2015-07-01,188.5,1.208,89.0,84.042,77.0,11.125,4.583,5.25,0.667,4.083,8.0,0.0,5.667,17.9,16.638,15.5,199.625
2015-07-02,190.083,1.458,88.0,74.667,47.0,11.042,4.25,5.083,0.833,4.625,3.0,0.333,5.125,23.0,18.325,15.2,201.125
2015-07-03,191.739,1.087,85.0,69.625,52.0,11.087,3.318,3.455,0.136,3.0,0.0,0.0,4.833,21.5,17.467,15.3,202.826
2015-07-04,191.625,1.042,80.0,74.208,66.0,9.958,3.167,3.583,0.417,2.75,0.0,0.042,4.042,18.2,15.992,15.0,201.583
2015-07-05,192.458,1.0,80.0,69.583,47.0,10.125,2.792,2.958,0.167,4.792,0.0,0.042,6.0,22.6,17.921,14.7,202.583
2015-07-06,195.042,1.375,82.0,69.875,50.0,11.917,5.125,5.667,0.542,8.708,0.0,0.417,11.042,24.4,19.017,15.7,206.958
2015-07-07,192.792,1.292,89.0,74.458,56.0,11.417,5.875,6.75,0.875,5.833,5.0,0.25,9.708,20.9,16.254,14.1,204.208
2015-07-08,190.792,1.125,77.0,63.792,54.0,10.042,3.792,4.25,0.458,3.083,0.0,0.292,4.958,17.3,15.496,13.4,200.833
2015-07-09,191.958,1.25,78.0,62.292,43.0,13.833,6.542,7.833,1.292,7.292,0.0,1.083,8.167,24.5,18.092,12.2,205.792
2015-07-10,192.217,1.609,83.0,65.75,40.0,18.609,6.182,8.0,1.818,7.667,0.0,0.833,9.909,25.9,19.221,13.8,210.826
2015-07-11,194.375,1.667,85.0,62.792,40.0,15.292,5.333,5.958,0.625,10.75,0.0,1.042,12.5,29.2,21.875,15.1,209.667
2015-07-12,202.75,1.792,85.0,60.708,44.0,18.292,5.5,6.167,0.667,13.208,0.0,0.917,16.0,29.7,24.404,19.0,221.042
2015-07-13,194.25,2.0,84.0,62.125,46.0,18.542,10.833,12.583,1.75,13.625,1.0,1.583,16.0,26.1,23.562,20.8,212.792
2015-07-14,188.958,1.958,89.0,67.583,46.0,12.417,3.333,3.458,0.125,17.958,1.0,0.083,26.292,30.2,25.25,20.5,201.375
2015-07-15,188.542,1.083,84.0,73.375,63.0,9.292,2.292,2.875,0.583,1.958,0.0,0.375,6.583,21.8,16.692,14.1,197.833
2015-07-16,188.208,1.0,75.0,64.208,54.0,8.417,1.792,2.167,0.375,2.75,0.0,0.375,5.25,19.3,16.679,14.4,196.625
2015-07-17,194.182,1.565,80.0,55.958,33.0,17.455,9.455,11.182,1.727,8.208,0.0,1.174,7.917,27.1,20.992,13.4,211.636
2015-07-18,200.333,1.625,92.0,76.042,51.0,18.708,10.667,12.458,1.792,9.625,18.0,0.75,12.042,24.4,20.896,19.0,219.042
2015-07-19,192.0,1.417,93.0,82.042,67.0,14.333,5.292,5.625,0.333,5.5,12.0,0.083,7.208,24.8,21.188,18.6,206.333
2015-07-20,190.958,1.375,87.0,72.667,54.0,14.792,4.917,5.333,0.417,9.042,0.0,0.125,13.708,26.8,22.0,19.3,205.75
2015-07-21,193.125,2.0,90.0,78.667,67.0,18.75,11.583,14.0,2.417,8.792,18.0,0.542,12.583,25.1,21.946,19.6,211.875
2015-07-22,187.292,1.625,91.0,83.75,71.0,14.917,9.292,11.417,2.125,8.25,3.0,0.0,13.958,27.2,23.367,21.1,202.208
2015-07-23,188.75,1.542,89.0,82.542,69.0,17.5,9.0,12.167,3.167,13.375,0.0,0.125,23.583,27.2,23.65,21.7,206.25
2015-07-24,185.435,1.348,91.0,79.458,63.0,11.348,5.227,6.455,1.227,5.167,0.0,0.125,7.042,26.7,23.012,20.4,196.783
2015-07-25,185.125,1.167,89.0,83.208,75.0,11.083,6.583,8.167,1.583,5.167,4.0,0.208,7.417,24.6,22.692,21.6,196.208
2015-07-26,185.542,1.833,89.0,84.083,76.0,13.792,8.042,10.292,2.25,7.917,3.0,0.25,13.667,24.9,22.625,21.4,199.333
2015-07-27,188.542,1.75,87.0,77.333,61.0,17.125,9.125,11.708,2.583,16.25,0.0,0.667,27.208,29.2,24.7,21.6,205.667
2015-07-28,188.917,2.042,85.0,76.708,64.0,17.958,11.542,14.833,3.292,15.917,0.0,1.0,25.417,27.6,24.538,22.2,206.875
2015-07-29,185.458,1.542,87.0,79.292,68.0,17.375,9.625,12.542,2.917,11.0,13.0,0.583,18.25,28.0,24.575,21.4,202.833
2015-07-30,189.375,2.25,87.0,77.25,62.0,19.125,10.583,14.292,3.708,20.167,0.0,0.792,31.5,29.1,24.896,21.8,208.5
2015-07-31,190.783,2.087,88.0,75.5,63.0,16.261,9.0,10.545,1.545,20.043,0.0,0.435,34.708,29.4,25.867,23.0,207.043
2015-08-01,194.208,2.0,91.0,77.292,56.0,9.708,2.333,3.0,0.667,7.042,3.0,0.0,12.375,26.6,22.979,20.7,203.917
2015-08-02,204.375,1.917,85.0,70.5,46.0,15.167,4.625,6.042,1.417,13.083,0.0,0.917,11.875,28.4,23.192,19.2,219.542
2015-08-03,200.083,2.167,83.0,75.875,63.0,16.333,10.125,12.542,2.417,14.25,0.0,0.667,22.667,26.6,23.558,19.9,216.417
2015-08-04,191.417,1.875,84.0,73.667,55.0,12.958,7.833,9.792,1.958,18.125,0.0,0.5,29.375,30.8,25.9,22.3,204.375
2015-08-05,184.792,1.208,83.0,66.125,46.0,13.5,5.708,6.333,0.625,18.292,0.0,0.625,32.75,33.5,27.517,22.3,198.292
2015-08-06,186.0,1.375,90.0,84.875,72.0,12.583,5.25,6.0,0.75,16.708,7.0,0.0,34.25,26.5,24.642,23.7,198.583
2015-08-07,193.522,1.957,92.0,78.208,63.0,16.174,9.0,10.5,1.5,6.667,72.0,0.083,8.609,27.6,23.392,20.9,209.696
2015-08-08,190.958,1.208,79.0,72.292,65.0,10.167,5.5,6.5,1.0,5.167,0.0,0.0,7.958,25.1,22.333,20.0,201.125
2015-08-09,190.083,1.125,81.0,72.542,64.0,8.958,3.417,3.875,0.458,6.083,0.0,0.0,9.708,26.3,23.421,19.8,199.042
2015-08-10,186.3,1.542,84.0,77.292,66.0,13.9,9.458,11.5,2.042,9.167,0.0,0.917,15.667,28.7,25.179,23.0,200.2
2015-08-11,190.292,1.75,86.0,80.917,65.0,17.167,6.917,8.208,1.292,10.583,7.0,0.208,20.375,27.8,23.925,22.7,207.458
2015-08-12,191.583,1.667,90.0,78.292,63.0,13.208,5.25,6.083,0.833,9.417,1.0,0.25,15.25,27.0,23.558,20.4,204.792
2015-08-13,198.292,1.625,89.0,74.833,55.0,12.375,5.75,6.333,0.583,8.875,0.0,0.208,12.625,28.4,23.604,19.7,210.667
2015-08-14,190.0,1.217,83.0,68.958,53.0,14.833,4.696,5.174,0.478,6.208,0.0,0.391,9.375,27.6,23.688,20.6,204.833
2015-08-15,193.25,1.417,88.0,77.167,68.0,12.125,5.458,5.792,0.333,5.917,3.0,0.417,8.75,24.4,22.771,20.8,205.375
2015-08-16,193.458,1.5,85.0,77.083,60.0,13.0,5.792,6.375,0.583,7.042,8.0,0.333,10.375,25.8,22.858,20.2,206.458
2015-08-17,189.261,1.083,89.0,73.833,60.0,9.13,4.435,5.0,0.565,5.958,0.0,0.292,10.542,27.1,23.179,19.1,198.391
2015-08-18,194.083,1.458,92.0,86.292,75.0,11.125,5.292,6.042,0.75,4.667,22.0,0.5,7.5,22.0,18.162,16.2,205.208
2015-08-19,189.792,1.208,92.0,80.5,65.0,10.792,5.125,6.0,0.875,1.625,4.0,0.208,4.333,22.5,19.212,16.4,200.583
2015-08-20,188.542,1.375,89.0,76.958,61.0,15.458,5.917,6.708,0.792,5.25,2.0,0.208,7.75,23.2,20.238,17.4,204.0
2015-08-21,191.13,1.87,85.0,71.583,51.0,15.348,6.045,7.818,1.773,7.583,0.0,0.542,10.375,26.1,21.721,17.2,206.478
2015-08-22,198.792,1.75,81.0,71.542,57.0,13.292,5.708,6.917,1.208,9.0,0.0,1.5,13.042,27.0,23.021,19.8,212.083
2015-08-23,194.125,1.0,78.0,70.542,62.0,8.792,2.375,2.75,0.375,3.208,0.0,0.583,5.833,23.7,20.592,17.8,202.917
2015-08-24,193.583,1.0,71.0,63.333,50.0,8.083,2.375,2.875,0.5,2.0,0.0,0.583,4.458,24.7,20.308,15.8,201.667
2015-08-25,196.083,1.25,70.0,57.25,32.0,10.417,5.542,6.333,0.792,5.667,0.0,0.875,7.708,25.5,19.529,14.3,206.5
2015-08-26,192.708,1.042,79.0,65.708,56.0,8.792,4.292,4.875,0.583,5.042,0.0,1.0,9.125,21.0,19.117,17.3,201.5
2015-08-27,192.5,1.5,85.0,73.917,55.0,9.292,5.958,6.708,0.75,6.25,3.0,0.875,11.208,21.6,19.642,18.0,201.792
2015-08-28,196.696,1.348,82.0,67.583,59.0,13.0,6.455,7.364,0.909,7.5,0.0,1.087,11.583,22.2,19.3,17.8,209.696
2015-08-29,191.375,1.208,79.0,67.292,50.0,9.542,4.0,4.458,0.458,8.333,0.0,0.417,12.417,23.5,19.479,16.8,200.917
2015-08-30,191.542,1.375,81.0,71.917,65.0,9.75,4.0,4.458,0.458,6.875,0.0,0.417,9.333,23.1,19.771,15.9,201.292
2015-08-31,192.125,1.5,86.0,73.083,60.0,12.625,6.208,7.5,1.292,8.708,0.0,0.625,11.125,24.5,21.7,19.6,204.75
2015-09-01,194.458,1.792,86.0,72.917,54.0,17.917,7.917,10.375,2.458,10.042,0.0,0.333,13.5,25.5,21.688,18.2,212.375
2015-09-02,192.667,1.917,92.0,81.625,68.0,12.375,7.625,8.208,0.583,8.208,92.0,0.75,12.75,21.1,19.388,18.3,205.042
2015-09-03,193.917,2.167,84.0,67.958,54.0,13.625,6.958,7.667,0.708,9.833,0.0,0.542,14.375,26.6,22.604,17.3,207.542
2015-09-04,194.304,2.217,90.0,80.083,66.0,13.565,7.318,8.227,0.909,8.083,13.0,0.167,12.826,22.2,19.7,18.5,207.87
2015-09-05,194.583,1.917,80.0,68.375,57.0,10.375,5.5,6.583,1.083,4.208,2.0,0.167,6.375,21.1,18.138,15.6,204.958
2015-09-06,202.0,2.042,85.0,68.625,49.0,14.333,7.708,9.292,1.583,6.292,0.0,1.417,7.375,21.2,17.362,13.0,216.333
2015-09-07,201.458,2.083,87.0,68.5,50.0,14.958,7.375,8.917,1.542,7.208,0.0,1.375,10.292,23.4,19.279,15.0,216.417
2015-09-08,203.542,1.875,87.0,65.75,36.0,14.458,8.708,10.958,2.25,7.875,0.0,1.833,10.333,24.3,19.525,15.8,218.0
2015-09-09,198.75,2.0,81.0,65.625,48.0,13.75,8.583,9.792,1.208,7.583,1.0,1.833,8.875,21.6,18.692,16.0,212.5
2015-09-10,192.667,1.292,78.0,65.292,59.0,9.125,4.375,4.708,0.333,3.333,0.0,0.667,5.167,23.2,20.271,16.2,201.792
2015-09-11,192.609,1.652,82.0,68.833,51.0,13.13,7.0,8.652,1.652,4.292,0.0,0.739,6.667,25.7,21.662,19.0,205.739
2015-09-12,193.667,2.042,88.0,74.625,60.0,14.042,7.917,9.542,1.625,3.917,0.0,0.708,6.583,22.3,20.675,18.7,207.708
2015-09-13,194.917,2.167,90.0,85.375,78.0,12.667,8.417,9.458,1.042,2.958,21.0,0.292,7.792,17.8,15.767,13.5,207.583
2015-09-14,199.208,2.833,90.0,78.292,52.0,23.125,13.875,19.375,5.5,6.292,10.0,0.625,6.792,21.2,15.562,11.7,222.333
2015-09-15,203.917,2.917,89.0,67.958,42.0,21.875,11.833,18.208,6.375,5.958,0.0,0.583,6.75,21.9,16.725,11.1,225.792
2015-09-16,201.542,2.5,85.0,70.667,49.0,16.75,8.833,12.958,4.125,9.167,0.0,0.708,10.542,23.0,18.171,12.7,218.292
2015-09-17,197.708,2.0,84.0,63.083,33.0,13.625,8.958,10.25,1.292,6.375,0.0,1.125,9.25,22.2,18.742,15.9,211.333
2015-09-18,200.13,2.043,89.0,77.792,60.0,15.348,9.87,11.957,2.087,6.167,7.0,1.125,7.458,19.7,16.446,14.2,215.478
2015-09-19,192.5,2.042,91.0,82.083,62.0,13.75,9.625,10.583,0.958,4.083,14.0,0.458,5.292,19.4,16.371,14.5,206.25
2015-09-20,189.042,1.542,90.0,75.958,62.0,10.167,4.833,5.0,0.167,2.5,0.0,0.333,4.042,20.8,18.304,16.2,199.208
2015-09-21,195.917,2.625,86.0,75.125,52.0,19.333,10.708,13.458,2.75,8.458,4.0,0.542,9.333,24.1,18.617,14.1,215.25
2015-09-22,194.333,2.917,90.0,75.0,54.0,17.458,8.417,9.958,1.542,10.75,0.0,0.417,16.875,23.9,19.3,15.3,211.792
2015-09-23,196.167,2.5,84.0,68.5,33.0,15.417,9.125,10.167,1.042,12.458,0.0,0.875,16.25,25.9,19.325,14.4,211.583
2015-09-24,192.583,2.375,83.0,74.0,67.0,14.583,8.208,9.083,0.875,14.708,0.0,1.0,18.042,22.7,18.854,15.1,207.167
2015-09-25,189.913,1.478,81.0,70.5,56.0,8.391,3.545,4.182,0.636,6.091,0.0,0.13,10.208,21.6,18.596,16.7,198.304
2015-09-26,189.625,1.292,89.0,77.083,62.0,8.375,3.542,3.875,0.333,5.917,2.0,0.542,8.875,20.2,17.804,16.7,198.0
2015-09-27,189.5,1.667,87.0,71.917,47.0,8.917,4.333,5.125,0.792,5.458,9.0,0.667,7.125,21.7,17.896,14.7,198.417
2015-09-28,194.792,2.125,87.0,68.375,56.0,11.167,7.5,9.625,2.125,5.333,4.0,0.458,6.667,17.9,15.233,12.8,205.958
2015-09-29,192.75,1.417,86.0,71.208,52.0,8.042,3.083,4.167,1.083,1.375,40.0,0.208,5.125,16.3,12.775,10.3,200.792
2015-09-30,194.125,1.542,83.0,62.833,44.0,8.708,4.917,6.208,1.292,3.875,10.0,0.333,6.292,17.3,13.525,10.4,202.833
2015-10-01,193.458,1.708,87.0,68.958,52.0,10.375,6.417,8.042,1.625,5.042,2.0,0.75,5.708,17.9,14.696,9.7,203.833
2015-10-02,193.304,1.478,86.0,61.0,36.0,6.652,2.682,3.045,0.364,5.625,10.0,0.0,8.696,20.3,15.212,11.9,199.957
2015-10-03,196.824,1.471,77.0,59.059,39.0,7.353,4.706,5.0,0.294,3.222,2.0,0.176,7.529,16.3,12.682,10.0,204.176
2015-10-04,198.625,1.458,73.0,56.208,41.0,7.833,4.917,5.375,0.458,,0.0,0.083,4.583,14.9,11.979,9.4,206.458
2015-10-05,203.958,2.292,88.0,69.583,51.0,15.5,10.5,14.542,4.042,6.667,0.0,0.333,4.0,14.9,11.512,8.6,219.458
2015-10-06,205.958,2.792,84.0,66.042,43.0,22.125,14.792,22.042,7.25,6.0,0.0,0.917,4.583,18.2,12.312,6.2,228.083
2015-10-07,207.75,2.125,86.0,67.083,50.0,21.333,11.792,17.917,6.125,7.125,0.0,1.542,6.125,18.3,13.517,7.8,229.083
2015-10-08,195.292,1.25,84.0,72.625,52.0,8.042,5.125,5.542,0.417,3.417,18.0,0.417,7.125,13.4,11.512,10.4,203.333
2015-10-09,193.364,1.609,88.0,78.083,67.0,8.591,5.696,5.957,0.261,3.583,15.0,0.261,5.042,13.7,12.262,11.0,201.955
2015-10-10,197.125,2.333,84.0,58.083,29.0,12.667,8.917,9.458,0.542,8.542,0.0,0.625,7.5,18.1,14.383,11.0,209.792
2015-10-11,196.125,2.0,86.0,65.708,46.0,8.375,4.375,4.583,0.208,9.542,2.0,0.625,10.125,17.6,14.658,11.4,204.5
2015-10-12,198.292,2.25,78.0,59.875,41.0,8.375,5.917,6.125,0.208,9.167,0.0,0.625,9.667,15.2,12.221,10.2,206.667
2015-10-13,195.875,1.917,86.0,71.875,44.0,8.417,7.083,8.167,1.083,1.875,12.0,0.708,2.708,13.0,8.129,3.3,204.292
2015-10-14,198.292,1.917,79.0,60.25,42.0,8.292,7.875,10.583,2.708,3.75,3.0,1.25,4.167,12.9,8.529,4.5,206.583
2015-10-15,200.208,2.625,75.0,58.583,40.0,13.25,13.0,14.833,1.833,8.208,0.0,1.417,6.958,13.6,10.433,6.8,213.458
2015-10-16,207.435,4.174,84.0,66.417,43.0,32.174,22.545,38.864,16.318,13.625,0.0,1.875,10.208,17.6,11.154,4.1,239.609
2015-10-17,226.636,4.083,88.0,72.208,48.0,42.364,17.667,28.792,11.125,20.292,0.0,1.375,19.292,19.5,12.896,6.1,269.0
2015-10-18,,2.458,86.0,62.625,40.0,,6.042,7.583,1.542,18.375,0.0,0.917,18.5,21.6,13.967,10.0,
2015-10-19,194.857,1.875,64.0,48.958,40.0,9.714,5.5,6.667,1.167,15.0,0.0,1.25,13.333,11.5,9.738,8.3,204.571
2015-10-20,194.042,2.042,84.0,67.625,45.0,11.583,9.625,11.25,1.625,9.792,10.0,1.375,10.667,11.5,9.1,6.8,205.625
2015-10-21,193.826,1.458,60.0,49.333,38.0,7.957,5.833,7.375,1.542,6.625,0.0,1.625,5.708,11.9,9.296,7.3,201.783
2015-10-22,195.958,2.208,72.0,52.25,34.0,10.208,11.333,13.833,2.5,6.792,0.0,1.708,6.375,11.7,8.308,5.1,206.167
2015-10-23,196.478,2.478,77.0,53.917,29.0,14.913,11.909,15.545,3.636,10.696,0.0,1.304,9.917,17.0,10.746,3.5,211.391
2015-10-24,191.292,2.0,81.0,66.208,52.0,7.958,6.083,6.292,0.208,10.375,4.0,0.875,10.792,15.6,10.65,4.5,199.25
2015-10-25,192.5,1.208,87.0,72.167,47.0,3.792,1.708,1.792,0.083,5.333,27.0,0.625,5.542,6.2,4.3,2.2,196.292
2015-10-26,194.792,3.167,70.0,52.542,42.0,13.833,13.208,18.125,4.917,23.25,1.0,2.25,20.042,9.7,6.908,4.0,208.625
2015-10-27,196.75,2.542,85.0,70.583,54.0,14.583,14.0,18.042,4.042,14.875,1.0,1.458,13.292,13.5,9.192,2.1,211.333
2015-10-28,190.667,2.125,88.0,59.0,37.0,7.875,4.708,5.0,0.292,16.208,5.0,0.667,16.208,14.5,11.958,8.5,198.542
2015-10-29,194.043,2.25,77.0,58.875,38.0,9.417,9.042,10.042,1.0,15.958,0.0,1.292,13.958,9.2,7.321,5.7,203.522
2015-10-30,195.13,2.13,79.0,62.208,35.0,8.609,8.522,9.261,0.739,11.625,0.0,1.125,10.087,10.5,6.254,4.9,203.739
2015-10-31,196.375,2.042,60.0,52.75,47.0,8.417,7.667,7.917,0.25,17.917,0.0,1.375,15.292,7.6,6.633,5.9,204.792
2015-11-01,198.292,2.958,68.0,51.625,35.0,14.0,13.833,15.917,2.083,23.792,0.0,1.833,20.542,12.7,8.304,5.0,212.292
2015-11-02,203.667,4.542,80.0,64.208,50.0,31.625,25.542,39.042,13.5,16.333,0.0,1.792,14.125,12.5,8.438,2.6,235.292
2015-11-03,204.625,4.875,83.0,68.625,54.0,32.417,21.5,35.042,13.542,29.833,0.0,1.458,29.917,13.2,9.325,6.1,237.042
2015-11-04,200.25,3.458,72.0,48.333,27.0,20.333,17.833,23.833,6.0,24.375,0.0,2.25,22.542,18.8,11.333,3.3,220.583
2015-11-05,199.667,4.75,77.0,61.167,41.0,32.5,27.417,36.917,9.5,22.75,0.0,2.208,20.125,17.9,12.388,5.9,232.167
2015-11-06,194.043,2.043,78.0,59.208,50.0,8.043,5.682,5.909,0.227,17.833,0.0,0.913,17.542,11.7,8.512,4.3,202.087
2015-11-07,196.125,2.0,62.0,51.875,41.0,9.042,9.667,10.5,0.833,8.292,0.0,1.958,8.75,6.1,3.921,1.2,205.167
2015-11-08,197.435,2.542,89.0,69.042,56.0,13.682,14.417,15.833,1.417,10.125,0.0,2.5,8.708,6.7,4.179,1.4,211.273
2015-11-09,197.0,2.333,88.0,72.458,55.0,14.875,12.667,15.542,2.875,4.625,6.0,1.125,4.417,11.5,8.438,6.0,211.875
2015-11-10,195.0,1.708,90.0,88.792,86.0,8.542,8.833,9.667,0.833,2.083,24.0,0.375,3.917,5.6,4.679,3.7,203.542
2015-11-11,197.75,1.792,92.0,79.875,62.0,8.833,11.625,13.833,2.208,2.583,6.0,0.583,4.083,7.6,5.071,2.7,206.583
2015-11-12,200.125,2.708,85.0,68.792,47.0,15.0,18.0,22.833,4.833,5.25,2.0,1.75,5.5,8.2,5.062,2.3,215.125
2015-11-13,204.864,3.565,83.0,68.75,49.0,23.091,21.783,36.739,14.957,12.708,0.0,2.458,7.917,10.1,5.038,0.0,227.955
2015-11-14,192.458,1.5,90.0,74.625,62.0,8.083,7.083,7.5,0.417,3.958,1.0,1.375,5.5,11.2,9.462,5.9,200.542
2015-11-15,191.5,1.625,93.0,91.083,80.0,10.792,8.333,9.833,1.5,4.958,11.0,0.625,6.083,12.1,10.762,9.5,202.292
2015-11-16,197.667,3.208,87.0,69.083,61.0,12.875,10.375,11.708,1.333,13.917,0.0,0.958,12.958,13.2,10.196,7.6,210.542
2015-11-17,203.708,4.0,90.0,75.625,60.0,22.083,16.667,26.292,9.625,14.917,1.0,1.458,15.208,13.9,8.742,6.2,225.792
2015-11-18,192.5,1.625,61.0,55.417,51.0,5.917,4.583,5.708,1.125,5.458,0.0,1.333,6.542,6.7,4.642,2.0,198.417
2015-11-19,193.25,2.167,66.0,54.75,47.0,9.833,10.958,12.625,1.667,5.875,0.0,1.333,5.792,5.2,2.883,0.8,203.083
2015-11-20,202.913,3.043,78.0,67.917,59.0,21.435,20.348,28.783,8.435,9.458,0.0,2.522,8.167,5.5,4.058,2.3,224.348
2015-11-21,194.042,1.875,87.0,71.333,50.0,8.833,7.542,8.667,1.125,3.917,6.0,1.292,4.625,5.0,3.621,2.1,202.875
2015-11-22,194.333,1.542,54.0,46.333,39.0,4.5,2.625,3.625,1.0,6.792,0.0,1.292,6.167,3.0,1.671,0.8,198.833
2015-11-23,197.208,2.417,59.0,48.958,39.0,7.917,10.042,11.667,1.625,12.875,0.0,1.292,11.417,4.4,1.854,0.7,205.125
2015-11-24,198.292,2.292,91.0,85.917,64.0,10.583,14.167,16.042,1.875,8.375,34.0,0.958,7.875,1.2,-0.279,-1.1,208.875
2015-11-25,199.583,2.833,90.0,74.958,58.0,15.083,20.625,32.75,12.125,5.833,17.0,2.333,5.708,0.8,-1.054,-4.0,214.667
2015-11-26,202.0,3.208,81.0,73.458,61.0,19.25,28.875,43.583,14.708,6.375,0.0,4.083,4.792,2.0,-1.158,-6.1,221.25
2015-11-27,198.043,2.435,91.0,85.75,79.0,10.87,16.682,22.545,5.864,3.739,19.0,2.042,4.261,3.8,2.512,1.0,208.913
2015-11-28,196.625,2.292,89.0,81.458,70.0,11.0,12.25,14.833,2.583,3.583,9.0,1.208,3.333,3.9,2.3,0.6,207.625
2015-11-29,200.667,2.542,90.0,64.083,50.0,11.625,11.333,16.792,5.458,5.333,0.0,1.208,4.583,4.4,2.225,-0.4,212.292
2015-11-30,201.292,2.583,90.0,72.792,51.0,12.833,19.708,24.542,4.833,6.833,13.0,1.542,5.875,5.5,2.029,-1.4,214.125
2015-12-01,197.167,1.958,91.0,65.833,48.0,6.0,6.375,8.292,1.917,9.458,12.0,2.208,9.167,1.4,0.646,-0.7,203.167
2015-12-02,203.333,3.333,71.0,62.875,50.0,15.042,25.0,34.542,9.542,14.25,0.0,3.0,13.292,4.5,2.288,-0.9,218.375
2015-12-03,197.583,2.958,89.0,75.667,57.0,12.458,13.833,15.875,2.042,7.0,7.0,1.417,5.625,10.5,7.042,3.4,210.042
2015-12-04,199.609,2.783,85.0,68.625,51.0,11.217,12.087,14.261,2.174,9.083,0.0,1.435,6.667,3.5,0.746,-2.4,210.826
2015-12-05,199.792,2.625,90.0,77.375,55.0,11.25,15.958,18.083,2.125,7.042,3.0,1.292,7.375,0.8,-0.567,-1.9,211.042
2015-12-06,200.208,2.083,81.0,60.917,46.0,6.25,6.958,8.542,1.583,5.75,1.0,1.542,5.917,2.3,-0.738,-3.6,206.458
2015-12-07,202.583,2.667,91.0,71.458,58.0,13.292,17.708,22.542,4.833,5.042,13.0,1.542,4.792,3.9,0.808,-2.5,215.875
2015-12-08,207.958,4.333,82.0,62.875,44.0,22.542,23.625,40.708,17.083,7.375,0.0,1.917,6.333,5.9,1.742,-1.0,230.5
2015-12-09,215.917,6.417,80.0,66.042,51.0,43.042,36.417,83.5,47.083,11.375,0.0,2.542,10.0,6.6,2.812,-3.3,258.958
2015-12-10,210.083,6.125,80.0,67.292,52.0,33.042,36.083,62.875,26.792,20.708,0.0,3.0,19.375,9.9,6.479,4.1,243.125
2015-12-11,201.857,4.13,91.0,78.083,63.0,18.0,16.696,25.261,8.565,11.708,8.0,1.417,10.333,6.4,5.067,2.3,219.857
2015-12-12,200.458,4.292,76.0,65.5,55.0,20.083,18.25,30.5,12.25,15.25,0.0,1.917,12.417,4.7,2.496,0.5,220.542
2015-12-13,203.458,4.792,75.0,67.667,46.0,29.875,25.542,42.458,16.917,9.792,0.0,1.75,9.75,6.7,2.788,0.7,233.333
2015-12-14,210.625,5.542,76.0,59.75,35.0,32.583,31.75,66.125,34.375,9.375,0.0,2.292,6.857,8.0,2.2,-1.8,243.208
2015-12-15,204.391,3.542,90.0,75.708,63.0,20.565,20.333,31.625,11.292,7.792,2.0,1.5,6.5,9.5,5.138,-1.0,224.957
2015-12-16,195.417,2.625,90.0,74.0,53.0,11.792,12.375,14.25,1.875,6.208,2.0,1.458,5.208,6.9,5.912,4.1,207.208
2015-12-17,196.042,2.458,90.0,83.708,72.0,8.542,7.25,8.75,1.5,6.708,30.0,1.458,7.042,3.5,1.079,0.1,204.583
2015-12-18,201.3,3.478,92.0,80.583,58.0,15.6,20.087,34.609,14.522,7.542,14.0,2.174,7.125,1.5,-0.3,-1.9,216.9
2015-12-19,196.417,2.0,77.0,60.333,45.0,5.75,4.833,5.333,0.5,5.708,5.0,1.708,5.25,0.6,-1.308,-2.9,202.167
2015-12-20,199.667,4.167,76.0,59.333,48.0,20.792,18.625,34.458,15.833,10.958,0.0,2.708,9.292,4.2,1.854,0.1,220.458
2015-12-21,207.375,5.25,92.0,85.917,76.0,30.875,37.667,67.917,30.25,13.167,12.0,2.667,10.25,3.9,2.496,1.4,238.25
2015-12-22,199.095,2.375,92.0,67.167,57.0,11.095,13.375,16.167,2.792,6.208,3.0,3.625,5.208,2.1,0.446,-2.3,210.19
2015-12-23,207.375,3.667,83.0,73.583,54.0,20.708,26.25,41.792,15.542,9.458,0.0,2.75,8.25,3.5,-0.367,-7.2,228.083
2015-12-24,214.375,6.458,85.0,70.208,42.0,38.5,35.208,70.708,35.5,18.5,0.0,2.875,16.958,8.4,4.075,1.1,252.875
2015-12-25,201.087,3.13,91.0,82.917,61.0,13.304,10.348,12.696,2.348,12.348,24.0,1.708,11.0,2.8,-1.304,-5.2,214.391
2015-12-26,196.958,2.333,83.0,69.667,58.0,7.792,9.75,11.875,2.125,9.208,0.0,2.708,7.583,-3.3,-4.662,-5.9,204.75
2015-12-27,196.958,2.042,78.0,61.125,48.0,6.667,4.167,5.542,1.375,5.417,0.0,2.125,4.417,-5.0,-6.092,-7.6,203.625
2015-12-28,199.833,2.25,84.0,72.625,51.0,9.833,10.667,13.542,2.875,7.083,2.0,2.333,5.083,-3.8,-5.275,-6.0,209.667
2015-12-29,197.739,2.167,78.0,59.375,45.0,8.609,9.667,11.292,1.625,7.042,0.0,2.333,4.917,-2.4,-4.279,-6.2,206.348
2015-12-30,207.125,4.5,87.0,74.792,55.0,25.375,30.583,52.208,21.625,9.708,5.0,2.042,8.042,-0.6,-3.412,-6.8,232.5
2015-12-31,214.917,4.625,82.0,69.292,51.0,28.958,25.25,70.583,45.333,10.792,0.0,2.333,8.958,2.0,-2.208,-6.8,243.875
2016-01-01,205.75,5.167,79.0,70.458,59.0,24.5,37.5,59.708,22.333,11.917,0.0,2.875,13.208,1.7,-1.729,-4.4,230.375
2016-01-02,208.261,6.583,76.0,63.0,50.0,23.87,34.583,53.708,19.208,31.5,0.0,4.417,37.125,3.4,0.5,-1.9,232.087
2016-01-03,208.542,6.333,90.0,85.042,76.0,21.458,33.458,46.167,13.0,34.208,5.0,3.458,40.458,0.2,-1.083,-2.3,230.083
2016-01-04,210.0,6.083,90.0,83.417,74.0,25.167,41.417,70.417,28.833,21.125,3.0,3.417,22.875,-1.1,-2.538,-3.8,235.0
2016-01-05,205.375,4.333,90.0,72.542,54.0,18.542,31.458,56.833,25.375,11.417,0.0,2.333,9.958,-2.9,-4.271,-6.2,224.125
2016-01-06,207.958,5.174,83.0,74.208,62.0,23.75,39.478,76.13,36.739,11.833,2.0,5.292,14.292,-1.2,-4.3,-7.3,231.792
2016-01-07,211.917,5.75,83.0,69.333,52.0,33.625,38.917,107.167,68.292,11.708,0.0,3.792,15.375,3.1,-1.288,-5.5,245.333
2016-01-08,200.833,2.792,78.0,65.708,55.0,8.583,15.875,19.875,3.917,12.417,0.0,2.417,12.167,-0.6,-2.679,-5.3,209.458
2016-01-09,208.217,4.792,91.0,84.292,75.0,24.478,38.958,65.667,26.875,13.167,6.0,6.125,16.792,0.5,-1.729,-5.2,232.652
2016-01-10,195.75,2.125,87.0,63.708,51.0,6.167,10.417,12.625,2.333,7.583,1.0,4.667,8.625,-1.4,-4.292,-8.0,201.875
2016-01-11,197.708,2.292,77.0,62.417,50.0,8.042,11.542,14.042,2.5,6.292,0.0,5.583,7.25,-7.1,-8.671,-9.9,205.542
2016-01-12,198.5,2.625,84.0,77.875,66.0,10.208,21.083,25.75,4.667,6.417,5.0,3.125,8.25,-7.4,-8.708,-10.2,208.708
2016-01-13,202.667,5.043,84.0,73.833,45.0,21.292,38.0,75.304,37.261,10.708,4.0,3.565,11.0,-5.1,-7.783,-10.5,223.833
2016-01-14,205.208,5.542,83.0,70.917,52.0,27.375,41.708,91.042,49.458,12.917,0.0,3.25,14.375,-5.3,-7.812,-10.6,232.5
2016-01-15,213.167,6.708,87.0,79.5,71.0,38.083,47.792,113.458,65.667,15.0,1.0,6.042,18.167,-2.6,-6.292,-9.6,251.125
2016-01-16,197.957,2.5,84.0,64.375,54.0,9.304,14.458,21.792,7.083,3.833,0.0,1.917,7.25,1.9,-0.204,-4.7,207.391
2016-01-17,203.208,3.667,77.0,59.5,49.0,20.292,32.292,61.167,29.0,3.542,0.0,2.292,5.542,-0.1,-2.629,-6.3,223.583
2016-01-18,204.458,3.708,87.0,73.5,55.0,18.792,32.292,53.125,21.167,6.125,4.0,2.958,6.833,-0.5,-2.654,-4.5,223.333
2016-01-19,200.958,3.167,88.0,77.542,63.0,14.5,28.25,39.542,11.417,5.875,5.0,5.667,7.958,0.5,-2.558,-4.8,215.5
2016-01-20,205.913,5.261,81.0,75.167,62.0,28.087,43.435,85.652,42.174,9.952,2.0,5.375,11.087,-0.5,-3.838,-6.2,233.913
2016-01-21,202.542,4.292,82.0,66.417,51.0,24.083,34.833,71.708,36.833,7.875,0.0,2.75,9.292,-1.7,-5.046,-8.7,226.458
2016-01-22,203.708,3.208,89.0,80.625,67.0,16.542,29.667,41.208,11.583,7.458,7.0,5.667,10.417,-3.1,-6.667,-11.3,220.125
2016-01-23,194.417,2.083,88.0,66.333,50.0,8.083,13.792,15.167,1.333,4.458,5.0,1.583,5.75,-3.0,-5.225,-9.5,202.542
2016-01-24,201.0,3.792,85.0,72.375,55.0,16.458,37.125,61.917,24.833,8.375,6.0,5.667,10.292,-5.6,-9.475,-12.1,217.375
2016-01-25,205.208,4.917,86.0,72.083,52.0,22.375,43.292,84.417,41.333,12.667,4.0,8.25,16.042,-2.5,-6.304,-11.0,227.583
2016-01-26,202.75,3.458,78.0,64.792,46.0,16.042,32.792,48.458,15.708,12.0,0.0,3.25,13.292,1.3,-2.013,-4.3,218.75
2016-01-27,195.087,2.391,85.0,75.792,48.0,7.0,9.391,10.13,0.826,7.5,5.0,2.217,9.083,4.2,0.558,-5.2,202.304
2016-01-28,195.917,2.0,86.0,73.292,56.0,6.708,7.333,9.125,1.958,6.917,8.0,4.292,11.333,-2.6,-4.525,-5.7,202.708
2016-01-29,199.333,2.667,74.0,56.208,45.0,8.583,16.958,20.875,3.917,8.5,0.0,3.125,9.5,0.6,-2.267,-4.9,207.667
2016-01-30,199.542,2.917,86.0,73.875,53.0,12.5,20.0,26.75,6.792,9.125,0.0,2.958,11.5,-1.2,-3.312,-5.0,211.833
2016-01-31,200.833,3.458,86.0,70.833,50.0,15.625,30.125,49.083,19.125,9.125,7.0,3.958,11.625,-1.8,-5.129,-8.3,216.458
2016-02-01,198.5,2.917,87.0,72.167,49.0,13.083,25.417,39.0,13.542,8.958,7.0,2.958,10.375,1.5,-3.954,-7.7,211.583
2016-02-02,195.292,2.0,84.0,67.625,48.0,5.917,5.917,7.833,2.125,4.833,6.0,3.417,8.125,-6.9,-7.758,-8.6,201.542
2016-02-03,197.217,2.217,78.0,64.125,48.0,8.087,12.304,13.826,1.652,5.833,2.0,3.958,7.958,-2.0,-4.558,-7.2,205.348
2016-02-04,195.333,2.542,74.0,61.167,49.0,8.208,14.875,15.792,0.917,8.25,0.0,3.125,10.167,1.9,-0.133,-2.0,203.75
2016-02-05,200.25,3.083,77.0,60.0,47.0,12.458,25.375,30.583,5.333,11.5,0.0,2.458,14.042,2.5,-0.388,-3.6,212.667
2016-02-06,197.583,2.708,76.0,65.958,61.0,11.125,20.348,24.87,4.652,10.333,0.0,3.667,12.083,2.3,-1.117,-4.2,208.625
2016-02-07,195.333,2.083,86.0,66.625,56.0,5.625,6.917,8.833,2.125,3.292,3.0,1.125,5.5,-2.1,-3.125,-4.2,201.042
2016-02-08,194.917,2.042,83.0,62.0,52.0,5.792,7.292,9.708,2.375,3.25,2.0,3.625,5.667,0.1,-1.388,-4.0,201.0
2016-02-09,202.167,3.625,74.0,62.625,45.0,17.667,32.5,50.708,18.375,7.25,0.0,2.917,8.917,2.7,-0.754,-4.1,219.75
2016-02-10,201.478,3.304,74.0,64.208,42.0,16.174,27.0,38.739,11.696,6.875,0.0,3.13,9.417,1.1,-1.858,-4.3,217.826
2016-02-11,197.542,2.458,87.0,71.958,59.0,11.25,16.917,21.542,4.5,3.917,0.0,2.208,7.292,1.6,-1.812,-6.0,208.708
2016-02-12,195.25,2.0,89.0,82.417,68.0,5.417,5.083,5.5,0.458,1.333,2.0,1.0,5.542,2.3,0.904,-0.1,200.875
2016-02-13,196.208,2.083,88.0,77.75,71.0,7.167,8.0,9.75,1.792,2.333,0.0,2.333,5.333,2.7,1.096,0.1,203.375
2016-02-14,196.111,2.208,90.0,82.25,67.0,6.556,12.833,14.917,2.167,1.917,7.0,2.708,5.458,1.0,-0.1,-0.7,202.778
2016-02-15,199.667,3.375,75.0,65.333,49.0,17.889,29.917,40.667,10.667,7.833,0.0,2.25,9.458,2.4,-0.25,-2.5,217.222
2016-02-16,198.417,2.833,84.0,69.458,52.0,12.083,18.667,21.083,2.583,15.167,0.0,1.958,19.583,7.6,2.662,-2.5,210.583
2016-02-17,196.208,2.957,90.0,75.417,49.0,8.458,11.0,11.609,0.783,22.143,7.0,2.208,26.826,7.9,0.792,-4.6,204.5
2016-02-18,194.458,2.0,83.0,58.083,46.0,5.583,6.042,7.0,1.25,6.167,1.0,2.5,7.958,-3.9,-6.004,-8.2,200.292
2016-02-19,196.0,2.583,83.0,66.458,50.0,8.667,13.167,15.75,2.583,6.375,4.0,2.333,6.958,-2.3,-5.008,-7.2,204.667
2016-02-20,199.042,2.917,88.0,71.833,58.0,14.833,27.25,37.167,9.958,8.125,3.0,2.667,11.125,-1.7,-4.146,-6.8,213.875
2016-02-21,194.5,2.083,86.0,67.583,52.0,5.667,6.708,7.708,1.125,4.042,5.0,0.714,7.286,-2.9,-4.562,-6.7,200.25
2016-02-22,198.087,2.583,79.0,61.083,47.0,11.609,23.083,29.917,6.792,5.875,0.0,1.762,7.522,0.8,-1.633,-5.9,209.696
2016-02-23,194.25,2.125,89.0,79.75,68.0,9.458,15.833,18.917,3.083,5.208,3.0,1.833,8.667,3.2,0.992,-1.5,203.583
2016-02-24,193.625,2.391,88.0,69.083,58.0,8.708,12.391,13.957,1.696,8.167,5.0,2.391,11.375,-0.5,-1.933,-3.3,202.208
2016-02-25,197.5,2.375,91.0,74.167,49.0,10.0,15.042,16.75,1.583,6.917,14.0,1.333,10.5,1.8,-1.746,-4.3,207.208
2016-02-26,195.875,2.083,86.0,73.625,56.0,6.292,11.5,12.833,1.375,5.917,9.0,1.792,7.792,-3.0,-5.121,-7.8,202.167
2016-02-27,205.667,3.421,83.0,66.75,46.0,22.333,49.667,83.333,33.444,11.958,0.0,3.125,14.792,-1.0,-5.425,-10.1,228.0
2016-02-28,201.458,2.545,69.0,59.333,44.0,12.917,23.778,26.111,2.667,7.083,0.0,2.042,10.083,3.9,-0.638,-7.9,214.125
2016-03-01,199.478,2.792,74.0,67.0,52.0,11.609,17.125,20.5,3.417,8.444,0.0,1.583,12.417,6.7,3.242,-0.8,210.957
2016-03-02,196.375,2.833,87.0,72.042,59.0,13.25,17.083,20.875,3.792,10.333,0.0,1.5,11.167,7.6,4.608,2.5,209.542
2016-03-03,194.25,2.217,88.0,74.458,50.0,7.083,5.696,6.696,0.957,8.792,2.0,1.833,11.417,3.3,-0.121,-3.1,201.375
2016-03-04,195.875,2.25,69.0,53.667,36.0,7.375,10.125,12.167,2.208,9.5,0.0,3.208,12.208,-0.4,-2.562,-4.8,203.292
2016-03-05,195.917,2.042,70.0,48.625,31.0,5.625,5.5,6.375,0.875,10.625,0.0,3.167,12.583,0.3,-1.596,-4.5,201.667
2016-03-06,195.875,2.667,84.0,58.375,45.0,9.708,14.583,18.667,4.125,8.625,0.0,2.25,9.958,0.7,-1.45,-4.7,205.5
2016-03-07,193.25,2.125,89.0,62.458,35.0,7.75,8.75,10.208,1.292,5.583,5.0,2.875,7.292,1.6,-1.042,-2.6,200.917
2016-03-08,198.696,2.625,73.0,63.458,47.0,11.957,18.208,22.667,4.417,6.125,0.0,2.792,7.958,1.5,-1.117,-4.3,210.478
2016-03-09,201.5,3.292,79.0,67.0,47.0,16.542,23.0,28.583,5.5,9.917,0.0,1.917,13.042,2.1,-0.033,-2.3,217.833
2016-03-10,200.042,2.826,88.0,76.25,64.0,12.917,19.304,22.913,3.609,7.0,5.0,1.87,9.542,0.8,-0.417,-1.6,212.917
2016-03-11,201.458,2.792,90.0,73.792,55.0,13.417,18.0,21.5,3.375,5.333,12.0,2.125,7.542,3.7,0.188,-2.1,214.708
2016-03-12,205.292,3.625,76.0,64.708,47.0,19.292,25.25,32.667,7.417,7.208,0.0,2.292,9.417,3.8,-0.117,-4.1,224.375
2016-03-13,209.458,3.542,81.0,67.25,49.0,19.583,25.042,34.542,9.458,8.708,0.0,2.25,13.292,5.3,0.417,-5.0,229.083
2016-03-14,202.167,2.542,81.0,64.625,49.0,10.708,15.417,18.833,3.292,8.708,0.0,3.833,10.917,5.1,1.004,-3.0,212.875
2016-03-15,199.565,2.542,85.0,70.333,59.0,12.174,13.167,18.083,5.0,7.583,0.0,2.333,11.5,3.5,0.412,-3.7,211.739
2016-03-16,194.417,2.0,89.0,70.375,56.0,7.667,4.792,5.375,0.5,4.542,0.0,1.875,7.333,3.3,2.058,1.3,202.125
2016-03-17,194.304,2.0,87.0,66.292,56.0,7.609,4.565,5.261,0.565,4.708,1.0,1.542,8.087,4.1,2.458,1.2,201.783
2016-03-18,195.333,2.042,71.0,60.792,50.0,11.458,5.875,6.708,0.667,4.75,0.0,1.542,7.792,5.3,2.8,0.7,206.708
2016-03-19,194.5,2.0,66.0,58.833,49.0,6.625,3.375,3.708,0.167,4.542,0.0,1.458,7.25,5.4,3.421,2.2,201.25
2016-03-20,195.667,2.708,71.0,49.917,27.0,11.208,11.583,14.542,2.917,7.042,0.0,2.333,9.458,7.8,4.746,2.1,206.875
2016-03-21,197.917,2.708,86.0,60.5,47.0,14.375,17.125,19.75,2.917,12.292,0.0,2.0,16.667,5.7,3.767,1.2,212.292
2016-03-22,197.87,2.333,88.0,69.833,55.0,11.13,11.125,12.167,1.0,7.125,0.0,2.625,9.875,4.3,2.546,0.5,209.13
2016-03-23,196.708,2.042,90.0,82.167,62.0,7.917,7.375,8.292,1.0,2.958,25.0,2.333,5.042,2.0,0.1,-1.5,204.5
2016-03-24,196.917,2.13,90.0,82.25,67.0,8.542,8.348,10.174,1.957,2.958,19.0,2.435,5.333,2.3,0.317,-2.0,205.458
2016-03-25,196.958,2.5,85.0,74.167,57.0,9.792,10.625,12.167,1.583,2.917,3.0,1.375,5.333,4.7,2.171,0.4,206.625
2016-03-26,202.042,3.25,83.0,56.458,37.0,15.583,20.583,24.625,4.167,6.833,0.0,1.917,9.208,6.6,2.938,-1.6,217.417
2016-03-27,202.542,3.333,80.0,57.625,25.0,18.833,23.167,29.667,6.5,10.708,0.0,2.125,14.0,9.3,3.483,-1.6,221.292
2016-03-28,203.5,3.833,85.0,71.792,53.0,18.667,25.826,30.348,4.609,13.375,1.0,1.958,16.167,6.4,2.633,0.0,222.125
2016-03-29,197.391,3.5,80.0,64.792,39.0,15.696,20.0,24.167,4.208,21.0,0.0,2.125,24.167,8.9,4.729,0.0,212.913
2016-03-30,203.542,4.292,92.0,82.917,70.0,21.75,29.0,33.708,4.875,22.542,18.0,2.375,26.375,3.9,2.029,0.4,225.292
2016-03-31,194.583,2.391,92.0,67.667,52.0,8.458,9.261,10.391,1.304,4.292,1.0,1.75,8.375,4.0,1.962,-0.2,203.0
2016-04-01,195.696,2.522,87.0,63.042,30.0,8.478,9.364,10.864,1.636,10.81,1.0,1.042,13.0,12.2,6.779,3.0,204.174
2016-04-02,193.167,2.0,73.0,65.042,54.0,4.417,2.292,2.875,0.833,11.0,0.0,0.833,15.083,6.2,4.45,3.5,197.792
2016-04-03,192.667,1.875,84.0,57.917,20.0,5.917,4.917,5.833,0.833,5.583,4.0,0.792,5.917,11.2,7.646,4.1,198.5
2016-04-04,194.25,2.625,67.0,47.625,23.0,11.292,13.792,17.917,4.25,8.833,0.0,1.917,10.167,11.8,6.871,3.7,205.458
2016-04-05,194.417,2.375,71.0,42.167,21.0,9.625,9.417,11.5,2.208,8.167,0.0,1.417,9.833,14.6,8.467,2.0,204.083
2016-04-06,193.833,2.125,58.0,37.875,26.0,6.75,5.792,7.0,1.292,12.0,0.0,2.087,14.652,12.2,8.933,5.9,200.542
2016-04-07,196.042,2.333,84.0,55.208,30.0,9.042,8.375,9.208,0.792,13.583,4.0,1.125,15.333,11.2,8.113,4.3,205.083
2016-04-08,194.857,2.087,85.0,58.333,28.0,7.952,7.636,8.091,0.636,7.667,2.0,1.043,9.208,14.4,8.65,4.7,202.762
2016-04-09,195.583,2.208,70.0,40.0,26.0,8.167,7.292,8.0,0.708,15.917,0.0,1.208,17.042,11.5,6.45,3.4,204.0
2016-04-10,196.75,2.0,45.0,39.917,31.0,5.417,3.5,3.333,0.083,12.458,0.0,1.792,13.792,6.8,4.333,2.6,202.125
2016-04-11,196.042,2.0,89.0,73.208,44.0,6.208,5.542,6.042,0.417,5.917,7.0,1.125,7.708,4.8,2.175,0.6,202.25
2016-04-12,197.542,1.958,73.0,44.25,26.0,5.375,4.708,5.042,0.333,6.583,1.0,1.25,7.417,9.7,6.821,2.2,202.958
2016-04-13,197.667,2.292,86.0,61.208,31.0,8.25,10.542,10.625,0.083,13.625,0.0,1.083,15.542,10.6,7.875,5.3,205.75
2016-04-14,197.375,2.583,88.0,74.833,58.0,14.125,13.083,14.833,1.583,11.25,3.0,1.208,13.792,14.9,10.692,7.5,211.583
2016-04-15,194.391,2.0,88.0,76.417,62.0,7.13,3.304,3.522,0.304,3.25,7.0,0.792,5.696,6.4,4.471,3.2,201.522
2016-04-16,197.0,2.292,74.0,54.125,30.0,9.083,9.083,9.458,0.542,9.75,0.0,1.125,11.708,12.3,7.829,3.6,206.083
2016-04-17,197.125,2.708,91.0,76.75,61.0,8.917,9.417,9.708,0.292,17.333,9.0,1.375,19.0,10.5,8.546,6.7,205.75
2016-04-18,193.25,2.0,89.0,74.75,53.0,5.083,4.417,4.917,0.583,0.958,7.0,0.667,3.167,11.1,6.442,2.8,198.5
2016-04-19,195.708,2.083,89.0,79.708,65.0,7.333,7.625,8.333,0.667,2.167,1.0,1.25,3.25,6.3,4.371,2.9,203.167
2016-04-20,198.667,2.25,79.0,55.375,33.0,11.292,9.708,11.292,1.5,8.625,1.0,1.167,10.542,15.0,9.579,3.7,209.875
2016-04-21,195.667,2.417,73.0,55.917,32.0,10.875,9.458,9.792,0.417,17.125,0.0,1.167,22.625,20.7,13.462,8.1,206.542
2016-04-22,197.913,2.391,80.0,53.667,30.0,14.0,12.455,13.773,1.318,15.348,0.0,2.043,23.125,19.9,13.821,8.6,211.826
2016-04-23,194.667,2.167,88.0,72.5,40.0,8.833,5.917,6.667,0.875,7.083,4.0,0.583,11.125,12.7,8.962,6.7,203.583
2016-04-24,196.583,2.333,85.0,59.958,37.0,9.875,6.333,7.542,1.417,13.0,0.0,0.875,16.542,13.7,9.583,5.1,206.417
2016-04-25,199.167,2.292,79.0,60.125,27.0,11.042,7.833,9.042,1.333,13.667,0.0,1.125,17.833,15.6,10.217,6.2,210.042
2016-04-26,198.958,2.375,77.0,66.208,44.0,10.875,7.458,9.542,2.333,9.125,0.0,1.125,12.583,12.8,8.404,5.8,209.833
2016-04-27,195.792,1.708,74.0,56.125,36.0,7.0,4.75,5.5,1.0,3.333,0.0,0.708,5.208,11.5,8.05,4.7,202.708
2016-04-28,195.667,2.042,81.0,63.0,40.0,5.875,3.708,4.375,0.792,6.0,2.0,0.333,8.625,11.0,7.517,4.2,201.583
2016-04-29,192.739,1.522,89.0,80.333,69.0,4.696,3.043,3.304,0.261,2.833,20.0,0.208,3.75,5.3,4.65,3.2,197.348
2016-04-30,193.542,1.417,86.0,64.958,52.0,2.833,4.292,4.708,0.458,2.417,5.0,0.458,5.625,5.7,4.396,2.3,196.5
2016-05-01,195.25,1.625,72.0,60.958,45.0,5.208,6.042,6.5,0.292,3.75,0.0,0.708,5.792,9.2,6.192,3.9,200.625
2016-05-02,197.875,2.333,73.0,54.875,33.0,10.833,14.125,16.667,2.833,6.75,0.0,1.167,8.125,16.0,9.65,2.7,208.625
2016-05-03,194.0,2.167,82.0,62.75,39.0,6.125,4.042,4.208,0.208,13.458,0.0,0.625,16.125,23.9,16.062,9.5,200.25
2016-05-04,191.5,2.0,86.0,79.833,61.0,6.125,5.458,5.875,0.417,12.792,5.0,0.375,18.208,14.9,13.296,10.7,197.625
2016-05-05,192.625,2.0,89.0,68.667,50.0,5.25,3.875,4.125,0.042,5.25,1.0,0.333,9.083,15.1,12.029,9.0,197.958
2016-05-06,193.364,1.913,90.0,72.375,60.0,6.955,5.739,6.565,0.783,4.542,1.0,1.0,8.708,15.1,11.446,7.3,200.409
2016-05-07,191.083,1.917,84.0,69.167,53.0,6.458,5.458,6.167,0.708,7.5,3.0,1.042,9.167,14.7,12.104,10.8,197.417
2016-05-08,192.208,1.792,61.0,37.583,13.0,4.417,2.958,3.625,0.667,18.417,0.0,1.0,23.583,19.0,14.908,11.0,196.458
2016-05-09,196.75,2.792,62.0,45.167,26.0,13.375,14.25,16.0,1.667,28.333,0.0,1.958,31.958,20.1,13.996,8.7,210.167
2016-05-10,195.167,2.333,79.0,44.375,28.0,11.917,11.875,13.125,1.25,13.708,0.0,2.083,16.208,20.4,15.662,11.4,207.042
2016-05-11,191.208,1.917,91.0,81.167,63.0,8.708,8.917,9.917,0.875,2.958,15.0,1.0,4.333,13.3,11.171,9.5,199.75
2016-05-12,191.667,1.75,91.0,80.375,61.0,7.458,7.375,8.125,0.75,3.167,5.0,1.042,6.167,12.6,10.038,8.8,199.25
2016-05-13,191.652,2.0,79.0,56.708,26.0,7.304,5.739,6.435,0.609,5.375,0.0,1.125,8.292,23.8,15.192,8.5,198.826
2016-05-14,194.0,1.958,83.0,48.875,22.0,7.917,5.542,5.917,0.542,5.542,0.0,1.167,6.875,20.9,14.388,9.0,201.958
2016-05-15,193.667,1.5,43.0,29.458,22.0,5.042,2.542,2.5,0.0,6.167,0.0,1.0,8.833,17.3,14.258,11.2,198.75
2016-05-16,189.957,1.417,84.0,71.833,37.0,4.348,2.292,2.0,0.0,11.429,1.0,0.875,15.375,15.2,12.312,9.7,194.13
2016-05-17,191.792,1.958,89.0,54.958,32.0,6.292,3.792,3.917,0.208,11.708,1.0,0.875,16.125,21.5,16.388,12.0,198.167
2016-05-18,195.167,2.583,78.0,60.208,41.0,12.625,9.542,10.25,0.5,19.625,0.0,1.083,23.958,20.1,15.529,12.4,208.042
2016-05-19,194.542,2.5,74.0,54.667,42.0,12.958,12.292,13.25,0.792,16.833,0.0,1.542,19.75,23.0,17.067,12.4,207.417
2016-05-20,194.739,2.565,74.0,49.75,29.0,16.609,15.348,16.391,1.043,16.375,0.0,1.435,20.125,27.2,18.738,11.8,211.261
2016-05-21,196.167,2.625,72.0,45.875,22.0,18.833,15.25,17.0,1.792,17.042,0.0,1.667,20.458,29.0,19.225,11.4,215.042
2016-05-22,190.417,2.083,72.0,62.042,32.0,11.417,5.875,6.375,0.542,10.208,0.0,1.167,14.125,26.7,17.983,14.4,201.75
2016-05-23,190.292,2.125,83.0,65.75,37.0,10.0,5.208,5.333,0.167,19.333,0.0,1.083,24.75,22.5,16.879,13.1,200.25
2016-05-24,191.625,2.042,85.0,57.625,31.0,7.458,4.125,4.333,0.25,19.167,0.0,0.958,23.125,22.4,16.4,13.1,198.958
2016-05-25,189.792,2.208,86.0,73.75,59.0,7.0,4.583,4.792,0.333,15.917,1.0,0.417,20.417,19.3,16.496,13.7,196.833
2016-05-26,191.87,3.0,80.0,59.833,40.0,11.042,8.292,8.458,0.25,20.875,0.0,1.0,25.958,24.0,19.25,15.3,202.261
2016-05-27,193.818,2.0,68.0,50.375,32.0,8.773,5.652,6.261,0.652,14.833,0.0,0.833,16.375,19.7,16.938,13.5,202.727
2016-05-28,196.417,1.792,86.0,59.917,36.0,9.542,6.375,7.625,1.5,10.625,4.0,1.042,13.208,21.7,14.896,10.3,205.875
2016-05-29,193.458,1.542,87.0,69.167,48.0,8.375,4.792,5.875,1.25,6.583,0.0,0.458,8.545,18.0,13.904,9.4,201.792
2016-05-30,193.25,1.833,77.0,60.333,42.0,7.042,3.875,4.75,1.0,7.5,0.0,0.542,9.5,19.6,15.804,12.7,200.333
2016-05-31,192.0,1.792,91.0,78.208,66.0,6.708,3.75,4.5,1.0,4.125,17.0,0.0,4.958,18.5,14.829,12.0,198.75
2016-06-01,194.417,1.583,90.0,79.542,62.0,7.625,5.0,5.833,1.208,2.583,7.0,0.292,6.458,16.2,11.562,9.3,201.917
2016-06-02,191.208,1.0,73.0,65.75,60.0,4.125,1.875,2.833,1.208,2.208,0.0,0.167,4.333,12.1,10.675,8.5,195.375
2016-06-03,192.783,2.13,87.0,78.167,68.0,10.043,10.043,11.174,1.348,5.667,2.0,0.652,7.5,12.6,11.283,10.6,202.739
2016-06-04,192.708,2.083,90.0,83.25,74.0,11.417,10.0,11.583,1.667,8.25,6.0,0.625,10.833,16.2,13.029,10.4,204.0
2016-06-05,191.458,1.167,86.0,68.958,56.0,4.542,1.625,2.208,0.625,1.917,0.0,0.333,5.5,14.2,11.904,9.9,195.917
2016-06-06,193.208,1.875,83.0,60.75,35.0,10.333,9.333,10.958,1.708,4.083,0.0,0.75,5.542,21.3,14.5,8.7,203.5
2016-06-07,193.5,2.083,67.0,54.417,34.0,16.818,11.458,13.333,2.0,9.0,0.0,1.792,12.417,24.8,18.392,13.8,210.227
2016-06-08,192.458,1.958,87.0,74.583,60.0,11.833,8.25,9.208,1.0,8.833,1.0,1.0,11.042,20.0,16.858,14.8,204.25
2016-06-09,193.292,2.5,91.0,84.708,73.0,17.75,14.125,16.625,2.667,8.25,11.0,0.542,10.75,18.7,16.4,14.1,210.75
2016-06-10,190.826,1.696,92.0,82.708,70.0,7.174,4.565,5.348,0.783,6.667,0.0,0.083,9.522,16.3,14.338,12.5,197.783
2016-06-11,190.875,1.333,85.0,74.792,62.0,6.125,4.125,4.542,0.542,3.917,0.0,0.083,6.125,18.2,15.079,13.1,197.042
2016-06-12,191.292,1.167,84.0,71.875,60.0,6.083,3.208,3.667,0.5,5.125,0.0,0.042,8.708,18.9,15.842,13.2,197.292
2016-06-13,189.333,1.208,86.0,81.583,73.0,5.083,4.0,4.25,0.5,1.292,13.0,0.0,2.75,16.7,16.054,15.0,194.292
2016-06-14,189.083,1.25,83.0,77.5,72.0,5.25,3.667,4.417,0.625,1.958,2.0,0.0,4.25,16.8,15.721,14.8,194.25
2016-06-15,189.167,1.0,78.0,71.375,63.0,4.792,2.875,3.458,0.583,2.833,0.0,0.0,6.5,19.2,16.538,14.9,194.208
2016-06-16,189.417,1.083,90.0,80.167,62.0,5.417,4.375,5.0,0.542,4.25,10.0,0.125,7.333,17.2,14.875,14.0,194.917
2016-06-17,191.217,1.478,92.0,87.167,75.0,8.87,7.913,8.609,0.696,2.0,27.0,0.217,3.917,18.7,15.804,14.1,199.87
2016-06-18,189.75,1.083,92.0,84.083,71.0,5.583,3.083,3.042,0.208,1.042,3.0,0.083,4.375,15.7,13.875,12.7,195.417
2016-06-19,190.958,1.042,86.0,75.042,61.0,6.333,3.333,3.542,0.458,4.042,0.0,0.083,6.583,20.3,16.421,12.6,197.208
2016-06-20,191.0,1.583,90.0,84.792,78.0,7.083,5.167,5.167,0.042,3.708,16.0,0.5,7.167,19.7,17.542,16.9,198.042
2016-06-21,191.083,1.542,86.0,73.667,55.0,8.5,5.583,5.875,0.375,4.708,0.0,1.167,7.875,23.9,19.921,16.4,199.375
2016-06-22,194.375,1.5,86.0,73.667,62.0,11.167,8.125,8.625,0.5,6.792,0.0,1.042,8.917,23.2,19.467,16.4,205.333
2016-06-23,191.5,1.0,89.0,67.208,53.0,7.625,4.792,5.375,0.5,3.375,0.0,0.833,5.833,22.5,18.5,13.9,198.917
2016-06-24,189.261,1.13,81.0,66.833,57.0,6.739,4.391,4.696,0.348,0.958,0.0,0.417,3.083,19.9,17.5,14.4,195.826
2016-06-25,188.167,1.208,90.0,82.75,76.0,5.917,4.458,5.0,0.458,2.875,22.0,0.0,4.625,17.4,15.467,13.6,194.125
2016-06-26,187.667,1.0,89.0,80.292,65.0,5.083,2.75,3.208,0.25,1.292,5.0,0.0,4.625,18.0,15.654,13.1,192.5
2016-06-27,188.542,1.208,83.0,70.5,55.0,7.25,3.458,3.917,0.458,2.583,0.0,0.375,4.958,20.5,16.588,13.3,195.792
2016-06-28,191.083,1.708,83.0,66.167,42.0,12.292,9.833,11.542,1.625,6.667,0.0,1.167,9.125,25.6,19.321,14.8,203.333
2016-06-29,194.125,1.875,85.0,64.625,44.0,17.042,12.25,14.958,2.708,7.875,0.0,1.292,11.917,27.4,20.804,15.4,211.167
2016-06-30,192.625,1.5,86.0,69.667,50.0,11.75,8.667,10.333,1.667,5.417,0.0,0.667,8.792,26.8,20.658,14.7,204.292
2016-07-01,192.043,1.652,81.0,66.917,56.0,10.87,6.913,8.0,1.174,8.333,0.0,0.826,12.208,25.9,22.017,17.7,202.826
2016-07-02,191.708,1.958,89.0,82.25,73.0,9.958,6.667,7.792,1.25,7.667,27.0,0.583,12.292,22.9,20.133,18.1,201.792
2016-07-03,188.458,1.042,89.0,71.167,52.0,6.458,2.25,3.042,1.083,2.333,0.0,0.042,5.417,25.4,20.888,16.2,194.875
2016-07-04,190.0,1.208,90.0,76.583,66.0,6.917,4.125,5.5,1.542,2.458,2.0,0.0,5.208,18.4,16.283,14.4,196.833
2016-07-05,195.042,1.333,83.0,71.5,55.0,10.667,7.208,10.0,2.792,6.5,0.0,1.0,10.25,22.9,17.25,13.3,205.625
2016-07-06,191.083,1.167,82.0,71.167,60.0,7.333,3.958,5.25,1.375,4.833,0.0,0.042,7.208,19.5,16.367,14.3,198.292
2016-07-07,196.333,1.333,81.0,69.042,51.0,11.667,7.792,9.708,2.167,4.958,0.0,0.667,7.708,23.9,18.2,13.7,207.75
2016-07-08,189.087,1.261,81.0,71.625,60.0,10.087,7.652,9.391,1.957,7.381,0.0,0.667,11.217,22.9,19.117,14.6,199.0
2016-07-09,189.583,1.708,87.0,73.5,60.0,13.458,9.5,11.0,1.542,9.917,1.0,0.833,14.292,24.0,20.654,16.3,202.917
2016-07-10,190.417,1.458,91.0,88.125,81.0,8.25,4.583,5.333,0.792,5.25,12.0,0.0,8.625,19.9,18.092,16.2,198.75
2016-07-11,188.792,1.083,90.0,78.875,63.0,6.875,3.375,4.75,1.333,0.875,2.0,0.0,3.708,21.0,17.558,15.0,195.25
2016-07-12,189.0,1.042,85.0,73.417,56.0,7.542,3.042,4.208,1.292,3.333,0.0,0.083,6.208,22.7,19.421,16.2,196.542
2016-07-13,191.25,1.458,83.0,71.958,52.0,9.292,5.583,7.125,1.667,9.25,0.0,0.5,14.208,27.4,21.462,18.5,200.375
2016-07-14,187.25,1.208,79.0,67.625,52.0,8.708,5.375,6.583,1.25,5.542,0.0,0.292,8.25,24.9,20.854,18.2,195.75
2016-07-15,192.609,1.217,81.0,69.292,46.0,13.217,7.545,8.909,1.455,6.292,0.0,1.087,9.917,26.8,21.554,18.1,205.783
2016-07-16,195.042,1.542,83.0,71.75,54.0,18.375,7.292,9.708,2.292,9.125,0.0,1.0,14.292,26.1,21.742,18.9,213.333
2016-07-17,189.292,1.0,82.0,77.583,74.0,13.375,3.958,5.125,1.125,4.625,0.0,0.25,8.292,20.8,19.638,18.3,202.833
2016-07-18,188.667,1.125,88.0,72.542,62.0,17.25,4.375,5.417,1.0,1.542,1.0,0.542,5.083,24.8,21.788,19.0,205.833
2016-07-19,189.708,1.458,92.0,86.375,81.0,18.917,7.583,10.25,2.625,2.917,40.0,0.292,6.708,20.8,19.679,18.2,208.625
2016-07-20,192.5,1.25,92.0,76.5,55.0,25.375,6.583,8.5,2.125,3.208,2.0,0.458,6.333,24.6,20.517,17.5,217.708
2016-07-21,190.5,1.375,89.0,73.792,46.0,27.542,7.125,9.042,2.0,8.375,0.0,0.583,10.917,27.1,21.133,17.5,218.042
2016-07-22,187.9,1.043,86.0,73.542,56.0,22.3,7.043,8.87,1.913,8.833,0.0,0.708,12.125,24.8,20.488,16.6,210.2
2016-07-23,189.583,1.0,84.0,71.292,55.0,7.348,4.208,5.875,1.458,4.958,0.0,0.292,8.667,25.3,20.204,16.8,196.696
2016-07-24,188.792,1.0,82.0,71.667,54.0,6.292,2.958,3.875,0.875,3.917,0.0,0.0,8.667,24.8,19.925,16.8,195.042
2016-07-25,188.792,1.0,83.0,73.875,62.0,7.583,5.417,7.833,2.417,2.167,0.0,0.25,5.292,25.2,20.608,17.5,196.208
2016-07-26,188.542,1.0,86.0,73.333,62.0,7.25,3.333,5.042,1.708,2.167,0.0,0.167,5.333,25.9,21.712,17.3,195.667
2016-07-27,187.875,1.0,89.0,86.125,78.0,6.792,3.75,4.292,0.542,2.292,30.0,0.0,5.833,21.0,20.217,19.1,194.583
2016-07-28,192.292,1.958,92.0,86.25,80.0,12.958,12.583,16.333,3.792,5.458,13.0,0.0,10.875,24.9,22.288,20.5,205.458
2016-07-29,191.13,1.957,92.0,87.083,80.0,13.391,12.304,15.348,3.304,11.875,23.0,0.0,19.0,24.6,22.617,20.9,204.304
2016-07-30,188.958,1.708,85.0,78.792,71.0,10.708,8.0,9.583,1.833,11.75,0.0,0.0,19.625,27.9,24.329,22.2,199.75
2016-07-31,188.083,1.417,88.0,77.792,67.0,10.25,5.375,6.583,1.208,12.333,0.0,0.0,21.542,29.8,24.975,21.4,198.333
2016-08-01,182.708,1.0,87.0,75.708,60.0,8.417,4.375,6.542,2.167,1.708,3.0,0.0,6.083,30.4,26.167,23.4,191.125
2016-08-02,186.167,1.125,91.0,80.583,67.0,10.5,5.667,7.458,1.875,7.875,3.0,0.0,16.583,29.0,24.804,22.6,196.667
2016-08-03,189.958,1.417,89.0,79.083,62.0,13.0,7.958,11.167,3.25,12.75,0.0,0.583,23.833,29.4,24.825,22.6,202.917
2016-08-04,195.042,2.042,87.0,73.208,57.0,13.042,8.542,10.125,1.667,11.208,0.0,0.208,18.542,28.5,24.712,21.8,207.958
2016-08-05,199.696,2.826,83.0,69.083,58.0,12.87,7.565,8.261,0.87,8.429,0.0,0.5,12.174,26.0,23.154,20.1,212.522
2016-08-06,197.75,2.417,84.0,64.625,39.0,13.833,8.292,9.833,1.625,5.25,0.0,0.667,8.458,28.8,23.25,18.3,211.583
2016-08-07,203.125,2.208,84.0,70.0,56.0,11.458,5.25,5.708,0.375,11.208,0.0,0.375,20.917,30.0,25.4,19.3,214.583
2016-08-08,188.167,1.375,86.0,74.25,58.0,7.292,3.217,4.087,1.0,8.875,0.0,0.0,18.458,29.3,26.117,22.4,195.458
2016-08-09,194.583,1.792,87.0,69.875,58.0,7.958,3.75,4.417,0.75,5.5,8.0,0.25,13.042,25.3,22.933,20.3,202.542
2016-08-10,190.917,1.167,78.0,68.375,53.0,6.792,3.167,4.083,0.875,2.708,0.0,0.042,8.458,25.1,22.146,19.9,197.417
2016-08-11,194.667,1.583,81.0,66.875,46.0,11.25,6.083,7.75,1.75,6.125,0.0,0.667,8.875,28.6,23.396,18.8,205.958
2016-08-12,194.217,1.913,81.0,69.958,54.0,11.739,8.391,9.826,1.609,10.833,0.0,0.826,18.375,28.4,23.917,19.7,205.783
2016-08-13,191.292,1.083,77.0,63.792,52.0,7.75,4.208,5.0,0.708,6.167,0.0,0.042,12.875,28.4,23.825,20.3,198.958
2016-08-14,188.0,1.0,80.0,66.25,53.0,6.042,2.542,2.917,0.375,5.333,0.0,0.0,10.458,28.3,24.112,19.6,193.958
2016-08-15,189.625,1.125,83.0,72.167,56.0,7.417,3.792,4.5,0.583,6.625,1.0,0.083,15.25,28.4,24.762,22.3,197.0
2016-08-16,188.917,1.083,90.0,79.167,69.0,7.542,5.25,6.083,0.917,8.667,35.0,0.125,18.25,26.4,24.075,22.5,196.375
2016-08-17,186.5,1.125,92.0,90.167,85.0,10.042,8.292,10.583,2.292,1.958,94.0,0.0,7.083,22.8,22.025,20.7,196.417
2016-08-18,190.667,1.625,89.0,74.917,57.0,12.625,7.875,9.042,1.125,6.083,0.0,0.125,11.708,28.0,24.4,20.8,203.208
2016-08-19,187.478,1.391,83.0,78.083,72.0,11.783,8.565,12.304,3.739,4.583,0.0,0.208,11.958,27.1,24.279,21.5,199.261
2016-08-20,189.083,1.583,93.0,87.417,76.0,13.667,8.917,10.167,1.333,3.625,49.0,0.0,8.583,25.9,23.25,21.7,202.75
2016-08-21,189.167,1.208,94.0,85.167,67.0,10.458,5.292,6.958,1.833,3.833,5.0,0.167,12.708,27.6,24.425,21.6,199.583
2016-08-22,189.625,1.917,92.0,88.708,85.0,18.292,13.125,21.125,8.042,3.083,21.0,0.0,8.458,24.2,23.712,22.6,207.833
2016-08-23,191.792,1.375,93.0,81.208,63.0,11.5,7.833,8.625,0.917,3.0,37.0,0.042,7.417,26.7,22.708,20.3,203.083
2016-08-24,197.958,1.917,87.0,69.292,52.0,13.583,8.542,9.917,1.375,5.083,0.0,0.583,8.833,27.8,23.083,18.4,211.5
2016-08-25,191.667,1.333,84.0,73.833,62.0,8.958,5.583,5.917,0.583,5.042,0.0,0.375,10.708,27.7,23.55,19.1,200.333
2016-08-26,193.913,1.391,89.0,74.125,59.0,10.087,6.364,7.0,0.682,2.458,3.0,0.217,8.25,24.2,20.208,17.3,204.0
2016-08-27,196.833,1.375,83.0,60.625,43.0,8.958,4.75,6.083,1.417,2.25,1.0,0.417,6.375,23.6,20.196,15.7,205.75
2016-08-28,198.125,1.208,75.0,63.333,43.0,7.917,3.875,4.667,0.958,4.292,0.0,1.125,7.0,26.3,20.4,14.5,205.958
2016-08-29,196.0,1.292,79.0,65.708,52.0,9.375,7.125,9.083,2.167,2.708,0.0,1.417,8.042,30.6,25.633,19.3,205.167
2016-08-30,190.792,1.042,88.0,70.0,56.0,9.333,5.875,7.5,1.833,1.125,7.0,0.708,6.958,30.5,26.888,23.6,200.0
2016-08-31,191.292,1.292,89.0,77.792,63.0,7.042,3.917,4.417,0.833,10.083,4.0,0.25,26.333,27.3,23.879,22.3,198.167
2016-09-01,195.708,1.917,82.0,69.75,53.0,10.75,6.958,8.167,1.208,13.75,0.0,0.625,25.708,30.3,25.525,22.0,206.375
2016-09-02,198.609,2.043,89.0,76.25,51.0,14.091,8.261,9.913,1.783,11.762,0.0,0.583,25.043,29.3,24.0,21.0,212.682
2016-09-03,192.583,1.167,86.0,76.167,66.0,6.667,4.0,5.083,1.25,4.292,0.0,0.042,10.0,25.0,23.188,21.6,199.167
2016-09-04,190.917,1.0,84.0,72.875,67.0,5.625,2.875,3.458,0.625,3.958,0.0,0.042,10.042,24.5,22.504,21.1,196.417
2016-09-05,189.583,1.0,87.0,75.708,65.0,6.875,3.333,4.708,1.375,1.458,0.0,0.0,5.708,26.5,23.492,20.5,196.417
2016-09-06,189.167,1.583,90.0,85.875,78.0,11.0,9.458,11.833,2.25,2.542,18.0,0.333,6.958,24.6,23.15,22.0,200.042
2016-09-07,191.5,1.417,85.0,75.667,55.0,9.125,4.583,5.833,1.25,3.667,1.0,0.542,9.75,27.1,22.525,19.7,200.542
2016-09-08,193.625,1.042,91.0,78.208,68.0,7.542,5.042,6.125,0.958,1.625,16.0,0.708,5.708,20.9,18.262,15.0,201.208
2016-09-09,191.739,1.348,92.0,82.583,71.0,9.391,6.652,7.565,1.0,2.208,24.0,0.304,5.708,20.6,17.667,14.3,201.087
2016-09-10,194.708,1.458,91.0,83.625,73.0,10.833,7.25,8.667,1.458,0.75,14.0,0.542,4.833,21.7,18.475,15.8,205.375
2016-09-11,193.0,1.042,91.0,71.417,50.0,6.917,3.583,4.0,0.333,1.208,3.0,0.417,5.0,20.6,17.988,15.6,199.875
2016-09-12,195.083,1.292,83.0,66.625,48.0,9.417,6.708,8.0,1.167,3.208,0.0,0.542,5.958,21.6,18.088,14.5,204.5
2016-09-13,193.292,1.0,81.0,72.5,62.0,6.583,4.167,4.417,0.417,4.083,0.0,0.417,9.25,20.9,18.633,17.1,199.833
2016-09-14,193.208,1.25,80.0,73.5,63.0,8.083,5.417,6.0,0.542,4.417,0.0,0.167,7.208,22.1,19.208,16.6,201.333
2016-09-15,195.208,1.792,91.0,78.875,62.0,14.583,10.0,12.542,2.583,4.292,15.0,0.208,8.083,23.4,19.788,17.2,209.75
2016-09-16,195.571,2.043,90.0,71.708,46.0,13.0,8.957,10.913,1.957,7.042,0.0,0.292,12.458,26.6,20.867,15.5,208.476
2016-09-17,192.5,1.458,92.0,76.583,60.0,7.25,4.875,5.083,0.333,2.042,22.0,0.333,7.083,21.3,17.821,13.5,199.625
2016-09-18,196.042,1.125,83.0,72.917,64.0,7.667,5.125,5.542,0.542,1.25,0.0,0.417,4.708,18.2,15.321,12.5,203.708
2016-09-19,195.958,1.583,87.0,70.958,54.0,9.708,8.083,9.125,1.0,1.375,1.0,0.583,4.625,18.0,14.962,12.4,205.625
2016-09-20,200.708,2.5,85.0,61.833,34.0,14.083,11.458,14.708,3.208,16.583,0.0,0.792,20.5,22.1,16.079,9.7,214.75
2016-09-21,200.042,2.208,86.0,58.0,33.0,12.583,9.208,10.708,1.667,13.958,0.0,0.875,17.542,20.9,16.325,12.2,212.583
2016-09-22,196.208,2.125,79.0,70.833,62.0,10.083,6.417,7.083,0.792,13.0,0.0,1.0,17.0,19.7,16.362,11.6,206.208
2016-09-23,196.053,2.478,93.0,87.125,78.0,16.316,17.913,22.565,4.565,10.542,11.0,0.696,13.75,17.1,16.112,15.3,212.263
2016-09-24,193.333,2.042,94.0,77.208,55.0,11.917,8.208,9.25,0.875,6.167,0.0,0.667,9.083,23.5,18.654,13.5,205.208
2016-09-25,191.667,1.25,88.0,69.417,41.0,7.167,3.042,3.25,0.208,6.708,0.0,0.417,10.958,25.8,20.642,17.3,198.75
2016-09-26,195.083,3.083,79.0,65.208,32.0,15.5,12.042,13.417,1.333,12.292,0.0,0.458,15.875,25.8,20.092,15.3,210.667
2016-09-27,196.083,2.375,82.0,63.042,36.0,13.75,10.0,12.125,2.167,12.75,0.0,1.083,17.125,26.0,19.612,14.4,209.833
2016-09-28,193.292,2.583,90.0,84.375,73.0,12.0,9.208,10.583,1.417,8.833,6.0,0.5,14.0,22.7,18.662,16.0,205.25
2016-09-29,193.875,2.583,88.0,68.208,52.0,10.042,7.458,8.542,1.125,2.333,1.0,0.875,6.625,18.6,15.742,13.5,203.833
2016-09-30,194.217,1.783,75.0,60.625,51.0,8.826,7.13,8.043,0.913,2.619,0.0,0.583,6.043,21.5,16.596,10.4,203.043
2016-10-01,197.375,2.765,79.0,69.167,47.0,19.118,14.941,17.647,2.529,8.188,0.0,0.706,14.353,20.8,16.133,13.5,217.125
2016-10-02,201.042,2.792,85.0,66.25,41.0,17.208,12.875,13.875,1.0,10.333,0.0,0.792,15.083,23.7,18.179,12.2,218.292
2016-10-03,198.333,2.25,89.0,81.792,71.0,13.208,12.083,13.167,1.0,8.083,3.0,0.708,14.0,19.9,17.875,15.2,211.5
2016-10-04,192.833,2.25,73.0,52.958,44.0,7.417,3.208,3.542,0.375,8.042,0.0,0.292,14.417,20.1,15.238,12.4,200.125
2016-10-05,196.292,2.875,91.0,62.917,48.0,8.958,6.792,7.292,0.5,12.292,6.0,0.708,16.042,16.7,13.129,10.8,205.25
2016-10-06,194.542,2.25,93.0,66.375,43.0,7.958,4.875,5.042,0.25,6.667,9.0,0.292,9.0,15.6,12.458,8.8,202.417
2016-10-07,195.208,1.826,68.0,49.042,38.0,8.417,7.565,8.304,0.739,3.667,0.0,0.286,7.652,14.0,10.775,8.6,203.625
2016-10-08,194.043,2.208,87.0,75.875,63.0,12.261,10.458,11.458,0.958,5.0,0.0,0.125,7.375,15.5,12.962,9.1,206.304
2016-10-09,192.167,1.917,85.0,57.625,45.0,6.458,3.042,3.042,0.0,1.75,0.0,0.0,6.042,16.0,12.862,9.4,198.583
2016-10-10,193.458,1.667,73.0,56.208,39.0,5.625,4.75,4.833,0.125,3.125,0.0,0.125,4.75,11.2,9.071,7.6,199.083
2016-10-11,193.833,2.375,84.0,60.667,37.0,8.75,9.708,10.083,0.417,5.875,4.0,0.167,9.333,14.3,11.258,8.3,202.583
2016-10-12,193.667,2.0,72.0,51.708,37.0,6.833,6.583,6.833,0.417,5.417,0.0,0.083,7.667,13.7,10.288,8.3,200.458
2016-10-13,195.958,2.542,70.0,51.708,31.0,11.458,13.917,14.708,0.917,6.333,0.0,0.5,8.917,14.6,10.629,6.7,207.5
2016-10-14,193.875,2.043,73.0,47.458,31.0,7.667,9.087,9.87,0.739,6.042,0.0,0.292,8.417,13.7,10.538,8.3,201.542
2016-10-15,199.87,3.5,81.0,56.542,30.0,21.913,18.542,26.75,8.0,10.167,0.0,0.375,11.667,18.1,11.421,5.0,221.783
2016-10-16,202.75,3.833,84.0,71.875,53.0,20.708,15.333,17.708,2.292,24.583,0.0,0.542,32.208,21.7,15.296,8.8,223.375
2016-10-17,193.458,2.542,91.0,75.042,52.0,12.667,12.25,13.167,0.958,15.0,0.0,0.5,20.333,18.6,16.163,14.2,206.083
2016-10-18,191.792,2.625,91.0,70.5,56.0,13.583,12.083,13.792,1.667,6.625,0.0,0.25,12.25,14.7,12.471,8.1,205.417
2016-10-19,208.467,3.083,83.0,67.292,46.0,23.267,18.708,24.292,5.708,7.25,0.0,0.708,10.458,17.4,11.75,6.4,231.733
2016-10-20,191.5,1.708,90.0,76.292,60.0,7.458,5.833,6.25,0.5,4.917,47.0,0.458,9.583,14.1,7.267,1.2,198.875
2016-10-21,193.292,1.87,80.0,60.708,52.0,6.208,6.304,7.87,1.478,7.375,2.0,3.13,8.875,6.9,5.267,2.5,199.583
2016-10-22,194.833,2.792,87.0,69.833,45.0,16.125,15.375,23.083,7.667,4.333,6.0,1.083,7.167,9.4,6.892,5.1,210.958
2016-10-23,192.208,1.833,79.0,60.083,41.0,6.125,2.875,3.958,1.0,6.292,3.0,1.667,9.542,8.2,6.229,3.8,198.375
2016-10-24,194.167,1.917,54.0,41.833,32.0,6.5,3.333,4.75,1.292,6.833,0.0,2.042,10.708,8.1,6.588,5.6,200.667
2016-10-25,196.792,2.333,69.0,55.917,43.0,11.458,13.333,16.042,3.0,10.042,0.0,1.542,12.5,12.0,8.971,3.8,208.208
2016-10-26,197.609,2.583,82.0,61.958,37.0,14.783,11.917,15.708,3.792,12.25,7.0,1.583,15.583,17.0,10.488,6.2,212.348
2016-10-27,195.667,2.0,55.0,45.792,38.0,8.0,5.167,6.458,1.292,9.409,0.0,2.125,12.333,8.4,6.708,5.6,203.667
2016-10-28,196.0,2.217,85.0,49.542,38.0,8.5,9.13,10.304,1.174,11.286,1.0,2.333,11.783,11.1,8.279,6.0,204.458
2016-10-29,196.458,2.0,86.0,52.0,33.0,7.375,4.708,5.208,0.667,11.708,8.0,1.833,14.958,5.4,4.25,3.3,203.833
2016-10-30,199.875,2.25,64.0,51.875,44.0,8.167,9.708,10.167,0.5,16.708,0.0,2.292,17.5,4.0,3.129,1.4,208.0
2016-10-31,200.042,2.542,86.0,71.917,57.0,9.125,12.833,14.125,1.5,13.333,7.0,2.375,14.542,7.0,4.033,1.0,209.125
2016-11-01,197.333,2.125,67.0,55.333,49.0,7.0,10.042,11.25,1.5,14.208,0.0,3.5,15.083,3.8,2.667,1.7,204.333
2016-11-02,196.818,2.875,68.0,53.667,40.0,10.273,17.333,21.125,3.583,10.583,0.0,2.083,11.708,6.7,3.158,1.5,207.091
2016-11-03,201.292,3.375,91.0,79.625,59.0,18.458,28.5,37.333,8.833,11.833,9.0,1.333,12.583,3.6,2.583,1.5,219.708
2016-11-04,195.364,3.261,85.0,53.792,42.0,9.87,14.087,16.783,2.522,35.5,0.0,3.522,41.208,3.7,2.912,1.7,205.318
2016-11-05,198.917,3.167,93.0,87.083,67.0,13.333,23.708,30.292,6.667,11.417,36.0,1.333,12.333,4.1,1.812,0.7,212.292
2016-11-06,194.292,1.75,92.0,68.667,51.0,3.25,4.208,5.0,0.792,5.375,24.0,1.625,9.208,3.3,0.929,-0.9,197.5
2016-11-07,198.333,2.208,69.0,59.25,52.0,8.375,17.333,22.458,5.125,6.292,0.0,3.125,7.875,3.5,1.946,0.7,206.583
2016-11-08,197.208,2.25,89.0,77.542,63.0,8.417,15.625,18.667,3.125,5.083,5.0,1.542,7.125,9.3,5.338,1.4,205.583
2016-11-09,192.792,1.958,87.0,68.625,43.0,4.292,6.417,8.167,1.708,5.292,1.0,3.167,7.565,2.5,-0.038,-1.9,197.042
2016-11-10,194.708,2.125,82.0,57.375,48.0,6.875,12.708,15.875,3.208,8.333,0.0,4.167,7.917,2.4,0.554,-1.6,201.708
2016-11-11,200.455,2.913,91.0,65.875,45.0,14.091,25.826,33.826,8.043,8.458,5.0,5.292,9.167,4.9,1.654,-2.5,214.5
2016-11-12,198.542,2.958,92.0,80.667,64.0,14.042,21.333,30.167,9.083,6.167,4.0,2.875,7.417,9.8,5.058,1.0,212.5
2016-11-13,194.667,2.458,88.0,78.208,64.0,8.167,11.0,12.0,0.917,6.583,8.0,2.0,8.583,10.5,6.946,2.9,202.792
2016-11-14,197.75,2.458,82.0,67.833,40.0,11.333,16.667,21.375,4.542,7.125,0.0,1.833,8.292,11.9,6.833,1.0,209.042
2016-11-15,193.958,2.5,89.0,79.25,60.0,7.708,7.917,9.167,1.083,11.875,9.0,1.958,12.708,12.3,5.704,1.3,201.583
2016-11-16,193.667,2.0,74.0,62.958,51.0,4.583,7.333,8.958,1.542,6.417,0.0,3.958,7.75,2.2,0.671,-0.3,198.208
2016-11-17,196.042,2.375,69.0,58.292,45.0,5.625,9.792,11.833,2.125,8.542,0.0,3.75,9.333,2.3,0.638,-1.0,201.583
2016-11-18,203.0,4.304,88.0,69.625,58.0,20.952,28.522,39.478,10.957,11.917,3.0,1.87,13.375,10.3,5.454,-0.8,223.857
2016-11-19,200.958,3.958,93.0,79.917,59.0,18.875,21.375,28.292,6.792,18.833,0.0,1.583,26.25,14.1,9.892,6.8,219.625
2016-11-20,194.333,2.333,89.0,71.0,51.0,7.333,5.667,5.833,0.125,9.083,1.0,1.292,11.375,11.6,6.312,0.2,201.625
2016-11-21,193.591,2.167,84.0,54.083,41.0,5.429,9.042,10.417,1.333,6.542,0.0,2.875,8.083,2.6,0.954,-0.7,199.143
2016-11-22,195.583,2.458,91.0,78.833,57.0,9.583,14.792,18.75,4.083,5.958,6.0,2.167,6.75,0.9,-0.192,-2.1,205.375
2016-11-23,194.875,2.0,71.0,58.417,51.0,4.75,4.583,5.583,1.25,4.958,0.0,2.292,5.375,-2.4,-5.321,-7.4,199.875
2016-11-24,196.375,2.292,67.0,54.042,40.0,6.875,13.417,15.083,1.833,3.5,0.0,2.5,4.958,-0.8,-3.212,-6.2,203.167
2016-11-25,201.125,2.783,84.0,62.458,44.0,12.5,16.87,25.043,8.217,7.286,0.0,2.625,8.739,0.3,-2.254,-6.0,213.583
2016-11-26,196.583,2.167,58.0,53.375,46.0,7.0,10.708,11.667,0.917,4.833,0.0,2.042,6.167,2.6,0.771,-1.2,203.625
2016-11-27,197.208,2.125,90.0,78.417,58.0,8.292,12.625,13.25,0.833,3.833,3.0,1.5,5.792,8.9,3.529,-0.8,205.458
2016-11-28,196.0,2.75,92.0,73.833,52.0,6.174,8.0,8.792,0.792,12.25,12.0,3.292,13.167,3.6,1.583,0.4,202.217
2016-11-29,196.417,2.042,87.0,70.917,48.0,4.958,6.042,6.833,0.75,9.625,8.0,2.958,11.0,0.5,-0.933,-2.6,201.375
2016-11-30,199.625,2.25,81.0,62.875,50.0,7.083,13.333,15.292,1.917,8.375,1.0,3.0,9.083,1.4,-0.475,-2.7,206.667
2016-12-01,197.708,2.417,83.0,70.167,49.0,7.333,11.042,13.042,2.042,8.042,1.0,1.958,8.542,10.5,5.875,0.6,205.125
2016-12-02,197.375,2.565,89.0,66.958,49.0,5.583,6.478,7.348,0.957,13.083,4.0,2.739,15.917,3.3,1.092,-0.5,202.958
2016-12-03,201.542,2.792,61.0,47.083,36.0,9.167,16.0,20.5,4.583,7.042,0.0,2.208,8.833,8.3,4.192,1.7,210.667
2016-12-04,198.25,2.458,80.0,67.167,53.0,9.625,14.083,15.0,0.958,5.375,0.0,1.042,7.125,12.0,7.562,2.9,207.667
2016-12-05,198.217,3.292,86.0,74.667,66.0,9.87,13.875,14.958,1.125,20.292,0.0,2.5,27.875,8.4,6.375,3.3,207.826
2016-12-06,197.208,2.0,92.0,79.25,55.0,5.625,8.792,9.875,1.208,4.083,18.0,1.958,7.792,2.5,-2.15,-6.1,202.792
2016-12-07,197.417,2.375,68.0,54.625,44.0,7.292,15.458,18.708,3.458,3.583,0.0,2.833,5.208,-2.6,-4.671,-6.5,204.833
2016-12-08,200.917,2.667,71.0,66.083,59.0,10.5,24.083,27.333,3.417,4.75,0.0,1.958,5.708,-0.2,-2.196,-5.3,211.375
2016-12-09,203.667,3.391,91.0,84.708,75.0,20.625,29.955,43.909,14.136,7.708,9.0,3.208,9.5,1.6,-0.192,-2.0,224.208
2016-12-10,196.542,2.042,92.0,83.917,59.0,5.208,9.042,10.792,1.625,3.167,39.0,2.417,4.667,-0.2,-2.742,-4.8,201.875
2016-12-11,197.458,2.0,87.0,75.417,57.0,4.375,6.25,7.708,1.333,3.083,15.0,2.292,5.083,-3.3,-4.675,-5.5,201.833
2016-12-12,203.913,4.375,89.0,72.375,51.0,20.087,35.5,67.958,32.833,8.583,5.0,4.583,8.375,-0.1,-4.112,-6.3,223.957
2016-12-13,198.542,2.792,88.0,71.625,51.0,10.833,22.75,30.125,7.292,6.208,2.0,2.667,7.625,6.7,0.454,-6.0,209.583
2016-12-14,201.208,3.875,87.0,74.792,66.0,19.583,28.417,47.917,19.5,10.542,2.0,2.667,12.083,0.8,-1.85,-4.4,220.958
2016-12-15,198.75,2.583,87.0,72.958,51.0,10.208,23.042,33.25,10.375,6.417,8.0,6.792,7.333,-1.6,-4.633,-6.6,208.875
2016-12-16,201.542,5.0,89.0,76.375,54.0,21.583,34.304,71.13,36.826,9.667,5.0,3.87,11.375,-2.7,-5.267,-8.2,223.167
2016-12-17,197.083,2.667,77.0,64.917,50.0,10.167,20.208,25.0,4.625,6.067,0.0,3.0,9.792,-1.7,-3.521,-6.4,207.417
2016-12-18,202.708,4.5,81.0,67.667,52.0,21.667,31.708,56.0,24.375,15.444,0.0,3.417,16.167,6.5,0.492,-6.2,224.417
2016-12-19,204.391,5.083,76.0,63.458,48.0,24.609,35.792,62.083,26.417,14.25,0.0,3.75,17.333,4.9,1.533,-2.3,228.609
2016-12-20,212.333,5.792,85.0,73.667,60.0,37.708,41.167,88.25,47.042,16.417,0.0,4.708,21.75,3.0,-0.733,-4.6,249.917
2016-12-21,203.0,4.667,84.0,66.708,59.0,15.125,23.5,27.333,4.125,28.583,0.0,3.708,34.167,4.8,2.792,1.1,217.958
2016-12-22,205.292,4.542,92.0,84.25,70.0,14.5,27.167,32.792,5.542,23.0,38.0,4.5,27.13,2.3,0.246,-1.0,219.833
2016-12-23,193.75,2.217,92.0,88.167,65.0,7.25,15.304,16.522,1.174,1.375,38.0,1.208,4.125,0.1,-1.538,-4.3,201.042
2016-12-24,198.167,3.292,78.0,60.542,41.0,12.792,24.458,41.0,16.625,4.875,0.0,1.417,6.542,-2.0,-4.496,-7.2,210.75
2016-12-25,203.208,3.875,79.0,64.167,42.0,18.125,33.125,57.167,24.125,5.625,0.0,2.458,7.042,1.3,-2.088,-4.6,221.333
2016-12-26,197.0,2.708,92.0,77.042,60.0,8.522,17.333,19.0,1.917,7.417,9.0,1.625,8.875,6.0,1.467,-1.3,205.522
2016-12-27,196.708,2.958,92.0,72.208,58.0,7.125,12.917,14.542,1.833,12.417,5.0,2.042,14.125,-0.2,-2.8,-6.8,203.667
2016-12-28,199.333,3.292,80.0,65.542,52.0,13.25,26.083,38.0,12.083,9.6,0.0,2.208,9.75,-3.9,-6.479,-8.2,212.5
2016-12-29,197.125,2.792,88.0,68.167,49.0,8.25,16.75,22.583,5.875,8.917,5.0,3.042,10.208,-0.9,-3.6,-5.0,205.333
2016-12-30,196.333,2.522,89.0,61.25,44.0,6.792,14.957,17.261,2.217,6.667,2.0,3.13,9.125,-0.9,-2.767,-4.7,203.0
2016-12-31,197.292,2.625,90.0,65.875,48.0,7.208,14.792,16.667,1.875,9.583,1.0,3.292,9.542,-0.5,-2.483,-3.8,204.5
2017-01-01,200.957,2.458,92.0,87.333,75.0,10.043,19.417,23.042,3.625,3.417,50.0,2.667,7.833,,,,211.0
2017-01-02,198.667,2.292,92.0,75.833,53.0,8.167,12.75,15.083,2.333,4.083,25.0,2.208,6.542,,,,206.833
2017-01-03,197.25,2.5,91.0,73.292,56.0,7.667,12.667,14.708,2.042,6.125,30.0,1.833,8.75,,,,204.917
2017-01-04,197.75,2.208,88.0,77.375,64.0,7.75,19.083,23.083,4.0,3.208,30.0,3.583,6.5,,,,205.5
2017-01-05,197.958,2.957,76.0,69.0,61.0,10.958,21.0,24.522,3.522,7.583,0.0,2.792,9.875,,,,208.917
2017-01-06,199.375,2.833,90.0,75.917,60.0,12.333,18.708,27.542,8.833,5.708,95.0,2.167,8.0,,,,211.708
2017-01-07,200.083,2.833,87.0,68.333,51.0,9.958,16.625,21.375,4.75,7.458,30.0,2.917,10.75,,,,210.042
2017-01-08,203.652,3.958,80.0,71.0,60.0,20.522,31.292,55.75,24.458,8.667,0.0,2.0,11.792,,,,224.174
2017-01-09,193.458,2.875,90.0,80.125,59.0,10.292,16.875,21.0,4.125,6.0,90.0,2.667,6.708,,,,203.75
2017-01-10,194.333,2.667,77.0,60.625,45.0,5.833,8.083,9.292,1.208,5.625,0.0,1.458,7.333,,,,200.167
2017-01-11,199.917,2.667,87.0,55.5,37.0,9.75,16.042,20.083,4.042,4.458,0.0,1.083,7.375,,,,209.667
2017-01-12,199.875,2.565,89.0,77.667,53.0,12.542,20.217,26.957,6.739,4.708,100.0,2.13,7.333,,,,212.417
2017-01-13,206.625,4.208,87.0,76.5,56.0,23.292,35.125,74.333,39.208,8.917,25.0,2.625,10.292,,,,229.917
2017-01-14,205.25,3.292,86.0,70.333,53.0,16.25,29.0,44.458,15.458,8.042,15.0,5.958,11.875,,,,221.5
2017-01-15,199.174,3.083,92.0,76.458,58.0,13.261,22.75,28.792,6.042,7.083,30.0,1.5,10.417,,,,212.435
2017-01-16,201.5,4.125,88.0,58.25,46.0,10.75,16.75,19.417,2.667,22.542,15.0,2.958,26.042,,,,212.25
2017-01-17,206.042,4.375,88.0,73.208,57.0,21.625,32.125,50.333,18.208,17.542,10.0,3.333,18.958,,,,227.667
2017-01-18,207.583,4.583,90.0,80.042,70.0,26.0,35.083,62.292,27.208,17.042,45.0,4.5,24.667,,,,233.583
2017-01-19,198.083,3.304,91.0,62.542,46.0,8.208,13.348,15.565,2.217,18.333,30.0,4.542,20.957,,,,206.292
2017-01-20,199.375,2.792,88.0,64.958,42.0,11.083,19.042,27.417,8.375,8.458,0.0,2.083,10.917,,,,210.458
2017-01-21,195.875,2.125,73.0,59.25,45.0,5.667,6.375,8.083,1.708,8.125,0.0,4.417,10.458,,,,201.542
2017-01-22,201.522,2.875,77.0,65.292,51.0,10.217,21.083,25.292,4.208,8.917,0.0,2.417,10.917,,,,211.739
2017-01-23,197.917,2.208,90.0,68.458,50.0,9.292,17.208,20.833,3.625,7.583,40.0,3.625,7.625,,,,207.208
2017-01-24,195.75,2.292,68.0,50.333,33.0,7.958,13.125,17.292,4.167,4.708,0.0,2.542,8.708,,,,203.708
2017-01-25,198.75,2.5,83.0,66.25,49.0,10.833,17.292,24.875,7.583,5.167,65.0,3.958,6.333,,,,209.583
2017-01-26,193.333,2.0,89.0,71.583,52.0,6.333,6.957,9.348,2.391,3.458,135.0,4.348,5.917,,,,199.667
2017-01-27,194.542,2.125,85.0,67.0,48.0,6.167,8.583,11.125,2.542,5.167,20.0,4.25,6.458,,,,200.708
2017-01-28,197.667,2.292,88.0,71.0,54.0,7.708,14.875,17.208,2.333,7.708,60.0,1.625,9.0,,,,205.375
2017-01-29,198.043,2.458,88.0,62.708,47.0,8.391,15.0,18.333,3.333,6.667,15.0,4.167,8.292,,,,206.435
2017-01-30,200.958,2.875,79.0,61.083,40.0,11.0,22.583,28.583,6.0,7.375,0.0,2.75,8.333,,,,211.958
2017-01-31,205.625,4.042,85.0,70.875,54.0,19.292,34.708,52.292,17.583,11.583,0.0,2.292,11.792,,,,224.917
2017-02-01,211.875,5.792,81.0,71.417,45.0,31.917,42.958,88.292,45.333,12.417,0.0,2.417,12.75,,,,243.792
2017-02-02,214.167,4.087,83.0,68.0,55.0,31.125,46.348,86.13,39.783,18.125,0.0,7.167,20.208,,,,245.292
2017-02-03,206.667,2.167,85.0,69.292,59.0,16.958,34.458,44.25,9.792,13.208,0.0,8.583,14.917,,,,223.625
2017-02-04,201.125,1.0,86.0,75.458,59.0,9.708,19.917,22.875,2.958,4.667,5.0,2.625,7.0,,,,210.833
2017-02-05,201.13,1.208,88.0,82.167,72.0,10.652,25.792,31.417,5.625,4.958,15.0,5.875,8.083,,,,211.783
2017-02-06,201.556,0.875,81.0,69.875,56.0,10.222,20.75,27.458,6.708,6.0,0.0,6.125,8.208,,,,211.778
2017-02-07,195.875,1.167,85.0,63.917,52.0,11.0,19.375,29.625,10.25,4.958,10.0,2.833,7.667,,,,206.875
2017-02-08,204.5,2.583,84.0,68.0,51.0,25.458,26.0,52.167,26.167,8.125,5.0,2.542,10.333,,,,229.958
2017-02-09,200.0,1.826,69.0,59.833,45.0,13.667,19.739,22.348,2.609,7.667,0.0,2.0,10.417,,,,213.667
2017-02-10,202.708,2.875,85.0,77.958,65.0,16.042,22.292,25.292,3.0,13.875,0.0,1.792,17.417,,,,218.75
2017-02-11,198.25,2.083,91.0,82.125,65.0,9.0,8.583,9.875,1.292,15.208,70.0,1.708,18.542,,,,207.25
2017-02-12,198.042,1.5,82.0,71.083,58.0,8.958,10.333,12.667,2.333,7.083,20.0,2.25,10.625,,,,207.0
2017-02-13,199.333,1.375,83.0,72.375,49.0,9.833,13.167,15.167,2.0,7.083,0.0,1.333,9.458,,,,209.167
2017-02-14,199.348,1.958,88.0,72.958,61.0,14.739,21.083,25.917,4.833,9.0,10.0,1.875,11.333,,,,214.087
2017-02-15,195.875,1.583,86.0,66.5,46.0,8.083,9.25,11.875,2.625,7.25,20.0,2.429,9.429,,,,203.958
2017-02-16,198.458,2.435,87.0,66.208,43.0,7.917,14.0,16.087,2.087,7.167,10.0,1.87,10.818,,,,206.375
2017-02-17,196.958,2.583,88.0,67.083,40.0,7.167,11.625,13.417,1.792,9.792,35.0,1.333,12.625,,,,204.125
2017-02-18,198.0,2.208,87.0,66.25,42.0,6.833,11.292,13.208,1.917,3.75,50.0,1.375,6.75,,,,204.833
2017-02-19,203.458,3.458,87.0,70.792,50.0,15.167,28.25,51.208,22.958,8.208,15.0,3.0,10.875,,,,218.625
2017-02-20,196.417,2.208,80.0,64.083,46.0,7.125,11.792,14.375,2.583,6.083,5.0,4.25,8.542,,,,203.542
2017-02-21,195.696,2.083,83.0,56.667,45.0,6.13,9.958,12.583,2.625,5.208,5.0,5.292,6.667,,,,201.826
2017-02-22,201.667,2.708,75.0,56.75,36.0,11.0,17.208,24.083,6.875,5.875,0.0,1.458,7.958,,,,212.667
2017-02-23,197.208,2.391,90.0,72.625,43.0,6.625,11.87,14.304,2.435,9.958,70.0,1.957,11.625,,,,203.833
2017-02-24,197.792,2.167,76.0,54.167,40.0,5.458,8.208,10.25,2.042,9.083,0.0,5.083,11.542,,,,203.25
2017-02-25,200.125,2.542,72.0,59.292,47.0,6.708,11.583,13.625,2.042,7.917,0.0,3.708,11.0,,,,206.833
2017-02-26,202.458,3.167,82.0,65.792,48.0,11.125,19.625,25.875,6.25,8.583,0.0,3.125,9.625,,,,213.583
2017-02-27,209.167,4.792,85.0,64.333,41.0,26.042,36.875,61.125,24.25,11.542,0.0,3.542,12.875,,,,235.208
2017-02-28,206.478,4.375,79.0,72.167,56.0,19.87,30.125,47.875,17.75,12.083,0.0,2.875,16.125,,,,226.348
2017-03-01,197.417,3.75,93.0,84.708,64.0,12.333,25.375,31.958,6.583,4.667,365.0,1.667,8.458,,,,209.75
2017-03-02,191.542,2.043,92.0,77.167,60.0,7.0,9.913,11.826,1.913,5.292,110.0,3.625,9.708,,,,198.542
2017-03-03,199.833,3.5,84.0,70.167,54.0,13.708,24.5,34.0,9.5,14.333,0.0,2.5,17.583,,,,213.542
2017-03-04,197.333,2.667,88.0,67.542,41.0,7.75,12.5,14.125,1.625,14.167,30.0,2.167,18.0,,,,205.083
2017-03-05,196.875,2.292,76.0,61.083,55.0,6.375,9.875,11.375,1.5,13.333,0.0,3.667,15.75,,,,203.25
2017-03-06,198.25,2.125,84.0,63.125,48.0,6.208,7.667,9.792,2.125,10.833,15.0,5.25,12.833,,,,204.458
2017-03-07,198.696,2.542,59.0,51.667,41.0,7.913,14.917,17.042,2.125,9.0,0.0,3.083,9.75,,,,206.609
2017-03-08,199.583,2.375,90.0,76.292,63.0,11.417,17.792,19.458,1.667,6.792,95.0,1.375,9.583,,,,211.0
2017-03-09,193.833,2.391,92.0,87.0,74.0,8.042,13.87,17.261,3.391,2.667,225.0,1.739,4.583,,,,201.875
2017-03-10,195.208,2.25,81.0,62.5,54.0,5.542,7.208,8.167,0.958,6.708,0.0,2.542,10.417,,,,200.75
2017-03-11,198.875,2.625,88.0,65.208,52.0,10.917,16.375,18.625,2.25,8.292,0.0,1.833,11.083,,,,209.792
2017-03-12,197.917,2.792,91.0,74.125,54.0,10.167,15.417,17.708,2.292,8.667,15.0,2.208,11.458,,,,208.083
2017-03-13,197.5,2.3,85.0,71.958,54.0,11.375,19.75,22.542,2.792,11.917,0.0,1.792,16.708,,,,208.875
2017-03-14,202.522,3.1,87.0,71.75,57.0,17.13,24.292,29.25,4.958,18.25,0.0,2.5,27.542,,,,219.652
2017-03-15,198.208,3.083,92.0,82.708,67.0,7.25,10.25,11.083,0.833,14.0,85.0,1.167,14.5,,,,205.458
2017-03-16,197.583,2.0,92.0,77.5,59.0,4.625,5.174,5.957,0.783,6.615,125.0,0.792,9.565,,,,202.208
2017-03-17,203.375,2.792,88.0,61.792,38.0,12.25,18.0,26.125,8.125,8.0,20.0,1.708,10.0,2.7,-1.288,-6.7,215.625
2017-03-18,200.042,2.0,77.0,57.542,42.0,5.167,5.875,6.167,0.292,5.958,0.0,0.667,7.625,7.5,4.179,0.3,205.208
2017-03-19,198.417,2.167,84.0,55.333,39.0,6.792,7.375,8.333,0.958,6.917,0.0,2.375,10.583,6.2,2.067,-1.4,205.208
2017-03-20,200.542,2.125,85.0,68.75,41.0,6.042,7.208,8.583,1.375,6.458,35.0,1.75,8.125,-0.4,-1.808,-3.1,206.583
2017-03-21,199.826,2.458,81.0,59.0,37.0,8.304,12.75,14.75,2.0,6.542,0.0,1.292,8.5,3.7,-0.571,-5.5,208.13
2017-03-22,196.75,2.708,71.0,62.667,48.0,9.708,13.875,16.333,2.458,7.75,0.0,2.75,11.375,6.8,3.408,-0.1,206.458
2017-03-23,196.042,2.609,66.0,59.708,46.0,9.0,11.87,13.87,2.0,6.375,0.0,2.652,9.458,4.5,2.358,0.6,205.042
2017-03-24,198.083,2.625,73.0,54.875,37.0,9.375,14.542,16.792,2.25,8.583,0.0,1.292,10.625,9.5,4.625,-1.2,207.458
2017-03-25,197.875,2.875,85.0,57.917,43.0,10.375,12.375,13.458,1.083,11.375,10.0,1.458,17.208,9.0,6.917,4.1,208.25
2017-03-26,198.167,4.083,85.0,72.625,57.0,14.042,19.75,22.083,2.333,20.458,0.0,2.125,28.792,7.9,5.417,2.5,212.208
2017-03-27,198.25,3.083,76.0,61.0,45.0,12.25,16.125,18.292,2.167,17.125,0.0,1.125,21.083,12.4,6.721,0.2,210.5
2017-03-28,199.783,3.625,82.0,60.0,46.0,9.783,12.833,13.417,0.583,28.042,0.0,1.5,38.292,15.9,11.125,5.4,209.565
2017-03-29,198.833,3.0,82.0,58.875,43.0,10.5,10.75,11.458,0.708,18.583,0.0,1.667,25.375,10.9,7.567,4.2,209.333
2017-03-30,196.792,2.304,72.0,45.667,24.0,8.083,8.087,9.0,0.913,6.667,0.0,2.042,8.542,7.9,5.329,3.1,204.875
2017-03-31,202.292,3.417,65.0,45.417,18.0,17.5,19.875,25.125,5.25,18.125,0.0,1.667,20.667,15.0,7.562,0.0,219.792
2017-04-01,197.208,3.042,79.0,62.125,40.0,14.292,17.042,19.125,2.083,8.458,0.0,1.625,10.375,6.1,2.425,-1.8,211.5
2017-04-02,195.708,2.875,79.0,65.25,51.0,10.417,12.375,13.333,0.958,10.25,0.0,1.417,13.417,6.8,3.579,-0.7,206.125
2017-04-03,196.708,3.833,84.0,59.25,39.0,14.125,19.833,21.75,1.917,20.5,0.0,2.333,23.542,11.2,6.392,0.9,210.833
2017-04-04,203.042,5.125,78.0,70.667,59.0,28.25,30.625,37.625,7.0,21.417,0.0,1.458,25.917,10.4,6.754,3.0,231.292
2017-04-05,206.5,3.708,85.0,60.042,40.0,18.15,19.708,21.75,2.042,21.762,0.0,2.0,28.0,14.8,8.55,2.5,224.65
2017-04-06,194.125,3.417,85.0,59.167,33.0,14.958,12.458,13.625,1.167,20.958,0.0,2.125,30.042,17.5,11.438,5.9,209.083
2017-04-07,192.652,3.13,88.0,70.542,47.0,12.391,10.043,11.13,1.087,10.25,5.0,1.0,13.333,10.0,7.783,3.8,205.043
2017-04-08,194.167,2.208,74.0,60.708,41.0,8.917,5.333,6.167,0.833,6.083,0.0,0.5,8.292,6.9,5.312,4.2,203.083
2017-04-09,192.458,2.167,86.0,51.917,27.0,8.0,4.125,5.208,1.083,7.292,0.0,1.125,11.583,9.1,6.271,4.4,200.458
2017-04-10,194.0,2.333,60.0,46.167,35.0,8.958,6.458,7.708,1.25,5.417,0.0,0.958,8.542,8.6,6.525,4.3,202.958
2017-04-11,193.583,2.167,84.0,60.25,42.0,8.25,5.292,5.875,0.583,9.625,20.0,0.708,13.458,10.2,6.788,3.9,201.833
2017-04-12,190.708,2.0,89.0,62.208,30.0,6.75,4.833,6.458,1.625,2.958,40.0,0.958,7.042,4.8,3.175,2.0,197.458
2017-04-13,193.833,2.292,85.0,57.958,40.0,7.75,7.5,9.042,1.542,9.75,35.0,1.208,11.875,3.4,1.425,-2.3,201.583
2017-04-14,198.217,2.957,69.0,50.0,30.0,11.217,11.609,13.87,2.261,19.318,0.0,1.208,25.304,16.7,10.817,1.6,209.435
2017-04-15,193.875,2.292,77.0,50.958,30.0,6.708,4.333,4.542,0.208,15.75,0.0,0.833,23.792,18.4,14.5,9.0,200.583
2017-04-16,193.375,2.583,75.0,49.583,22.0,8.458,5.042,5.875,0.833,15.542,0.0,1.042,21.458,16.0,11.729,5.7,201.833
2017-04-17,195.792,2.5,73.0,50.833,33.0,12.167,9.542,11.375,1.833,7.792,0.0,1.25,10.625,13.7,9.033,4.4,207.958
2017-04-18,193.5,1.958,90.0,80.042,55.0,8.042,9.125,9.667,0.542,5.042,265.0,0.375,7.792,8.7,6.888,3.9,201.542
2017-04-19,192.792,2.042,88.0,81.833,70.0,7.458,5.875,6.75,0.875,2.625,40.0,0.25,7.583,8.2,5.921,2.6,200.25
2017-04-20,194.292,1.958,84.0,67.833,56.0,4.333,3.792,4.833,1.042,4.667,5.0,0.708,8.042,6.1,4.188,2.2,198.625
2017-04-21,195.174,2.0,78.0,59.458,38.0,7.609,7.783,8.652,0.87,6.5,0.0,1.435,8.958,12.9,6.733,3.3,202.783
2017-04-22,195.417,2.208,90.0,84.417,75.0,8.167,11.125,11.917,0.792,4.792,115.0,1.792,7.708,5.9,4.188,2.7,203.583
2017-04-23,196.75,2.167,89.0,71.5,55.0,6.167,7.083,7.208,0.125,3.25,0.0,2.583,5.833,8.7,5.458,3.1,202.917
2017-04-24,198.75,2.875,77.0,56.458,37.0,14.333,16.333,18.667,2.333,6.542,0.0,1.708,8.625,15.3,8.725,2.6,213.083
2017-04-25,195.5,2.208,88.0,64.417,36.0,7.958,8.208,8.542,0.333,8.292,50.0,1.0,12.417,18.3,11.417,6.8,203.458
2017-04-26,197.0,2.458,91.0,64.708,34.0,11.375,11.792,12.833,1.042,8.875,0.0,0.917,13.083,15.9,10.142,4.9,208.375
2017-04-27,194.75,2.125,76.0,59.708,39.0,10.25,8.833,9.5,0.667,5.958,0.0,1.083,8.458,13.4,9.033,5.4,205.0
2017-04-28,195.435,2.043,83.0,61.708,48.0,6.957,6.261,6.783,0.522,4.565,0.0,0.792,8.208,13.1,9.521,5.4,202.391
2017-04-29,194.292,2.25,80.0,59.5,43.0,9.833,8.542,8.875,0.333,9.125,0.0,1.208,12.458,14.5,11.296,6.9,204.125
2017-04-30,195.167,2.208,82.0,63.75,51.0,10.042,8.292,8.375,0.083,10.958,15.0,1.167,15.958,14.3,10.462,7.6,205.208
2017-05-01,196.083,2.0,87.0,69.75,54.0,6.375,5.458,5.792,0.333,5.417,10.0,1.0,9.458,11.8,9.038,6.8,202.458
2017-05-02,197.375,2.417,90.0,72.25,55.0,8.667,7.417,7.958,0.542,5.417,0.0,0.875,9.667,13.2,9.296,6.8,206.042
2017-05-03,204.583,2.708,78.0,41.875,16.0,17.542,13.708,15.958,2.25,6.167,0.0,1.25,8.75,23.1,14.825,6.0,222.125
2017-05-04,200.583,2.375,56.0,37.208,21.0,13.167,9.333,10.208,0.875,8.125,0.0,1.625,12.333,25.5,17.767,8.8,213.75
2017-05-05,196.826,2.565,61.0,49.5,31.0,15.522,11.261,11.913,0.652,11.667,0.0,1.261,16.958,24.6,17.254,10.8,212.348
2017-05-06,192.875,2.083,80.0,53.917,22.0,10.375,6.75,7.375,0.625,10.417,10.0,0.917,16.0,18.5,13.921,8.8,203.25
2017-05-07,191.25,1.917,54.0,36.0,19.0,4.542,1.708,1.833,0.125,21.125,0.0,0.375,23.167,16.1,12.779,8.8,195.792
2017-05-08,192.917,2.125,78.0,60.583,40.0,8.542,6.083,6.75,0.667,14.167,10.0,0.375,20.083,12.3,9.488,6.6,201.458
2017-05-09,198.625,2.25,85.0,52.667,32.0,13.917,10.375,12.75,2.375,8.75,0.0,1.042,10.875,18.8,12.146,3.4,212.542
2017-05-10,193.792,1.708,82.0,60.917,34.0,7.875,4.417,4.792,0.375,7.75,0.0,0.833,13.167,17.7,13.017,11.2,201.667
2017-05-11,193.125,1.792,92.0,84.417,74.0,10.917,10.833,11.958,1.125,5.0,50.0,0.667,8.667,15.3,12.958,11.8,204.042
2017-05-12,193.913,2.0,88.0,74.75,56.0,7.957,6.348,7.0,0.652,5.545,5.0,0.667,11.304,18.3,13.667,10.1,201.87
2017-05-13,193.417,2.0,83.0,55.125,41.0,6.542,3.292,3.583,0.292,6.333,0.0,0.542,11.292,13.9,11.042,8.8,199.958
2017-05-14,193.125,2.0,73.0,57.875,37.0,5.542,2.208,2.208,0.0,5.458,0.0,0.042,9.792,11.5,9.317,7.7,198.667
2017-05-15,193.542,1.708,80.0,73.083,63.0,5.625,2.583,2.708,0.125,3.25,0.0,0.125,6.958,11.5,9.654,7.9,199.167
2017-05-16,194.25,2.0,87.0,78.833,68.0,8.708,8.833,9.5,0.667,3.292,25.0,0.167,5.0,12.6,10.783,9.4,202.958
2017-05-17,195.417,2.417,84.0,66.708,49.0,13.583,11.25,12.25,1.0,6.0,0.0,0.917,10.042,19.5,14.075,9.0,209.0
2017-05-18,195.0,2.333,78.0,50.75,25.0,16.208,11.167,12.625,1.458,7.417,0.0,1.625,11.375,25.1,17.796,11.2,211.208
2017-05-19,195.957,2.261,72.0,43.417,27.0,16.217,10.609,11.478,0.87,7.667,0.0,1.13,12.417,27.2,19.438,12.0,212.174
2017-05-20,193.708,2.417,81.0,59.333,38.0,12.5,7.0,7.292,0.292,14.458,0.0,1.75,24.0,23.7,16.775,13.1,206.208
2017-05-21,195.417,2.542,91.0,67.625,46.0,13.5,5.792,6.083,0.292,17.625,0.0,0.958,25.833,22.9,16.229,13.0,208.917
2017-05-22,195.042,2.583,91.0,77.667,63.0,13.583,9.292,9.542,0.25,17.0,0.0,0.458,22.208,15.9,14.242,13.4,208.625
2017-05-23,193.542,2.292,82.0,68.042,61.0,9.208,4.667,4.708,0.042,13.5,0.0,0.917,18.0,16.5,14.275,11.6,202.75
2017-05-24,194.625,2.417,88.0,80.167,69.0,12.25,9.0,9.667,0.667,11.625,0.0,0.958,15.458,16.3,13.146,11.0,206.875
2017-05-25,192.958,2.042,84.0,75.375,60.0,9.292,4.708,5.125,0.417,11.0,0.0,0.292,14.583,18.7,14.412,12.0,202.25
2017-05-26,195.783,2.217,86.0,68.708,50.0,13.913,9.478,10.652,1.174,12.0,0.0,1.125,14.75,22.6,16.708,11.5,209.696
2017-05-27,196.292,2.292,91.0,86.583,75.0,18.542,14.167,16.833,2.667,6.667,310.0,0.708,11.25,16.0,14.192,10.8,214.833
2017-05-28,193.167,2.083,92.0,86.667,74.0,10.167,7.333,8.667,1.333,4.5,95.0,0.042,8.125,14.4,12.467,10.4,203.333
2017-05-29,195.25,2.042,93.0,66.917,42.0,12.833,8.958,10.542,1.583,11.417,5.0,0.875,15.5,24.8,17.408,9.7,208.083
2017-05-30,195.083,2.208,76.0,61.875,44.0,16.875,11.542,13.083,1.542,14.958,0.0,1.833,21.917,24.9,19.496,14.5,211.958
2017-05-31,195.375,2.375,79.0,67.75,49.0,12.542,6.875,8.208,1.333,22.125,0.0,1.375,32.208,23.0,17.358,14.5,207.917
2017-06-01,198.375,2.583,92.0,84.042,73.0,14.708,10.375,11.75,1.375,18.917,275.0,1.458,29.708,18.7,16.15,13.4,213.083
2017-06-02,193.391,1.87,92.0,73.833,54.0,9.261,5.522,6.0,0.478,2.75,50.0,0.783,8.5,20.7,15.8,10.8,202.652
2017-06-03,193.958,1.333,88.0,72.5,59.0,6.917,4.458,4.333,-0.125,1.0,10.0,0.25,4.875,12.6,10.325,7.1,200.875
2017-06-04,194.391,1.167,88.0,82.125,76.0,5.87,3.417,3.083,-0.333,1.625,15.0,0.083,5.25,11.4,9.275,6.4,200.261
2017-06-05,196.292,1.333,87.0,71.667,54.0,7.5,6.75,6.917,0.167,3.833,0.0,1.083,7.333,15.3,11.538,8.2,203.792
2017-06-06,197.042,2.083,86.0,64.458,33.0,14.375,9.458,10.583,1.125,8.5,0.0,1.0,12.375,22.9,14.879,8.2,211.417
2017-06-07,195.875,2.042,84.0,61.667,42.0,14.042,10.458,11.375,0.917,7.375,15.0,1.667,11.375,21.6,15.65,10.0,209.917
2017-06-08,193.375,1.875,87.0,76.083,63.0,7.125,4.708,4.375,-0.333,3.875,50.0,0.208,8.625,18.3,15.717,13.1,200.5
2017-06-09,194.143,2.043,82.0,59.958,36.0,8.714,5.478,5.87,0.391,8.292,0.0,0.833,14.391,24.6,18.804,14.5,202.857
2017-06-10,193.5,2.0,87.0,83.167,76.0,8.042,6.0,6.583,0.583,7.292,125.0,1.0,13.042,15.4,14.138,12.2,201.542
2017-06-11,193.375,1.75,89.0,78.75,60.0,6.25,2.708,3.417,0.708,4.167,55.0,0.75,8.958,17.1,12.638,8.9,199.625
2017-06-12,194.083,1.333,76.0,65.458,56.0,6.542,4.042,5.208,1.167,3.583,0.0,0.667,7.708,13.9,11.488,8.2,200.625
2017-06-13,195.417,1.875,79.0,67.0,52.0,13.0,8.167,9.75,1.583,7.5,0.0,1.167,12.625,18.2,14.158,8.6,208.417
2017-06-14,194.083,1.958,79.0,67.25,43.0,10.458,7.167,8.458,1.292,7.458,0.0,1.083,13.708,23.4,16.3,12.2,204.542
2017-06-15,193.958,1.75,89.0,80.375,70.0,9.0,7.167,8.0,0.833,9.333,30.0,0.875,13.125,16.0,14.546,13.2,202.958
2017-06-16,190.913,1.739,85.0,71.125,44.0,8.348,4.391,5.043,0.652,5.792,0.0,0.478,10.75,21.7,17.058,14.3,199.261
2017-06-17,191.208,1.542,88.0,73.417,49.0,6.75,2.792,3.25,0.458,6.375,0.0,0.333,10.958,20.4,16.021,13.4,197.958
2017-06-18,192.667,1.75,83.0,59.375,30.0,7.875,3.833,4.25,0.417,5.958,0.0,0.667,10.708,24.5,19.096,13.5,200.542
2017-06-19,191.0,1.708,77.0,67.042,50.0,8.208,5.75,6.75,1.0,8.583,0.0,0.5,13.958,21.5,17.779,14.5,199.208
2017-06-20,192.583,2.0,87.0,71.833,47.0,11.583,7.042,8.708,1.667,10.833,0.0,0.667,16.167,23.6,17.354,12.6,204.167
2017-06-21,191.458,2.0,91.0,75.667,43.0,9.208,5.542,6.458,0.917,9.5,180.0,0.292,17.167,24.6,18.533,13.6,200.667
2017-06-22,190.125,2.0,93.0,87.333,80.0,9.042,5.042,5.625,0.583,6.875,430.0,0.083,12.958,17.3,16.488,16.0,199.167
2017-06-23,191.522,1.391,91.0,81.667,68.0,10.217,3.957,3.87,-0.087,10.292,0.0,0.333,17.208,19.7,16.608,14.4,201.739
2017-06-24,195.583,2.292,92.0,83.958,75.0,16.0,11.375,12.042,0.667,15.833,15.0,0.625,23.875,20.3,17.425,14.8,211.583
2017-06-25,193.5,1.875,92.0,90.917,86.0,10.917,6.25,6.458,0.208,5.875,240.0,0.042,12.292,17.0,14.908,11.4,204.417
2017-06-26,190.333,1.0,84.0,76.417,66.0,7.167,3.125,3.375,0.25,2.333,0.0,0.0,6.417,14.7,13.054,11.8,197.5
2017-06-27,192.0,1.0,79.0,69.625,50.0,10.0,5.167,5.542,0.375,5.375,0.0,0.542,8.917,21.2,15.642,11.6,202.0
2017-06-28,198.25,1.208,87.0,71.458,59.0,11.875,5.375,6.0,0.625,5.125,0.0,0.292,9.042,20.7,17.346,13.1,210.125
2017-06-29,193.75,1.667,82.0,73.167,59.0,13.458,11.042,12.375,1.333,11.583,0.0,1.5,18.208,24.2,19.612,16.1,207.208
2017-06-30,192.435,2.13,85.0,62.083,38.0,14.435,10.174,11.435,1.261,10.583,0.0,1.304,16.625,28.4,21.962,16.0,206.87
2017-07-01,195.208,2.333,87.0,72.167,50.0,14.167,7.375,7.792,0.417,12.958,15.0,0.833,22.208,28.8,23.05,19.6,209.375
2017-07-02,196.708,2.542,89.0,81.5,68.0,13.417,5.833,6.5,0.667,9.917,0.0,0.417,20.375,24.0,19.667,16.5,210.125
2017-07-03,193.833,2.167,92.0,85.208,68.0,11.375,7.542,8.333,0.792,7.0,0.0,0.25,10.75,21.8,17.604,16.1,205.208
2017-07-04,195.5,2.417,92.0,84.667,73.0,15.083,10.292,12.458,2.167,5.333,45.0,0.5,11.125,21.7,18.888,16.9,210.583
2017-07-05,193.792,2.0,92.0,79.042,67.0,11.417,5.667,6.583,0.917,5.75,0.0,0.292,12.083,23.1,19.471,17.0,205.208
2017-07-06,192.458,2.083,82.0,63.958,42.0,14.0,7.667,8.708,1.042,7.167,0.0,1.083,10.458,28.8,23.029,18.6,206.458
2017-07-07,199.0,2.348,86.0,62.083,40.0,18.353,9.783,10.783,1.0,14.125,0.0,1.333,22.043,32.2,25.183,19.1,217.353
2017-07-08,199.875,2.208,83.0,63.667,39.0,14.542,6.708,7.708,1.0,10.792,0.0,1.25,19.917,29.7,24.125,20.0,214.417
2017-07-09,194.458,1.792,82.0,68.875,49.0,14.458,5.667,6.292,0.625,9.417,0.0,0.583,14.5,32.2,25.15,19.8,208.917
2017-07-10,188.708,1.792,82.0,73.792,53.0,17.5,9.083,11.25,2.167,9.167,0.0,0.708,18.708,31.8,26.246,23.4,206.208
2017-07-11,191.25,2.375,88.0,77.417,66.0,15.375,10.708,12.25,1.542,16.292,20.0,0.667,27.167,28.4,24.888,21.6,206.625
2017-07-12,187.708,2.292,87.0,78.458,70.0,14.458,8.583,9.75,1.167,11.417,0.0,0.542,20.667,27.2,23.742,21.3,202.167
2017-07-13,194.625,2.75,86.0,66.667,46.0,20.75,12.0,14.083,2.083,14.417,0.0,0.75,23.083,32.6,26.342,20.9,215.375
2017-07-14,193.739,2.304,80.0,62.042,37.0,15.435,9.0,10.043,1.043,18.375,0.0,0.957,30.042,34.2,27.342,21.9,209.174
2017-07-15,194.417,2.375,83.0,64.667,47.0,13.792,6.875,7.458,0.583,24.542,0.0,0.875,36.625,32.8,27.317,21.2,208.208
2017-07-16,192.458,2.042,90.0,79.042,68.0,13.042,6.167,6.75,0.583,15.083,340.0,0.833,27.208,26.9,23.6,21.2,205.5
2017-07-17,191.958,2.0,91.0,86.083,78.0,8.875,3.542,3.708,0.167,6.478,0.0,0.208,12.625,22.5,20.7,18.8,200.833
2017-07-18,194.125,2.042,93.0,85.458,76.0,12.083,8.958,10.667,1.708,3.833,55.0,0.5,8.083,20.8,18.642,17.4,206.208
2017-07-19,192.333,1.625,86.0,75.167,61.0,10.333,4.875,5.875,1.0,3.708,0.0,0.333,9.958,23.8,20.238,16.8,202.667
2017-07-20,194.083,1.917,84.0,76.042,69.0,12.292,7.5,8.917,1.417,6.667,0.0,0.25,10.583,24.9,22.083,18.6,206.375
2017-07-21,194.652,2.087,87.0,77.0,69.0,13.217,10.0,11.087,1.087,15.042,5.0,0.542,25.125,26.6,23.692,21.1,207.87
2017-07-22,191.625,2.0,92.0,79.125,61.0,9.333,3.917,4.375,0.458,3.792,140.0,0.083,9.792,25.0,21.65,19.4,200.958
2017-07-23,192.417,2.0,88.0,76.75,60.0,8.708,3.167,3.667,0.5,3.625,0.0,0.375,9.083,26.7,22.033,19.4,201.125
2017-07-24,192.0,2.0,87.0,73.167,50.0,9.125,4.125,4.667,0.542,4.375,0.0,0.292,9.958,25.6,21.833,19.3,201.125
2017-07-25,196.583,2.042,86.0,71.75,53.0,13.583,6.667,7.917,1.25,8.458,0.0,0.625,14.5,28.2,22.625,18.5,210.167
2017-07-26,195.25,2.042,75.0,61.25,47.0,11.917,5.792,6.875,1.083,4.625,0.0,0.458,9.958,25.2,21.762,18.0,207.167
2017-07-27,195.458,2.042,76.0,58.25,42.0,11.5,6.708,7.667,0.958,6.125,0.0,1.083,10.208,26.2,22.483,18.7,206.958
2017-07-28,195.545,2.478,83.0,75.333,65.0,14.682,10.087,11.478,1.391,9.667,5.0,0.348,15.458,22.6,20.346,19.5,210.227
2017-07-29,195.625,2.583,87.0,70.5,53.0,15.458,8.583,10.208,1.625,9.833,0.0,0.625,15.792,27.1,22.675,18.7,211.083
2017-07-30,195.667,2.208,86.0,70.833,48.0,13.583,6.083,6.417,0.333,9.083,0.0,0.292,14.625,28.6,23.292,18.7,209.25
2017-07-31,191.208,2.0,92.0,86.417,81.0,12.167,9.042,10.875,1.833,3.542,105.0,0.583,8.708,22.1,21.208,20.2,203.375
2017-08-01,191.208,2.0,92.0,79.167,65.0,11.375,4.792,5.542,0.75,6.042,5.0,0.083,10.958,26.1,22.233,19.9,202.583
2017-08-02,191.917,2.042,81.0,70.75,56.0,11.292,5.708,6.5,0.792,9.875,0.0,0.417,15.958,26.3,23.0,20.7,203.208
2017-08-03,190.083,1.792,83.0,74.25,60.0,10.167,7.042,8.667,1.625,8.542,0.0,0.625,16.542,25.3,21.496,18.8,200.25
2017-08-04,191.783,1.13,85.0,75.708,64.0,10.609,7.783,9.565,1.783,12.208,0.0,0.583,18.5,24.2,20.379,17.2,202.391
2017-08-05,190.125,1.167,87.0,75.833,63.0,10.167,5.375,6.375,1.0,13.542,0.0,0.0,25.125,26.5,21.929,18.6,200.292
2017-08-06,190.208,1.292,85.0,71.833,55.0,10.083,4.083,4.5,0.417,14.458,0.0,0.042,25.458,28.8,23.942,19.3,200.292
2017-08-07,190.435,2.0,83.0,69.833,55.0,11.174,6.375,8.083,1.708,11.792,0.0,0.417,22.0,28.4,23.675,20.0,201.609
2017-08-08,188.75,1.5,78.0,67.208,48.0,11.917,7.625,9.583,1.958,8.333,0.0,0.583,14.292,27.2,22.825,18.5,200.667
2017-08-09,196.375,1.958,85.0,75.708,66.0,13.875,9.958,12.333,2.375,7.125,15.0,1.375,12.417,23.0,20.446,18.2,210.25
2017-08-10,191.333,1.375,85.0,75.0,60.0,15.167,9.208,10.708,1.5,6.083,0.0,1.0,12.174,25.7,21.788,18.8,206.5
2017-08-11,187.333,1.0,84.0,74.625,65.0,9.667,4.826,5.826,1.0,2.792,0.0,0.696,7.125,24.9,21.454,18.6,197.0
2017-08-12,190.792,1.125,92.0,86.792,75.0,10.083,7.042,7.917,0.875,1.583,310.0,0.0,6.542,21.2,18.15,17.3,200.875
2017-08-13,188.375,1.0,90.0,78.542,68.0,7.625,3.083,3.25,0.167,1.125,10.0,0.042,5.417,21.7,19.067,16.6,196.0
2017-08-14,188.304,1.0,82.0,72.25,62.0,8.304,3.125,3.667,0.542,1.417,0.0,0.0,5.625,23.1,20.846,18.5,196.609
2017-08-15,189.75,1.458,81.0,67.375,48.0,10.75,5.167,5.958,0.792,3.083,0.0,0.042,5.875,26.5,22.1,19.5,200.5
2017-08-16,191.042,1.208,79.0,65.375,52.0,9.542,4.958,5.458,0.5,4.792,0.0,0.417,10.375,25.4,21.542,18.5,200.583
2017-08-17,189.833,1.042,80.0,70.792,63.0,9.583,4.458,5.292,0.833,2.792,0.0,0.167,7.292,23.1,20.258,18.6,199.417
2017-08-18,187.833,0.652,81.0,72.583,64.0,9.667,5.609,6.478,0.87,2.083,0.0,0.125,6.958,24.8,21.246,18.7,197.5
2017-08-19,191.5,1.042,85.0,73.333,57.0,12.667,6.875,8.417,1.542,6.125,0.0,0.125,11.208,25.6,21.45,18.2,204.167
2017-08-20,190.417,1.083,90.0,75.042,58.0,13.0,5.75,6.667,0.917,9.167,0.0,0.0,15.708,25.9,21.233,17.6,203.417
2017-08-21,188.13,1.042,82.0,71.292,59.0,10.435,6.542,8.208,1.667,6.792,0.0,0.125,13.417,26.2,22.0,17.7,198.565
2017-08-22,189.792,1.875,91.0,87.417,80.0,13.208,9.708,11.0,1.292,4.042,345.0,0.0,8.375,22.6,21.096,20.3,203.0
2017-08-23,188.75,2.292,91.0,74.667,58.0,15.167,8.625,10.208,1.583,5.333,0.0,0.125,10.333,29.0,24.642,21.3,203.917
2017-08-24,192.625,2.667,90.0,79.458,65.0,14.5,11.375,13.208,1.833,7.833,15.0,0.083,14.5,25.1,23.542,21.6,207.125
2017-08-25,191.136,2.643,92.0,68.042,42.0,11.591,6.304,6.913,0.609,8.522,55.0,0.0,14.625,26.1,23.038,20.4,202.727
2017-08-26,192.833,2.292,63.0,51.083,37.0,11.417,6.167,6.5,0.333,9.167,0.0,0.25,14.708,27.7,23.004,20.0,204.25
2017-08-27,194.833,2.583,72.0,57.917,45.0,10.792,4.625,4.917,0.292,7.542,0.0,0.333,12.375,24.9,21.904,18.5,205.625
2017-08-28,195.708,2.417,78.0,65.125,51.0,11.0,5.792,6.5,0.708,11.583,0.0,0.667,15.875,23.7,20.412,17.5,206.708
2017-08-29,193.708,2.208,89.0,75.25,54.0,13.0,9.917,12.375,2.458,7.042,35.0,0.458,12.875,22.8,19.408,16.6,206.708
2017-08-30,191.333,1.792,70.0,55.583,47.0,8.917,5.375,7.125,1.75,2.542,0.0,0.375,5.25,20.5,17.75,13.4,200.25
2017-08-31,194.542,1.458,74.0,60.583,48.0,10.125,5.708,6.5,0.792,3.583,0.0,0.292,8.25,22.0,18.612,15.3,204.667
2017-09-01,196.0,1.304,78.0,61.167,48.0,14.905,6.826,8.261,1.435,2.292,0.0,0.417,7.174,21.5,18.471,15.4,210.905
2017-09-02,196.583,1.542,77.0,68.208,56.0,12.667,7.833,9.292,1.458,5.542,0.0,0.875,9.583,21.0,18.35,15.9,209.25
2017-09-03,197.167,1.208,83.0,65.458,54.0,11.25,4.0,4.5,0.5,4.958,0.0,0.625,9.0,20.3,17.658,14.2,208.417
2017-09-04,196.125,1.458,71.0,58.0,41.0,11.5,6.875,8.5,1.625,5.417,0.0,1.458,9.667,25.3,19.892,14.6,207.625
2017-09-05,204.333,2.208,81.0,62.042,41.0,19.833,11.5,14.375,2.875,6.917,0.0,0.75,9.667,25.7,20.512,15.1,224.167
2017-09-06,193.417,1.958,80.0,68.5,54.0,10.167,4.5,4.833,0.333,7.208,0.0,0.125,12.583,24.8,21.212,18.0,203.583
2017-09-07,192.333,2.125,80.0,69.958,54.0,12.417,7.0,7.917,0.917,9.5,0.0,0.625,13.583,24.8,21.008,17.4,204.75
2017-09-08,199.565,1.739,89.0,74.375,54.0,14.696,7.435,8.913,1.478,8.625,0.0,0.348,14.75,24.9,20.825,16.9,214.261
2017-09-09,194.333,1.667,84.0,69.333,58.0,12.042,6.458,7.083,0.625,5.542,5.0,0.458,9.75,23.7,19.796,16.9,206.375
2017-09-10,194.833,1.417,87.0,62.292,47.0,8.958,4.0,4.292,0.292,1.583,50.0,0.417,5.083,22.5,17.504,13.3,203.792
2017-09-11,197.625,1.917,74.0,60.458,39.0,11.792,7.208,8.333,1.125,3.75,0.0,0.958,7.833,22.9,18.096,13.8,209.417
2017-09-12,196.292,2.0,93.0,87.042,65.0,11.333,9.042,9.792,0.75,3.625,270.0,0.625,7.625,18.2,16.283,15.5,207.625
2017-09-13,195.292,2.292,92.0,78.417,59.0,14.542,11.375,12.75,1.375,4.417,60.0,0.792,9.333,22.2,18.408,16.1,209.833
2017-09-14,195.458,1.625,85.0,66.708,57.0,10.0,6.458,6.583,0.125,2.167,25.0,0.208,4.875,21.1,17.738,13.9,205.458
2017-09-15,195.478,1.565,88.0,71.583,55.0,13.217,7.87,9.435,1.565,3.227,0.0,0.625,8.292,20.6,16.662,13.5,208.696
2017-09-16,197.958,1.583,86.0,70.083,44.0,11.083,8.292,10.333,2.042,5.917,0.0,2.375,11.667,20.7,16.279,12.1,209.042
2017-09-17,194.5,1.083,84.0,70.833,56.0,7.542,2.792,2.792,0.0,5.375,0.0,1.167,10.375,19.1,16.617,14.7,202.042
2017-09-18,190.917,1.75,93.0,78.667,57.0,8.042,4.25,4.5,0.25,1.917,620.0,0.083,5.25,19.9,16.142,13.8,198.958
2017-09-19,194.667,2.5,92.0,75.292,51.0,13.583,10.458,11.0,0.542,7.042,115.0,0.083,13.458,22.9,19.104,15.9,208.25
2017-09-20,198.333,3.208,92.0,80.708,59.0,17.042,13.417,14.792,1.375,9.958,85.0,0.375,15.458,23.2,18.062,15.1,215.375
2017-09-21,192.625,1.667,91.0,65.208,44.0,11.167,8.25,9.208,0.958,2.75,35.0,0.25,7.75,21.0,17.558,13.9,203.792
2017-09-22,196.091,2.261,84.0,68.5,45.0,15.273,10.522,11.739,1.217,6.042,0.0,1.043,8.875,23.6,17.671,11.7,211.364
2017-09-23,193.208,2.0,90.0,82.292,73.0,9.417,4.875,5.083,0.208,6.625,420.0,0.75,10.75,20.8,17.412,14.6,202.625
2017-09-24,193.542,2.25,87.0,76.625,59.0,11.417,6.458,7.0,0.542,4.125,0.0,0.375,6.458,21.6,17.729,14.2,204.958
2017-09-25,194.375,2.125,87.0,65.417,44.0,12.042,7.5,8.458,0.958,3.875,0.0,0.25,8.167,23.5,17.533,13.3,206.417
2017-09-26,195.833,2.375,66.0,53.458,36.0,16.292,10.833,12.667,1.833,4.375,0.0,0.708,7.958,23.9,17.288,11.1,212.125
2017-09-27,195.333,2.083,90.0,70.083,58.0,11.667,7.292,7.75,0.458,7.167,135.0,0.833,12.292,22.2,17.183,12.0,207.0
2017-09-28,197.143,2.125,89.0,60.625,39.0,12.357,8.083,8.833,0.75,3.292,20.0,0.583,5.5,15.1,12.812,10.2,209.5
2017-09-29,195.538,1.957,79.0,61.0,36.0,8.308,8.696,9.957,1.261,4.0,10.0,0.5,6.87,17.9,12.129,8.5,203.846
2017-09-30,197.824,2.062,78.0,59.611,44.0,11.412,9.062,9.5,0.438,4.059,0.0,0.688,9.875,17.0,12.678,9.7,209.235
2017-10-01,198.542,2.0,72.0,58.917,32.0,15.583,6.917,7.542,0.625,6.333,0.0,1.0,9.0,22.0,16.521,10.2,214.125
2017-10-02,194.917,1.708,74.0,64.708,56.0,11.708,6.667,6.917,0.25,9.292,0.0,0.667,17.417,20.2,17.529,14.1,206.625
2017-10-03,194.542,1.25,85.0,66.875,56.0,10.0,6.792,7.75,0.958,2.25,45.0,0.333,7.208,14.8,11.85,8.5,204.542
2017-10-04,199.214,1.333,81.0,70.625,56.0,8.357,5.458,6.0,0.542,2.417,70.0,0.458,6.625,11.0,8.975,7.4,207.571
2017-10-05,201.208,1.667,82.0,53.292,32.0,8.375,7.833,8.375,0.542,4.625,10.0,0.625,6.583,15.6,11.367,7.1,209.583
2017-10-06,198.727,1.783,78.0,66.708,51.0,11.682,8.13,9.087,0.957,5.542,0.0,1.043,8.625,18.8,13.929,7.7,210.409
2017-10-07,190.958,1.458,88.0,78.083,65.0,9.5,4.708,5.25,0.542,4.125,10.0,0.292,9.833,19.4,17.462,15.6,200.458
2017-10-08,195.875,2.292,91.0,81.583,64.0,18.667,8.917,10.75,1.833,5.708,0.0,0.583,10.5,20.0,16.842,14.0,214.542
2017-10-09,194.542,2.583,88.0,78.75,65.0,16.667,10.708,12.875,2.167,14.75,0.0,0.958,20.208,21.2,16.8,12.9,211.208
2017-10-10,191.5,2.083,89.0,67.208,43.0,9.625,6.583,7.958,1.375,3.833,40.0,0.583,6.792,14.8,12.938,10.8,201.125
2017-10-11,194.792,2.0,87.0,70.25,57.0,10.542,9.333,10.667,1.333,5.833,15.0,0.958,7.333,10.5,9.638,8.4,205.333
2017-10-12,193.875,1.833,92.0,83.5,70.0,9.875,8.667,10.792,2.125,2.667,80.0,1.25,6.917,11.9,9.512,7.6,203.75
2017-10-13,192.783,2.13,74.0,56.542,44.0,8.696,8.609,10.217,1.609,7.125,0.0,1.458,9.75,13.6,10.512,9.1,201.478
2017-10-14,194.042,2.042,70.0,51.625,34.0,8.042,6.542,7.375,0.833,6.917,0.0,1.458,8.208,14.8,11.408,7.9,202.083
2017-10-15,193.917,2.0,56.0,45.125,38.0,7.0,3.833,4.5,0.667,8.042,0.0,2.042,9.458,11.3,9.954,7.9,200.917
2017-10-16,198.583,2.333,69.0,48.167,29.0,12.5,11.833,13.0,1.167,9.833,0.0,1.458,11.667,12.4,9.229,5.1,211.083
2017-10-17,198.292,2.208,86.0,65.542,38.0,11.417,9.75,11.292,1.542,10.208,120.0,1.458,12.125,14.6,8.542,4.5,209.708
2017-10-18,198.125,2.5,86.0,64.833,39.0,12.5,12.167,14.75,2.583,11.292,35.0,1.458,13.042,9.6,6.246,4.0,210.625
2017-10-19,203.333,2.792,85.0,64.708,44.0,18.25,14.667,20.333,5.667,12.875,0.0,1.542,14.875,12.4,7.033,0.9,221.583
2017-10-20,198.913,2.565,80.0,71.583,63.0,12.957,9.348,12.391,3.043,12.5,0.0,2.957,16.625,13.5,10.467,5.6,211.87
2017-10-21,193.292,1.667,86.0,68.167,52.0,8.75,3.917,4.792,0.875,3.0,0.0,0.833,7.375,17.1,13.862,10.0,202.042
2017-10-22,194.75,2.083,92.0,73.75,62.0,10.417,4.042,5.292,1.25,12.625,0.0,0.917,18.25,13.1,11.142,8.9,205.167
2017-10-23,191.417,1.667,91.0,70.5,46.0,6.708,3.542,4.667,1.125,4.458,225.0,0.625,8.0,8.6,6.242,2.0,198.125
2017-10-24,196.958,2.958,78.0,60.0,40.0,17.083,15.75,21.375,5.625,13.958,5.0,1.583,17.542,14.0,9.633,5.2,214.042
2017-10-25,199.458,4.167,82.0,62.917,39.0,28.375,25.083,38.5,13.417,14.708,0.0,1.875,17.5,17.4,10.438,3.1,227.833
2017-10-26,193.958,2.833,68.0,54.292,44.0,16.542,14.25,17.208,2.958,13.208,0.0,3.208,16.125,13.6,10.783,7.9,210.5
2017-10-27,200.783,3.783,78.0,59.833,41.0,26.174,24.435,32.826,8.391,11.286,0.0,3.042,14.652,14.5,9.5,5.0,226.957
2017-10-28,196.458,2.208,77.0,67.625,56.0,14.667,10.083,12.125,2.042,10.292,0.0,1.375,14.625,15.5,11.738,5.1,211.125
2017-10-29,190.609,2.0,91.0,69.792,46.0,9.348,4.542,4.917,0.375,10.25,160.0,1.0,14.583,18.6,15.404,11.8,199.957
2017-10-30,191.25,1.958,90.0,74.292,55.0,8.583,3.292,4.0,0.708,5.542,235.0,0.958,10.0,10.6,6.204,3.2,199.833
2017-10-31,195.167,3.042,84.0,58.083,45.0,15.0,13.958,20.167,6.208,14.667,20.0,2.208,16.625,9.3,6.646,3.0,210.167
2017-11-01,196.083,2.458,71.0,62.042,49.0,15.5,14.208,16.5,2.292,12.042,0.0,1.542,15.167,16.1,11.875,5.8,211.583
2017-11-02,197.667,4.125,68.0,55.458,42.0,18.083,17.958,22.583,4.625,39.125,0.0,2.167,48.083,13.3,10.208,7.3,215.75
2017-11-03,196.609,2.957,88.0,76.042,65.0,11.87,8.478,9.087,0.609,27.458,45.0,1.087,33.167,15.9,10.567,6.3,208.478
2017-11-04,194.333,1.875,88.0,67.0,47.0,8.083,5.042,5.75,0.708,6.792,105.0,1.042,8.833,6.4,4.658,3.0,202.417
2017-11-05,196.667,2.792,77.0,57.667,47.0,16.417,12.292,16.333,4.042,20.833,0.0,1.917,25.458,8.3,5.808,3.7,213.083
2017-11-06,197.708,2.792,65.0,53.625,38.0,17.167,16.625,19.375,2.75,12.667,0.0,1.333,14.5,16.8,12.079,6.3,214.875
2017-11-07,211.333,5.083,83.0,69.042,49.0,39.917,31.917,46.333,14.417,23.167,0.0,2.417,29.167,17.0,11.808,6.7,251.25
2017-11-08,196.542,2.5,88.0,78.208,61.0,13.792,10.292,10.833,0.542,15.333,30.0,1.083,22.5,15.8,13.021,10.1,210.333
2017-11-09,193.458,1.75,85.0,60.708,43.0,9.167,4.792,5.792,1.0,7.708,65.0,1.708,10.167,9.1,6.454,4.8,202.625
2017-11-10,194.043,2.043,81.0,59.042,44.0,9.304,8.174,9.478,1.304,5.125,0.0,1.083,6.917,9.9,7.312,4.3,203.348
2017-11-11,191.042,1.875,87.0,73.5,60.0,7.917,2.875,4.208,1.333,3.75,120.0,0.792,5.792,11.3,6.996,3.6,198.958
2017-11-12,193.542,1.833,82.0,58.5,44.0,7.583,5.75,7.125,1.375,3.625,60.0,1.167,7.5,6.6,4.675,2.6,201.125
2017-11-13,196.208,2.042,89.0,68.875,51.0,11.292,10.833,12.708,1.875,3.625,25.0,1.208,6.042,9.4,6.338,2.2,207.5
2017-11-14,193.75,2.458,90.0,64.042,40.0,10.708,9.958,11.625,1.667,7.625,5.0,1.125,10.5,13.9,9.762,6.8,204.458
2017-11-15,196.042,2.292,90.0,78.25,55.0,10.333,11.792,13.917,2.125,5.792,10.0,1.167,6.958,5.2,2.542,1.1,206.375
2017-11-16,196.417,2.5,85.0,64.167,45.0,13.0,14.625,18.25,3.625,6.75,0.0,2.958,8.208,3.9,1.846,-0.7,209.417
2017-11-17,195.348,2.217,71.0,54.583,40.0,12.261,14.783,19.217,4.435,3.542,0.0,1.87,5.583,4.9,2.217,0.1,207.609
2017-11-18,193.75,2.042,92.0,78.417,39.0,8.625,6.75,7.167,0.417,2.417,165.0,0.625,4.125,8.5,3.154,-0.9,202.375
2017-11-19,194.625,2.042,91.0,80.125,60.0,7.25,8.458,9.708,1.25,2.25,180.0,2.125,5.458,-0.5,-2.462,-5.4,201.875
2017-11-20,200.708,3.167,84.0,78.5,70.0,19.208,27.0,38.417,11.417,6.0,0.0,1.542,7.542,-1.8,-3.533,-5.3,219.917
2017-11-21,199.5,2.417,82.0,68.75,60.0,14.25,17.667,22.0,4.333,6.333,0.0,2.333,8.417,0.4,-1.983,-4.4,213.75
2017-11-22,198.75,2.208,86.0,73.625,65.0,11.417,14.625,16.083,1.458,5.75,10.0,1.333,6.958,7.2,3.746,-1.6,210.167
2017-11-23,196.0,2.542,91.0,76.625,52.0,14.042,17.083,22.542,5.458,6.792,30.0,1.333,7.667,4.8,3.462,-0.3,210.042
2017-11-24,199.565,2.304,88.0,81.292,66.0,10.391,12.783,14.217,1.435,7.792,55.0,1.083,11.333,-0.2,-1.879,-2.8,209.957
2017-11-25,203.0,2.542,89.0,81.0,68.0,13.667,19.083,22.542,3.458,7.875,20.0,1.292,11.083,-2.0,-2.683,-3.9,216.667
2017-11-26,199.583,2.25,89.0,75.792,61.0,9.167,11.0,12.208,1.208,6.542,35.0,1.667,8.667,2.6,-0.454,-3.9,208.75
2017-11-27,198.625,2.417,64.0,55.083,47.0,9.958,16.042,19.167,3.125,4.125,0.0,2.0,6.75,0.4,-2.058,-4.3,208.583
2017-11-28,199.708,2.167,80.0,71.625,66.0,10.042,11.792,12.708,0.917,5.333,0.0,1.542,8.417,7.5,4.771,-0.9,209.75
2017-11-29,199.042,2.875,90.0,72.375,54.0,12.875,11.917,17.667,5.75,9.417,40.0,1.5,12.708,10.3,4.283,-3.3,211.917
2017-11-30,197.75,2.0,73.0,57.0,46.0,8.542,7.833,9.875,2.042,5.375,0.0,2.208,6.0,-2.7,-3.775,-4.8,206.292
2017-12-01,198.636,2.174,75.0,56.25,42.0,8.409,12.826,15.696,2.87,3.708,0.0,2.0,6.417,-2.4,-4.262,-5.5,207.045
2017-12-02,199.542,2.458,81.0,65.208,51.0,9.0,14.208,15.542,1.333,6.917,0.0,1.708,9.583,-2.1,-3.312,-4.5,208.542
2017-12-03,206.917,4.333,90.0,79.5,64.0,19.875,23.708,35.375,11.667,10.125,10.0,1.625,14.167,2.1,0.104,-2.6,226.792
2017-12-04,199.875,3.542,86.0,60.292,42.0,14.333,19.208,23.792,4.583,8.75,5.0,2.208,10.208,1.8,-0.212,-2.7,214.208
2017-12-05,196.958,2.792,91.0,81.042,59.0,11.375,18.292,21.125,2.833,4.208,205.0,2.167,8.167,0.2,-1.688,-3.6,208.333
2017-12-06,197.458,2.792,81.0,68.125,45.0,10.792,19.542,24.333,4.792,5.833,0.0,2.417,10.667,-3.6,-4.688,-6.0,208.25
2017-12-07,202.667,3.542,83.0,64.75,49.0,20.708,32.042,45.125,13.083,8.667,0.0,2.625,9.6,-1.6,-3.833,-6.4,223.375
2017-12-08,197.609,2.261,90.0,79.833,43.0,10.043,16.522,20.0,3.478,5.167,160.0,3.167,5.667,-0.2,-3.313,-5.1,207.652
2017-12-09,199.458,3.083,78.0,66.0,51.0,13.917,25.958,40.5,14.542,4.708,0.0,2.917,6.917,,,,213.375
2017-12-10,203.458,2.958,89.0,65.417,51.0,13.792,18.375,22.708,4.333,6.75,10.0,1.667,8.625,,,,217.25
2017-12-11,200.208,3.417,92.0,72.083,45.0,15.042,19.042,27.75,8.708,5.792,50.0,1.75,10.083,,,,215.25
2017-12-12,196.167,2.292,80.0,63.542,41.0,7.792,9.083,10.833,1.75,5.708,0.0,1.333,6.833,-2.1,-3.747,-4.7,203.958
2017-12-13,195.333,2.292,80.0,60.833,42.0,7.583,10.5,13.208,2.708,3.583,0.0,2.0,6.833,-2.3,-3.262,-4.0,202.917
2017-12-14,198.583,2.542,80.0,59.083,47.0,9.0,14.375,16.333,1.958,3.5,0.0,1.625,6.292,,,,207.583
2017-12-15,205.478,3.652,83.0,64.625,47.0,23.913,26.826,42.652,15.826,6.125,0.0,2.304,9.625,,,,229.391
2017-12-16,196.375,2.75,91.0,75.583,62.0,11.208,17.5,20.667,3.167,7.5,60.0,1.875,10.167,,,,207.583
2017-12-17,197.667,2.625,82.0,63.292,41.0,8.875,15.917,18.667,2.75,6.833,5.0,2.958,8.125,,,,206.542
2017-12-18,207.273,4.0,89.0,75.125,54.0,20.409,35.375,54.083,18.708,9.083,10.0,2.5,9.0,,,,227.682
2017-12-19,204.375,2.875,89.0,72.042,53.0,10.938,16.917,25.417,8.5,8.958,0.0,4.5,10.625,,,,215.312
2017-12-20,201.833,2.667,84.0,72.958,58.0,10.917,20.208,23.833,3.625,7.083,0.0,2.208,7.583,,,,212.75
2017-12-21,204.167,4.5,90.0,78.208,65.0,24.917,38.125,61.542,23.417,7.583,5.0,3.0,9.667,,,,229.083
2017-12-22,201.696,3.957,82.0,66.958,52.0,17.913,29.696,41.957,12.261,9.833,0.0,3.708,11.087,,,,219.609
2017-12-23,201.875,4.042,85.0,73.042,62.0,16.833,25.458,33.083,7.625,15.083,5.0,2.708,19.333,,,,218.708
2017-12-24,208.2,4.083,86.0,72.833,56.0,22.3,24.542,31.292,6.75,16.958,0.0,2.667,19.625,,,,230.5
2017-12-25,193.167,2.167,90.0,71.875,51.0,6.0,6.333,6.958,0.625,6.125,25.0,1.625,8.5,,,,199.167
2017-12-26,195.458,2.083,83.0,72.792,55.0,6.208,7.208,8.917,1.708,4.333,30.0,2.667,6.333,,,,201.667
2017-12-27,194.917,2.0,81.0,61.167,50.0,5.875,6.958,9.5,2.542,4.0,5.0,5.042,6.375,,,,200.792
2017-12-28,194.792,2.0,88.0,68.125,53.0,5.333,6.875,8.75,1.875,5.458,40.0,3.542,7.708,,,,200.125
2017-12-29,195.417,1.957,88.0,68.292,54.0,6.0,9.522,11.217,1.696,4.5,25.0,2.696,7.0,,,,201.417
2017-12-30,201.958,3.125,88.0,77.0,64.0,13.333,25.167,36.292,11.125,6.542,10.0,4.25,11.625,,,,215.292
2017-12-31,204.542,3.333,85.0,76.458,68.0,17.333,27.5,41.083,13.583,6.75,0.0,6.542,8.583,,,,221.875
2018-01-01,204.375,2.542,89.0,71.958,57.0,11.708,13.542,18.083,4.542,6.667,0.0,2.25,7.625,0.0,-0.208,-0.3,216.125
2018-01-02,203.417,2.625,76.0,65.5,46.0,9.208,18.833,22.042,3.208,6.542,0.0,2.375,6.0,-0.1,-0.379,-0.6,212.5
2018-01-03,205.958,2.792,82.0,66.958,60.0,13.417,22.0,34.708,12.708,6.042,1.0,3.375,6.208,-0.1,-0.329,-0.7,219.417
2018-01-04,199.913,2.391,86.0,60.542,49.0,7.13,16.522,18.217,1.696,6.348,0.0,1.458,8.0,0.2,0.017,-0.2,207.0
2018-01-05,200.708,3.583,89.0,77.5,50.0,7.542,9.333,10.667,1.333,17.792,8.0,3.625,22.25,0.0,-0.233,-0.3,208.083
2018-01-06,198.875,2.458,87.0,66.917,51.0,4.625,7.667,9.417,1.75,9.625,4.0,3.917,12.083,-0.1,-0.296,-0.5,203.583
2018-01-07,199.667,2.833,87.0,73.208,59.0,9.292,21.375,30.375,9.0,5.958,6.0,4.333,7.0,-0.3,-0.483,-0.7,208.958
2018-01-08,205.0,3.042,75.0,66.292,47.0,15.5,23.917,37.375,13.458,7.125,0.0,3.292,9.042,0.1,-0.325,-0.6,220.417
2018-01-09,197.958,2.0,87.0,61.25,41.0,6.0,7.833,9.708,1.875,6.0,4.0,3.917,7.0,0.0,-0.192,-0.4,204.0
2018-01-10,199.458,2.583,86.0,58.542,39.0,8.958,14.75,22.917,8.167,9.125,2.0,3.708,11.458,0.5,0.079,-0.3,208.375
2018-01-11,200.783,2.609,89.0,75.667,58.0,9.043,16.609,23.0,6.391,5.042,18.0,3.217,8.5,-0.2,-0.371,-0.6,209.783
2018-01-12,200.333,2.125,81.0,66.958,56.0,5.917,10.917,12.542,1.625,5.5,0.0,2.583,6.75,-0.1,-0.233,-0.5,206.25
2018-01-13,203.667,2.375,70.0,62.833,56.0,7.167,15.833,18.042,2.208,5.0,0.0,2.792,8.5,-0.3,-0.525,-0.8,210.875
2018-01-14,209.833,4.292,77.0,68.333,54.0,19.958,38.958,72.833,33.875,12.208,0.0,10.542,13.167,-0.2,-0.529,-0.8,229.75
2018-01-15,205.458,2.375,88.0,76.167,69.0,13.792,19.125,22.583,3.458,7.833,4.0,1.625,8.625,0.3,0.004,-0.4,219.0
2018-01-16,200.25,2.75,88.0,66.958,44.0,6.667,11.875,14.042,2.167,8.458,3.0,2.917,9.833,0.0,-0.292,-0.4,206.708
2018-01-17,200.083,2.125,89.0,72.917,52.0,7.542,11.583,14.208,2.625,4.333,8.0,2.708,5.458,-0.4,-0.812,-1.3,207.458
2018-01-18,199.435,2.0,88.0,75.708,61.0,7.13,6.826,9.391,2.565,5.167,17.0,2.625,5.913,-0.4,-0.55,-0.8,206.565
2018-01-19,198.167,2.292,67.0,56.542,46.0,6.0,13.667,16.292,2.625,5.958,0.0,3.292,8.0,0.1,-0.158,-0.3,204.083
2018-01-20,203.667,3.0,88.0,71.583,58.0,13.0,23.458,31.542,8.083,10.083,2.0,2.25,10.958,0.1,-0.208,-0.5,216.583
2018-01-21,199.708,2.25,84.0,56.417,38.0,6.25,9.417,11.708,2.292,7.792,4.0,4.125,8.042,-0.3,-0.517,-0.7,205.875
2018-01-22,202.167,3.083,72.0,58.833,46.0,11.0,24.542,37.208,12.667,7.458,0.0,3.833,7.583,-0.1,-0.388,-0.7,213.042
2018-01-23,203.667,2.5,91.0,74.944,64.0,12.958,21.25,26.083,4.833,7.667,7.0,2.042,8.125,0.0,-0.3,-0.6,216.667
2018-01-24,198.875,2.208,88.0,73.792,59.0,6.792,9.042,12.083,3.042,3.667,6.0,1.792,7.083,0.0,-0.175,-0.3,205.542
2018-01-25,197.826,2.435,90.0,82.708,70.0,8.522,17.217,21.043,3.826,3.292,18.0,2.087,5.375,-0.1,-0.158,-0.3,206.435
2018-01-26,203.917,2.875,90.0,75.25,53.0,15.5,26.167,39.458,13.292,5.625,2.0,2.125,6.25,0.0,-0.288,-0.5,219.292
2018-01-27,201.917,2.917,80.0,66.0,46.0,10.083,22.833,30.75,7.917,5.792,0.0,1.125,6.25,-0.2,-0.425,-0.6,211.708
2018-01-28,203.208,2.292,90.0,72.0,58.0,11.167,20.542,24.333,3.792,5.458,2.0,2.292,7.542,0.2,-0.042,-0.5,214.208
2018-01-29,200.5,2.292,91.0,72.125,61.0,8.625,15.042,17.5,2.458,6.625,2.0,1.417,10.833,0.0,-0.15,-0.5,208.917
2018-01-30,204.125,3.25,88.0,69.667,52.0,13.333,28.125,42.708,14.583,9.625,0.0,6.25,11.042,0.2,-0.246,-0.7,217.583
2018-01-31,198.75,2.083,91.0,66.958,45.0,7.458,9.25,11.542,2.292,7.833,9.0,2.583,9.292,0.0,-0.45,-0.7,206.0
2018-02-01,198.783,2.0,77.0,60.417,44.0,5.783,6.478,9.261,2.783,5.542,1.0,2.958,5.75,-0.5,-0.7,-0.8,204.565
2018-02-02,200.375,2.167,78.0,57.667,47.0,5.542,9.625,12.042,2.417,9.083,1.0,3.083,10.417,-0.1,-0.496,-0.7,205.833
2018-02-03,201.625,2.875,81.0,52.75,34.0,6.875,16.417,21.0,4.583,10.917,0.0,2.708,12.375,0.4,0.092,-0.2,208.417
2018-02-04,198.708,2.583,89.0,76.625,56.0,6.375,9.208,10.958,1.75,7.75,4.0,2.292,9.417,0.3,-0.179,-0.7,205.083
2018-02-05,200.667,2.75,88.0,65.75,49.0,7.417,15.083,19.125,4.042,10.208,2.0,3.417,13.375,-0.2,-0.467,-0.7,208.042
2018-02-06,204.5,3.083,89.0,80.417,58.0,12.458,23.458,29.667,6.208,14.083,9.0,2.542,15.042,-0.3,-0.388,-0.5,216.958
2018-02-07,200.208,2.542,89.0,79.0,61.0,9.583,18.25,24.083,5.833,8.042,10.0,3.625,11.583,-0.4,-0.588,-1.0,209.708
2018-02-08,199.565,2.087,78.0,61.042,43.0,8.174,7.783,11.043,3.261,4.917,0.0,4.478,6.625,-1.1,-1.138,-1.2,207.739
2018-02-09,201.75,2.65,65.0,57.714,45.0,8.35,23.2,28.25,5.05,6.4,0.0,2.8,5.55,-0.5,-0.876,-1.2,210.0
2018-02-10,200.792,2.25,81.0,62.0,43.0,5.667,10.667,12.875,2.208,4.875,2.0,2.125,4.583,-0.3,-0.592,-0.9,206.417
2018-02-11,201.792,2.25,68.0,52.708,39.0,6.708,14.458,16.542,2.083,5.208,0.0,1.75,5.708,-0.2,-0.462,-0.6,208.375
2018-02-12,201.542,2.458,85.0,65.042,42.0,7.667,12.333,14.583,2.25,10.0,1.0,3.042,12.083,-0.4,-0.558,-0.7,209.208
2018-02-13,199.625,2.25,82.0,63.0,46.0,7.25,10.875,13.458,2.583,6.5,2.0,4.458,7.0,-0.3,-0.575,-0.7,206.833
2018-02-14,198.958,2.042,84.0,66.042,44.0,7.167,8.375,10.792,2.417,4.208,5.0,3.583,4.833,-0.2,-0.488,-0.7,206.042
2018-02-15,199.667,2.565,72.0,53.25,39.0,8.542,15.13,18.0,2.87,12.0,0.0,2.478,12.545,0.1,-0.133,-0.4,208.0
2018-02-16,205.522,3.25,82.0,65.917,52.0,15.522,25.667,34.167,8.5,13.958,0.0,2.0,13.625,0.1,-0.2,-0.4,221.174
2018-02-17,205.208,3.292,79.0,68.875,58.0,13.458,22.208,25.042,2.833,16.5,0.0,1.458,19.417,0.0,-0.112,-0.3,218.625
2018-02-18,203.652,2.917,80.0,52.792,45.0,13.0,16.625,22.083,5.458,13.542,0.0,3.042,13.304,0.3,0.042,-0.3,216.435
2018-02-19,208.917,4.333,82.0,67.708,53.0,24.333,36.417,55.458,19.042,11.083,0.0,2.333,11.125,0.5,0.096,-0.5,233.167
2018-02-20,204.458,3.625,93.0,84.417,74.0,18.958,26.833,30.958,4.125,13.125,2.0,1.5,16.958,0.3,0.183,0.1,223.5
2018-02-21,201.583,3.375,91.0,67.5,50.0,14.5,24.042,29.792,5.75,13.458,2.0,2.583,15.208,0.4,0.133,-0.1,216.042
2018-02-22,214.5,6.261,77.0,58.625,32.0,34.583,38.696,70.391,31.696,35.875,0.0,3.696,40.5,0.7,0.146,-0.4,248.875
2018-02-23,203.208,3.583,85.0,67.917,51.0,13.125,17.083,20.417,3.333,13.5,2.0,2.0,15.083,0.1,-0.062,-0.3,216.042
2018-02-24,204.583,3.0,70.0,53.5,33.0,12.333,17.75,21.417,3.667,9.375,0.0,1.208,10.625,0.8,0.221,-0.4,216.958
2018-02-25,207.609,3.5,86.0,66.333,55.0,20.957,24.167,35.542,11.375,15.375,3.0,2.292,17.125,0.5,0.212,-0.1,228.565
2018-02-26,201.542,2.75,87.0,65.542,43.0,11.75,12.792,16.75,3.958,9.167,1.0,3.0,9.25,0.2,-0.05,-0.2,213.125
2018-02-27,202.0,3.292,61.0,49.75,39.0,9.222,16.667,19.333,2.667,21.0,0.0,1.917,23.708,0.4,0.112,-0.2,211.444
2018-02-28,210.444,4.5,78.0,59.333,43.0,36.0,37.583,48.833,11.25,47.625,0.0,1.958,52.5,0.6,0.138,-0.3,246.333
2018-03-01,215.208,5.391,82.0,62.417,46.0,29.0,33.565,54.696,21.13,63.583,0.0,2.417,74.75,0.6,0.192,-0.2,244.292
2018-03-02,199.292,4.333,75.0,58.292,40.0,10.625,17.042,20.25,3.208,28.0,0.0,2.167,28.958,0.3,0.112,-0.2,209.958
2018-03-03,204.5,4.458,80.0,63.458,46.0,16.667,25.375,30.708,5.333,22.75,0.0,1.292,26.458,0.7,0.192,-0.3,221.042
2018-03-04,200.833,3.458,85.0,74.333,57.0,14.042,19.75,21.917,2.167,29.0,0.0,1.875,27.208,0.5,0.238,0.1,214.833
2018-03-05,200.333,2.75,79.0,66.083,53.0,10.875,16.25,18.333,2.083,24.833,0.0,1.375,19.083,0.4,0.204,0.0,211.083
2018-03-06,204.333,3.625,83.0,71.083,51.0,14.333,21.417,24.25,2.833,22.792,0.0,1.625,24.125,0.8,0.342,0.0,218.708
2018-03-07,198.696,2.458,77.0,55.333,33.0,8.522,12.0,14.25,2.25,9.417,0.0,1.417,10.708,0.2,-0.004,-0.3,207.043
2018-03-08,200.208,3.375,67.0,56.333,43.0,13.0,19.304,25.435,6.13,10.833,0.0,2.043,9.75,0.4,0.029,-0.5,213.208
2018-03-09,202.0,2.75,70.0,55.375,46.0,12.458,15.167,18.958,3.792,13.833,0.0,1.208,16.125,1.0,0.562,-0.2,214.583
2018-03-10,199.833,3.167,75.0,61.417,47.0,10.333,11.458,12.625,1.167,22.792,0.0,1.917,22.375,0.7,0.446,0.1,210.167
2018-03-11,201.292,3.042,86.0,63.042,46.0,11.917,17.0,18.905,1.905,19.125,0.0,2.429,19.667,0.6,0.354,-0.1,213.375
2018-03-12,195.5,2.125,90.0,81.708,65.0,6.458,8.545,10.091,1.545,9.875,5.0,1.864,9.348,0.5,0.279,0.1,202.042
2018-03-13,197.917,2.167,91.0,75.083,48.0,8.0,11.083,13.042,1.958,5.583,3.0,2.083,7.417,0.3,0.179,0.1,205.917
2018-03-14,201.652,2.458,88.0,61.458,40.0,9.435,11.208,14.458,3.25,8.833,2.0,1.833,8.958,0.4,0.096,-0.3,210.957
2018-03-15,202.25,2.478,84.0,71.0,56.0,9.958,14.273,16.545,2.273,7.375,0.0,1.87,11.957,0.4,0.196,0.0,212.083
2018-03-16,200.667,2.125,91.0,85.458,76.0,7.292,11.583,13.792,2.208,10.708,11.0,3.583,11.333,0.3,0.108,-0.1,207.917
2018-03-17,200.833,2.5,83.0,70.917,59.0,8.208,11.417,12.917,1.5,11.958,0.0,2.417,12.0,0.4,0.179,-0.1,209.042
2018-03-18,205.042,3.083,78.0,50.458,30.0,14.458,18.292,23.792,5.5,13.167,0.0,1.667,15.292,0.9,0.496,-0.1,219.333
2018-03-19,202.25,2.833,81.0,63.042,43.0,13.167,17.0,18.167,1.167,16.417,0.0,1.542,18.833,1.4,0.862,0.5,215.125
2018-03-20,202.458,3.042,83.0,72.583,63.0,12.667,16.167,17.208,1.042,18.583,0.0,1.625,24.208,0.9,0.671,0.5,215.125
2018-03-21,202.087,2.958,90.0,72.833,43.0,13.783,16.167,16.833,0.667,18.125,4.0,1.417,24.333,1.2,0.708,0.4,215.696
2018-03-22,196.875,2.0,90.0,78.583,57.0,6.167,4.957,5.826,0.87,2.708,9.0,1.391,6.0,0.5,0.038,-0.2,202.833
2018-03-23,199.458,2.333,88.0,67.833,45.0,7.167,9.125,10.875,1.75,7.75,6.0,2.292,7.833,0.0,-0.233,-0.4,206.417
2018-03-24,201.583,2.125,87.0,63.708,43.0,7.0,9.5,10.792,1.292,12.958,4.0,2.042,12.375,0.1,-0.188,-0.4,208.542
2018-03-25,203.167,3.167,86.0,65.375,46.0,15.5,19.167,24.083,4.917,16.292,0.0,1.542,14.083,1.0,0.438,-0.1,218.417
2018-03-26,203.875,2.833,87.0,65.417,38.0,11.042,14.542,16.25,1.708,16.833,1.0,2.0,22.417,0.8,0.412,0.1,214.875
2018-03-27,197.333,2.0,89.0,63.833,41.0,6.792,6.125,7.458,1.333,10.958,12.0,3.167,13.708,0.2,0.089,0.0,204.0
2018-03-28,198.261,2.042,83.0,50.375,35.0,6.391,6.458,7.958,1.5,7.083,3.0,4.083,6.5,0.2,-0.012,-0.2,204.565
2018-03-29,200.208,2.261,81.0,52.0,38.0,6.208,7.13,8.609,1.478,8.583,1.0,3.625,8.583,0.2,0.012,-0.2,206.167
2018-03-30,201.292,2.125,56.0,39.667,24.0,7.625,10.417,11.583,1.167,8.125,0.0,2.042,6.958,0.6,0.183,-0.2,208.75
2018-03-31,199.958,2.0,69.0,50.542,34.0,6.625,7.917,8.833,0.917,12.292,0.0,2.083,13.583,0.6,0.238,0.0,206.667
2018-04-01,199.583,2.875,89.0,78.417,64.0,10.75,11.667,12.375,0.708,17.0,6.0,0.542,20.417,0.7,0.604,0.4,210.125
2018-04-02,200.375,2.625,88.0,68.5,45.0,11.375,10.875,12.75,1.875,14.583,0.0,0.5,19.833,1.2,0.671,0.2,211.875
2018-04-03,196.583,2.875,90.0,80.208,52.0,11.208,13.5,14.333,0.833,12.083,2.0,0.792,15.625,0.8,0.646,0.5,207.75
2018-04-04,193.043,2.042,57.0,39.333,31.0,6.652,5.667,6.75,1.083,7.25,0.0,2.833,8.375,0.7,0.496,0.2,199.87
2018-04-05,194.333,2.042,49.0,38.917,28.0,6.542,5.083,6.042,0.958,8.458,0.0,2.208,9.0,0.6,0.279,0.0,200.917
2018-04-06,197.375,2.391,88.0,67.792,43.0,9.792,12.043,12.826,0.783,11.5,1.0,0.957,13.542,0.4,0.217,0.1,207.042
2018-04-07,195.208,2.208,87.0,76.25,63.0,8.833,10.375,11.458,1.083,12.375,2.0,1.958,15.375,0.5,0.271,0.1,204.167
2018-04-08,194.708,2.833,90.0,59.792,31.0,7.167,7.875,8.292,0.417,24.292,4.0,1.208,29.542,0.8,0.433,0.0,202.0
2018-04-09,196.417,2.583,84.0,58.958,34.0,7.792,8.583,8.833,0.25,15.125,0.0,0.917,18.583,0.8,0.458,0.2,204.125
2018-04-10,196.391,2.542,84.0,45.167,24.0,7.696,8.917,9.625,0.708,14.5,3.0,2.167,18.833,1.1,0.721,0.3,204.043
2018-04-11,194.542,2.375,86.0,68.167,46.0,6.792,7.75,7.958,0.208,10.292,8.0,0.875,14.458,1.0,0.838,0.6,201.208
2018-04-12,194.375,2.167,86.0,62.167,27.0,6.167,6.75,7.042,0.292,9.208,8.0,1.5,12.542,1.3,0.783,0.4,200.417
2018-04-13,195.522,2.174,74.0,59.25,50.0,5.261,5.217,5.913,0.696,3.917,0.0,1.417,6.652,0.6,0.408,0.3,200.957
2018-04-14,197.708,2.208,87.0,62.042,47.0,8.792,8.542,9.667,1.125,5.625,0.0,0.833,7.792,1.0,0.542,0.3,206.417
2018-04-15,193.708,2.125,91.0,86.125,80.0,7.042,8.125,8.542,0.417,2.667,15.0,0.75,4.167,0.6,0.4,0.1,200.792
2018-04-16,195.042,2.208,91.0,62.958,46.0,4.65,7.833,8.5,0.667,4.292,1.0,1.292,8.458,1.0,0.625,0.2,198.4
2018-04-17,207.125,2.833,76.0,46.958,24.0,,15.917,18.25,2.333,9.375,0.0,1.5,11.042,1.5,0.983,0.2,
2018-04-18,,2.417,81.0,57.667,36.0,,9.125,9.75,0.625,7.917,0.0,1.0,10.625,1.8,1.058,0.6,
2018-04-19,,3.333,88.0,60.708,27.0,,18.083,21.125,3.042,17.708,0.0,1.917,23.042,1.9,1.046,0.3,
2018-04-20,,3.522,88.0,69.167,42.0,,18.696,19.783,1.087,26.875,0.0,1.565,36.583,1.9,1.238,0.9,
2018-04-21,,3.208,86.0,55.208,26.0,,9.083,9.167,0.083,27.125,0.0,1.083,36.583,2.4,1.554,0.9,
2018-04-22,,2.667,80.0,67.125,56.0,,7.292,7.292,0.0,13.25,0.0,1.0,20.75,1.1,0.95,0.7,
2018-04-23,,2.625,72.0,55.542,31.0,,10.875,11.5,0.625,9.167,0.0,1.042,10.667,1.6,0.946,0.5,
2018-04-24,,2.292,75.0,64.0,45.0,,8.75,8.75,0.0,5.083,0.0,0.5,6.583,1.2,1.025,0.7,
2018-04-25,,2.792,79.0,65.333,39.0,,18.875,20.667,1.792,9.75,1.0,5.542,11.875,1.3,0.979,0.8,
2018-04-26,181.0,2.375,68.0,57.917,46.0,30.333,11.208,11.5,0.292,9.667,0.0,1.875,12.875,1.3,1.112,0.9,211.333
2018-04-27,190.333,3.696,75.0,51.042,37.0,11.81,11.773,12.273,0.5,42.208,0.0,1.792,51.5,1.3,0.892,0.4,202.19
2018-04-28,198.917,3.292,56.0,35.583,18.0,13.542,13.75,15.042,1.292,26.167,0.0,1.542,31.125,1.6,0.979,0.2,212.333
2018-04-29,198.875,3.083,63.0,52.583,39.0,12.792,11.583,11.958,0.375,28.208,0.0,1.875,35.375,2.1,1.283,0.6,211.458
2018-04-30,197.708,3.292,81.0,51.5,30.0,8.958,8.5,8.5,0.0,26.708,0.0,1.583,35.583,2.3,1.688,1.2,206.5
2018-05-01,200.167,3.708,90.0,79.167,55.0,9.0,11.417,11.667,0.25,28.583,0.0,0.75,37.25,1.6,1.121,0.7,208.917
2018-05-02,201.708,3.5,87.0,70.708,48.0,14.75,18.083,19.292,1.208,22.208,1.0,1.333,27.75,1.4,1.088,0.7,216.417
2018-05-03,195.75,2.375,93.0,84.208,76.0,8.708,14.5,14.792,0.292,6.917,16.0,0.167,11.125,1.5,1.158,0.8,204.375
2018-05-04,196.826,2.478,84.0,60.292,35.0,6.652,5.913,6.217,0.304,8.542,1.0,0.783,12.125,1.5,1.138,0.8,203.435
2018-05-05,196.5,2.25,83.0,68.5,53.0,6.125,5.333,5.458,0.125,6.458,0.0,0.667,9.208,1.2,0.912,0.8,202.542
2018-05-06,199.87,2.826,92.0,82.333,66.0,9.565,13.174,13.652,0.478,4.792,15.0,0.522,7.087,1.0,0.854,0.7,209.261
2018-05-07,197.083,2.167,91.0,73.458,56.0,5.917,8.708,9.208,0.5,3.333,0.0,0.708,6.087,1.3,1.008,0.8,203.125
2018-05-08,199.333,2.125,87.0,71.958,58.0,6.958,10.917,12.125,1.208,5.667,0.0,2.542,9.083,1.3,0.925,0.6,206.208
2018-05-09,198.625,2.0,77.0,67.458,54.0,6.125,8.0,8.417,0.417,8.042,0.0,0.417,11.042,1.3,0.888,0.6,204.458
2018-05-10,198.167,2.208,83.0,68.833,45.0,7.708,9.958,10.667,0.708,10.0,0.0,1.0,12.167,1.4,0.9,0.6,205.833
2018-05-11,198.417,2.478,86.0,64.458,43.0,11.583,16.043,17.0,0.957,11.083,0.0,1.042,13.75,2.0,1.362,0.7,209.958
2018-05-12,198.292,3.0,81.0,59.208,36.0,12.792,14.792,15.25,0.458,17.708,0.0,1.292,24.75,2.1,1.575,1.0,211.042
2018-05-13,196.696,2.792,89.0,75.0,62.0,10.826,16.542,16.75,0.208,18.792,7.0,1.292,24.708,1.5,1.354,1.2,207.261
2018-05-14,194.042,2.333,93.0,89.375,83.0,8.333,13.958,14.042,0.083,8.667,2.0,0.333,12.167,1.3,1.079,0.9,202.292
2018-05-15,194.792,2.75,93.0,65.708,43.0,11.792,17.375,18.083,0.708,11.542,0.0,1.125,15.292,2.4,1.612,0.9,206.708
2018-05-16,198.75,3.5,80.0,62.0,41.0,13.417,20.833,21.292,0.458,23.708,0.0,2.042,31.958,2.7,1.896,1.2,212.125
2018-05-17,195.042,2.583,90.0,67.0,50.0,10.708,13.75,13.917,0.167,11.333,0.0,0.917,19.333,1.8,1.404,1.1,205.792
2018-05-18,197.417,2.0,86.0,71.833,44.0,9.542,11.304,12.0,0.696,3.375,12.0,0.261,6.417,1.3,0.996,0.7,206.792
2018-05-19,194.292,2.0,89.0,75.083,59.0,7.833,13.5,14.083,0.583,2.958,18.0,0.5,6.083,1.2,0.988,0.8,202.167
2018-05-20,193.0,2.0,70.0,53.875,28.0,6.043,8.333,8.375,0.042,5.75,0.0,0.333,8.417,1.8,1.304,1.0,199.13
2018-05-21,193.125,2.125,85.0,57.917,35.0,8.75,15.625,16.292,0.667,7.25,0.0,0.833,9.917,2.1,1.583,1.1,201.917
2018-05-22,198.042,2.333,68.0,44.5,17.0,17.292,19.708,20.833,1.125,10.208,0.0,1.667,14.5,2.6,1.888,1.3,215.333
2018-05-23,192.167,2.0,76.0,51.542,35.0,11.583,13.792,14.083,0.292,10.208,0.0,0.917,15.458,2.1,1.717,1.3,203.708
2018-05-24,192.208,2.042,86.0,53.583,23.0,9.167,10.917,11.042,0.125,4.708,0.0,0.583,8.458,1.9,1.5,1.2,201.333
2018-05-25,191.625,2.0,78.0,66.167,52.0,8.167,11.174,11.826,0.652,6.917,0.0,0.333,10.0,1.7,1.325,1.1,199.708
2018-05-26,192.125,2.0,82.0,70.292,60.0,6.667,8.583,8.917,0.333,5.0,0.0,0.042,8.667,1.4,1.146,1.0,198.917
2018-05-27,193.0,2.042,81.0,67.167,54.0,6.87,9.333,9.375,0.042,4.0,0.0,0.167,6.292,1.6,1.229,1.0,199.913
2018-05-28,195.583,2.25,81.0,61.125,48.0,14.792,15.917,17.667,1.75,6.083,0.0,0.792,8.458,1.9,1.471,0.9,210.542
2018-05-29,199.417,2.333,80.0,62.042,40.0,17.333,,,,8.25,0.0,0.583,11.5,2.2,1.621,1.0,216.542
2018-05-30,195.625,2.167,82.0,58.208,36.0,13.333,,,,12.958,0.0,0.833,16.833,2.7,1.929,1.0,208.792
2018-05-31,193.208,2.333,90.0,83.75,71.0,12.125,,,,13.833,5.0,0.292,21.792,2.0,1.688,1.6,205.417
2018-06-01,191.958,1.913,91.0,78.042,59.0,7.917,3.583,3.917,0.333,8.083,0.0,0.174,13.167,1.7,1.492,1.3,199.917
2018-06-02,194.25,2.417,83.0,67.333,47.0,11.167,7.583,8.417,0.833,11.375,0.0,0.708,15.333,2.2,1.658,1.1,205.167
2018-06-03,196.348,2.417,79.0,63.292,53.0,11.652,7.5,7.833,0.333,16.333,0.0,1.125,21.292,2.3,1.892,1.4,207.739
2018-06-04,196.208,2.583,78.0,53.75,28.0,15.917,10.208,10.875,0.667,17.167,0.0,1.292,22.042,3.0,2.183,1.4,211.958
2018-06-05,200.917,2.625,78.0,57.208,32.0,21.083,12.826,13.783,0.957,15.667,0.0,1.792,20.083,2.9,2.133,1.7,221.917
2018-06-06,193.75,2.125,81.0,54.208,32.0,13.583,7.333,8.208,0.875,11.875,0.0,0.958,16.292,2.9,2.192,1.7,207.208
2018-06-07,198.25,2.417,87.0,61.75,40.0,18.375,9.042,10.417,1.375,16.667,0.0,0.833,22.292,2.7,2.062,1.6,216.5
2018-06-08,192.833,2.043,92.0,88.708,81.0,8.417,5.261,5.565,0.304,5.625,34.0,0.0,10.542,1.7,1.458,1.2,201.208
2018-06-09,192.208,1.292,90.0,73.167,66.0,5.125,2.292,2.833,0.542,2.625,0.0,0.125,4.875,1.3,1.158,1.0,197.208
2018-06-10,193.0,1.0,78.0,62.792,51.0,5.522,2.417,3.0,0.583,4.625,0.0,0.25,8.167,1.6,1.25,0.9,198.609
2018-06-11,192.042,1.167,81.0,73.875,67.0,6.542,3.292,3.75,0.458,6.273,0.0,0.042,9.125,1.6,1.392,1.1,198.417
2018-06-12,194.542,1.75,92.0,89.833,83.0,9.875,6.833,7.208,0.375,3.875,57.0,0.25,7.417,1.4,1.121,0.9,204.208
2018-06-13,192.5,1.167,93.0,87.458,75.0,6.25,3.625,4.25,0.625,1.375,13.0,0.167,5.522,1.1,0.912,0.8,198.708
2018-06-14,191.833,1.0,74.0,68.833,60.0,3.625,2.125,2.625,0.5,1.292,0.0,0.25,4.583,1.2,1.038,0.9,195.375
2018-06-15,192.917,1.174,76.0,63.667,50.0,6.083,4.304,4.913,0.609,1.958,0.0,0.478,5.708,1.6,1.246,0.8,199.0
2018-06-16,194.375,1.542,79.0,70.083,51.0,9.458,6.167,7.0,0.833,5.958,0.0,0.542,11.25,1.9,1.396,1.1,203.958
2018-06-17,192.174,1.125,85.0,71.833,63.0,6.391,3.792,4.292,0.5,8.0,0.0,0.0,12.5,1.5,1.296,1.0,198.652
2018-06-18,191.833,1.333,86.0,75.167,64.0,6.458,4.083,4.708,0.625,3.875,2.0,0.0,8.542,1.9,1.521,1.1,198.25
2018-06-19,190.792,1.125,82.0,70.375,55.0,7.792,2.958,3.375,0.417,3.667,0.0,0.0,7.917,2.3,1.912,1.5,198.667
2018-06-20,189.458,1.0,89.0,81.333,74.0,7.042,3.042,3.292,0.25,2.333,6.0,0.0,7.125,1.9,1.7,1.5,196.292
2018-06-21,189.583,1.333,88.0,75.083,64.0,9.167,6.083,6.708,0.625,1.625,2.0,0.167,4.5,2.1,1.733,1.5,198.542
2018-06-22,195.208,2.043,91.0,67.25,39.0,13.5,9.87,11.913,2.043,5.375,0.0,0.375,8.792,2.5,1.871,1.3,208.667
2018-06-23,193.917,2.125,72.0,55.917,41.0,14.417,9.792,10.792,1.0,10.625,0.0,0.875,17.417,2.5,2.092,1.7,208.292
2018-06-24,195.174,1.5,87.0,76.0,53.0,10.043,4.583,5.083,0.5,8.292,0.0,0.542,14.917,2.1,1.625,1.3,205.217
2018-06-25,193.333,1.0,86.0,71.667,59.0,6.917,3.042,3.708,0.667,2.583,1.0,0.208,7.042,1.5,1.329,1.2,200.417
2018-06-26,199.75,1.208,77.0,65.583,51.0,9.375,6.042,7.333,1.292,3.458,0.0,0.625,6.875,2.1,1.579,1.1,208.875
2018-06-27,192.625,1.833,92.0,88.625,73.0,10.542,9.125,10.0,0.875,4.792,42.0,0.083,9.625,1.9,1.767,1.6,203.208
2018-06-28,195.125,2.083,93.0,82.083,69.0,9.208,8.708,9.833,1.125,8.333,0.0,0.625,14.167,2.3,1.879,1.5,204.333
2018-06-29,194.565,2.087,88.0,81.75,74.0,9.652,10.435,11.609,1.174,4.333,1.0,0.13,9.333,2.2,2.046,1.9,204.217
2018-06-30,194.917,2.292,89.0,77.667,56.0,18.5,11.25,13.042,1.792,8.042,0.0,0.5,14.292,2.7,2.162,1.9,213.167
2018-07-01,194.708,2.167,92.0,89.042,83.0,18.125,12.333,14.542,2.208,9.0,17.0,0.0,14.917,2.4,2.196,2.0,212.833
2018-07-02,196.583,2.208,94.0,89.25,75.0,19.958,17.042,21.833,4.792,8.083,40.0,0.125,14.667,2.5,2.162,1.9,216.292
2018-07-03,194.167,2.5,93.0,88.958,79.0,20.667,16.458,22.958,6.5,10.542,8.0,0.083,17.458,2.4,2.183,2.1,214.667
2018-07-04,199.25,2.083,94.0,89.625,82.0,19.667,13.083,19.125,6.042,6.667,12.0,0.333,12.125,2.3,2.05,1.6,218.958
2018-07-05,195.917,1.292,93.0,87.042,75.0,6.708,5.125,5.708,0.583,0.625,55.0,0.125,6.125,1.5,1.383,1.2,202.75
2018-07-06,192.348,1.13,80.0,67.958,52.0,6.652,4.522,5.304,0.783,2.25,0.0,0.292,4.913,1.8,1.475,1.0,199.0
2018-07-07,193.083,1.333,80.0,74.458,69.0,6.333,6.708,7.5,0.792,2.25,0.0,0.417,3.708,1.6,1.475,1.3,199.583
2018-07-08,196.083,1.292,87.0,70.292,56.0,8.375,6.083,7.333,1.25,4.792,0.0,1.042,8.583,2.4,1.854,1.4,204.5
2018-07-09,192.667,1.708,87.0,75.167,60.0,11.458,8.583,10.667,2.083,3.25,0.0,0.292,6.458,2.4,1.921,1.6,204.167
2018-07-10,195.625,1.917,93.0,83.042,63.0,15.083,12.792,16.25,3.458,6.75,20.0,0.542,11.875,2.5,1.946,1.7,210.625
2018-07-11,189.583,1.042,93.0,85.542,77.0,6.083,4.167,4.833,0.667,2.083,12.0,0.0,6.042,2.0,1.75,1.6,195.375
2018-07-12,192.542,1.792,89.0,74.625,57.0,12.0,10.167,12.125,1.958,7.583,0.0,1.083,10.5,2.7,2.038,1.5,204.5
2018-07-13,192.0,1.478,90.0,82.5,71.0,11.391,9.565,11.435,1.87,6.958,1.0,0.826,11.375,2.3,2.025,1.8,203.304
2018-07-14,191.375,1.833,92.0,78.333,61.0,11.583,7.958,9.333,1.375,9.875,0.0,0.708,16.625,2.7,2.262,1.9,203.0
2018-07-15,191.0,1.667,92.0,85.958,78.0,10.417,7.667,9.042,1.375,5.917,9.0,0.042,12.708,2.3,1.979,1.8,201.25
2018-07-16,188.167,1.042,94.0,85.292,73.0,6.292,3.542,4.042,0.5,4.208,1.0,0.125,8.708,2.1,1.883,1.7,194.25
2018-07-17,190.292,1.125,86.0,73.417,62.0,7.875,6.042,7.083,1.042,3.208,0.0,0.667,9.333,2.4,2.013,1.8,197.917
2018-07-18,190.042,1.125,85.0,73.042,57.0,7.875,5.625,6.583,0.958,3.917,0.0,0.708,7.458,2.5,2.088,1.8,197.875
2018-07-19,190.708,1.458,88.0,78.417,67.0,9.333,8.25,10.375,2.125,10.25,0.0,0.458,17.333,2.5,2.112,1.8,199.875
2018-07-20,190.304,2.043,84.0,73.917,64.0,12.609,11.522,14.522,3.0,12.25,0.0,0.583,19.0,2.8,2.462,2.1,202.696
2018-07-21,189.875,2.083,87.0,76.833,60.0,13.75,10.75,13.583,2.833,22.042,0.0,0.833,33.917,3.0,2.438,2.0,203.542
2018-07-22,188.958,1.5,92.0,77.5,53.0,7.417,3.583,3.958,0.375,11.042,0.0,0.125,20.792,2.3,2.033,1.8,196.333
2018-07-23,189.958,1.042,80.0,69.917,54.0,6.75,3.458,4.25,0.792,5.042,0.0,0.292,8.417,2.5,2.004,1.7,196.667
2018-07-24,195.583,1.667,84.0,68.292,51.0,11.708,6.583,8.25,1.667,6.0,0.0,0.833,10.458,2.5,2.112,1.8,207.333
2018-07-25,193.708,1.958,81.0,70.0,58.0,13.167,10.125,12.125,2.0,11.542,0.0,0.958,18.792,2.9,2.371,2.0,206.792
2018-07-26,191.417,1.792,86.0,74.125,58.0,10.292,8.542,10.917,2.375,7.417,0.0,0.875,12.625,2.9,2.4,2.0,201.583
2018-07-27,191.826,1.739,87.0,70.583,51.0,10.957,8.696,10.652,1.957,10.208,0.0,0.739,18.292,3.1,2.446,2.0,202.522
2018-07-28,189.208,2.0,80.0,70.292,57.0,7.75,4.125,5.292,1.167,5.292,0.0,0.042,9.667,2.7,2.425,2.0,196.875
2018-07-29,182.708,1.083,82.0,73.667,64.0,5.5,1.667,2.667,1.0,1.208,0.0,0.0,7.667,3.0,2.696,2.4,188.417
2018-07-30,183.917,1.375,83.0,72.458,60.0,7.25,3.833,5.667,1.833,1.667,0.0,0.0,7.458,3.1,2.688,2.4,191.167
2018-07-31,185.375,1.625,84.0,71.042,56.0,12.75,8.292,10.583,2.292,6.125,0.0,0.0,11.625,3.3,2.762,2.3,198.0
2018-08-01,191.75,2.333,85.0,67.5,50.0,12.375,6.667,8.625,1.958,9.333,0.0,0.042,17.875,3.0,2.5,2.2,204.0
2018-08-02,198.292,3.0,74.0,60.917,43.0,12.0,6.625,7.583,0.958,10.875,0.0,0.125,14.667,2.8,2.429,2.1,210.208
2018-08-03,200.304,3.174,77.0,68.5,47.0,11.478,5.348,6.348,1.0,11.458,0.0,0.333,18.381,2.8,2.3,2.0,211.696
2018-08-04,192.208,2.0,82.0,64.208,49.0,7.542,3.625,3.875,0.25,4.292,0.0,0.208,8.792,2.4,2.129,1.8,199.625
2018-08-05,194.75,2.125,85.0,70.167,48.0,9.75,4.542,4.833,0.292,6.417,0.0,0.25,10.5,2.6,2.038,1.7,204.583
2018-08-06,200.708,2.833,88.0,65.5,36.0,12.0,8.208,9.375,1.167,7.75,0.0,0.833,12.542,2.7,2.117,1.6,212.625
2018-08-07,193.958,2.042,74.0,63.708,52.0,6.917,3.609,4.087,0.478,6.542,0.0,0.0,13.087,2.3,1.962,1.7,200.958
2018-08-08,194.0,2.0,80.0,62.583,43.0,9.875,6.042,6.625,0.583,6.042,0.0,0.125,8.958,2.7,2.229,1.7,203.708
2018-08-09,203.0,2.25,93.0,82.667,74.0,15.625,13.667,15.917,2.25,6.625,5.0,0.208,13.792,2.5,2.246,2.1,218.542
2018-08-10,195.182,1.857,94.0,88.333,72.0,12.955,8.652,10.609,1.957,2.125,24.0,0.19,6.917,2.5,2.217,2.0,208.0
2018-08-11,192.0,2.0,93.0,90.208,83.0,11.708,6.542,7.583,1.042,2.458,26.0,0.0,5.542,2.1,2.029,1.9,203.542
2018-08-12,194.208,2.0,93.0,77.125,59.0,11.875,5.208,5.833,0.625,4.75,1.0,0.0,10.25,2.7,2.288,2.0,205.875
2018-08-13,197.875,2.375,93.0,85.625,69.0,15.958,10.625,12.292,1.667,8.708,36.0,0.0,15.583,2.6,2.229,2.1,213.958
2018-08-14,198.625,2.0,92.0,88.042,82.0,13.458,7.083,7.875,0.792,4.917,12.0,0.0,9.583,2.3,2.092,2.0,212.0
2018-08-15,204.375,2.0,94.0,92.458,89.0,13.167,6.75,7.542,0.792,3.458,39.0,0.042,8.375,2.1,2.004,1.9,217.542
2018-08-16,199.917,2.0,93.0,90.375,80.0,9.417,4.458,5.083,0.625,0.667,46.0,0.083,5.125,1.9,1.658,1.3,209.333
2018-08-17,191.826,1.522,88.0,72.0,58.0,7.696,4.522,5.304,0.783,1.167,9.0,0.0,5.208,1.9,1.604,1.3,199.522
2018-08-18,194.75,1.542,81.0,66.833,51.0,10.042,5.5,6.25,0.75,2.75,0.0,0.333,5.208,2.1,1.767,1.3,204.833
2018-08-19,195.375,2.042,88.0,76.125,68.0,11.375,6.25,7.083,0.833,3.833,3.0,0.0,7.292,2.2,1.9,1.6,206.708
2018-08-20,196.417,2.083,91.0,73.917,58.0,14.875,8.375,10.417,2.042,5.708,0.0,0.25,10.458,2.7,2.225,1.7,211.292
2018-08-21,197.792,2.042,87.0,79.583,61.0,15.043,9.708,11.25,1.542,5.625,6.0,0.333,10.583,2.5,2.171,2.0,212.652
2018-08-22,192.542,1.958,91.0,77.5,64.0,14.208,9.174,11.391,2.217,6.292,13.0,0.0,12.0,2.9,2.512,2.2,206.542
2018-08-23,201.833,2.5,91.0,69.25,48.0,17.583,11.458,13.5,2.042,7.042,0.0,0.417,12.75,2.8,2.417,2.1,219.208
2018-08-24,209.5,2.478,93.0,80.167,65.0,21.5,13.957,16.391,2.435,8.083,6.0,2.13,11.458,2.4,2.196,2.0,230.85
2018-08-25,193.125,1.625,93.0,85.167,76.0,10.417,4.667,5.208,0.542,1.125,25.0,0.083,5.792,2.2,2.025,1.9,203.417
2018-08-26,191.917,1.333,91.0,79.375,60.0,9.583,2.75,3.125,0.375,1.958,0.0,0.083,8.458,2.4,2.083,1.8,201.458
2018-08-27,191.348,1.208,92.0,78.167,64.0,39.391,3.917,4.917,1.0,1.292,1.0,0.167,5.125,2.2,1.883,1.7,230.739
2018-08-28,193.458,1.292,89.0,75.792,66.0,11.708,3.667,4.083,0.417,3.75,0.0,0.0,7.292,2.2,1.971,1.8,205.25
2018-08-29,193.458,1.167,83.0,72.917,58.0,9.25,3.208,3.625,0.417,6.167,0.0,0.0,10.875,2.2,1.912,1.8,202.708
2018-08-30,193.0,1.625,90.0,85.5,82.0,11.25,7.125,8.0,0.875,1.958,14.0,0.083,5.792,2.1,1.971,1.8,204.167
2018-08-31,191.458,1.478,93.0,86.375,80.0,22.625,6.045,7.727,1.682,3.75,5.0,0.0,9.174,2.1,2.021,1.9,214.083
2018-09-01,191.792,1.25,88.0,73.875,56.0,12.292,3.167,3.75,0.583,2.042,0.0,0.208,7.375,2.2,1.95,1.7,203.958
2018-09-02,198.083,1.583,85.0,62.75,39.0,13.5,5.625,7.167,1.542,1.75,0.0,0.708,5.625,2.4,1.908,1.4,211.667
2018-09-03,193.348,1.333,85.0,79.333,72.0,11.217,4.333,5.25,0.917,6.25,2.0,0.208,9.875,2.2,1.983,1.7,204.565
2018-09-04,188.0,1.0,91.0,77.042,69.0,9.5,2.042,2.583,0.542,2.292,4.0,0.0,7.208,2.5,2.271,2.0,197.417
2018-09-05,185.417,1.333,92.0,70.125,52.0,9.875,2.458,2.542,0.083,2.917,30.0,0.042,8.917,2.7,2.45,2.1,195.208
2018-09-06,191.667,2.0,85.0,84.333,84.0,11.0,4.333,4.333,0.0,4.333,0.0,0.0,16.333,2.1,2.1,2.1,202.667
2018-09-07,193.857,2.0,83.0,76.143,67.0,15.357,5.077,6.231,1.154,10.846,0.0,0.286,18.357,2.4,2.264,2.1,209.214
2018-09-08,195.458,2.125,87.0,63.333,42.0,13.792,5.833,7.083,1.25,5.542,0.0,0.167,11.625,2.4,2.104,1.8,209.125
2018-09-09,196.792,1.583,72.0,61.375,52.0,12.125,3.875,4.875,1.0,3.208,0.0,0.417,6.792,2.0,1.833,1.6,208.958
2018-09-10,197.826,2.167,74.0,61.208,45.0,21.913,10.542,13.542,3.0,3.25,0.0,0.708,6.5,1.8,1.621,1.5,219.652
2018-09-11,198.458,2.0,85.0,62.833,45.0,18.75,8.125,11.083,2.958,2.958,0.0,1.667,5.958,2.0,1.55,1.1,217.292
2018-09-12,196.167,1.667,75.0,65.708,51.0,10.75,4.167,5.625,1.458,5.125,0.0,1.0,7.208,2.1,1.662,1.1,206.792
2018-09-13,193.958,1.292,89.0,75.0,63.0,9.833,3.292,4.458,1.167,5.375,2.0,0.542,10.208,2.1,1.858,1.4,203.792
2018-09-14,194.217,2.0,88.0,72.5,49.0,14.609,7.375,8.917,1.542,2.85,0.0,0.5,9.625,2.6,2.108,1.8,209.087
2018-09-15,199.417,2.333,90.0,70.333,45.0,21.542,10.167,12.667,2.5,10.708,0.0,0.958,15.792,2.7,2.038,1.5,221.0
2018-09-16,193.5,2.083,83.0,71.083,52.0,13.333,5.042,6.042,1.0,9.042,0.0,0.917,13.5,2.5,2.117,1.7,206.75
2018-09-17,192.542,1.917,85.0,56.167,23.0,14.542,5.208,6.25,1.042,3.458,0.0,0.833,10.75,2.5,2.092,1.8,207.083
2018-09-18,194.208,1.958,65.0,49.125,31.0,9.458,4.542,5.25,0.708,2.542,0.0,0.5,6.833,2.3,1.954,1.6,203.5
2018-09-19,194.083,1.833,62.0,49.167,38.0,10.333,4.5,5.125,0.625,2.042,0.0,0.667,7.417,2.1,1.862,1.4,204.292
2018-09-20,199.958,2.167,77.0,53.75,35.0,13.0,9.458,11.125,1.667,3.542,0.0,1.083,5.667,2.2,1.767,1.2,213.0
2018-09-21,207.13,2.217,81.0,60.75,36.0,18.261,9.792,13.833,4.042,5.083,0.0,1.0,6.708,2.4,1.792,1.1,225.261
2018-09-22,194.458,1.958,84.0,68.25,46.0,9.792,3.958,4.375,0.417,4.75,3.0,0.375,7.0,1.9,1.7,1.5,204.25
2018-09-23,192.958,1.792,87.0,76.625,59.0,10.667,2.958,3.208,0.25,2.583,0.0,0.167,7.083,2.1,1.858,1.6,203.542
2018-09-24,194.957,2.125,83.0,74.542,56.0,12.0,5.542,5.917,0.375,7.417,1.0,0.458,12.042,2.4,1.921,1.6,206.739
2018-09-25,196.625,2.208,75.0,61.542,49.0,11.708,7.0,7.875,0.875,2.818,0.0,0.292,5.958,2.0,1.696,1.4,208.167
2018-09-26,199.292,2.292,84.0,69.292,45.0,16.208,10.083,13.458,3.375,4.083,0.0,0.25,6.667,1.9,1.521,1.2,215.208
2018-09-27,199.833,2.167,81.0,67.417,50.0,13.125,9.833,11.708,1.875,5.625,0.0,1.75,5.833,1.8,1.521,1.2,213.042
2018-09-28,199.042,2.261,86.0,73.875,55.0,14.375,10.3,11.65,1.35,4.792,1.0,1.826,6.087,2.0,1.55,1.3,213.417
2018-09-29,203.941,2.5,87.0,74.611,48.0,24.294,13.5,16.875,3.375,3.167,0.0,0.625,10.062,2.0,1.439,1.1,228.353
2018-09-30,198.458,2.042,92.0,80.292,72.0,17.917,8.458,10.167,1.708,6.292,1.0,0.292,9.958,1.9,1.675,1.3,216.333
2018-10-01,193.5,1.75,94.0,79.375,52.0,14.208,6.0,6.875,0.875,2.125,22.0,0.583,5.458,2.0,1.804,1.6,207.583
2018-10-02,194.75,2.083,90.0,65.083,44.0,11.75,6.833,7.75,0.917,4.5,10.0,0.042,8.75,1.8,1.542,1.3,206.208
2018-10-03,197.083,2.042,80.0,60.458,44.0,12.25,7.375,8.25,0.875,4.625,0.0,0.333,8.833,2.1,1.558,1.1,209.083
2018-10-04,205.958,2.375,81.0,59.083,34.0,19.708,13.75,20.208,6.458,3.458,0.0,0.583,6.75,2.0,1.446,0.9,225.625
2018-10-05,204.375,2.609,80.0,66.5,46.0,21.042,14.826,19.217,4.391,6.667,0.0,1.174,7.625,2.1,1.442,0.7,225.542
2018-10-06,201.739,2.458,92.0,77.458,62.0,21.087,13.208,16.583,3.375,5.792,10.0,0.5,8.25,1.9,1.571,1.4,222.783
2018-10-07,191.708,1.542,94.0,89.708,77.0,10.25,4.5,4.625,0.125,1.917,28.0,0.0,4.083,1.8,1.483,1.3,201.833
2018-10-08,192.333,2.0,88.0,70.458,49.0,11.792,7.667,8.75,1.083,3.792,0.0,0.333,5.542,2.1,1.642,1.4,203.917
2018-10-09,194.708,2.417,88.0,60.375,30.0,12.542,10.542,11.292,0.75,5.5,5.0,0.417,8.5,2.0,1.517,1.2,207.25
2018-10-10,199.333,2.25,78.0,62.458,46.0,16.375,11.083,13.958,2.875,6.0,0.0,0.583,6.875,1.6,1.338,1.0,215.667
2018-10-11,193.875,2.208,86.0,76.542,62.0,11.583,6.583,6.792,0.208,7.0,2.0,0.083,10.125,2.0,1.625,1.3,205.375
2018-10-12,194.167,2.087,92.0,72.042,50.0,11.75,5.826,6.609,0.783,2.958,9.0,0.042,6.542,1.7,1.412,1.3,205.792
2018-10-13,197.565,2.375,82.0,68.958,49.0,13.435,10.333,11.75,1.417,4.375,2.0,0.458,7.292,1.7,1.367,1.0,211.087
2018-10-14,197.667,2.042,87.0,77.5,58.0,14.125,6.0,6.75,0.75,3.917,2.0,0.708,6.792,1.6,1.233,0.9,211.542
2018-10-15,194.917,1.917,85.0,71.5,52.0,11.583,7.333,8.208,0.875,4.417,0.0,0.625,6.5,1.9,1.433,1.1,206.167
2018-10-16,197.0,2.167,81.0,65.208,48.0,13.333,8.958,10.25,1.292,4.333,1.0,0.542,7.583,1.5,1.254,0.9,210.208
2018-10-17,194.792,1.958,73.0,59.25,44.0,13.833,6.5,7.5,1.0,2.083,0.0,0.167,3.792,1.3,1.021,0.7,208.5
2018-10-18,196.875,2.208,85.0,70.417,51.0,20.458,11.833,13.667,1.833,3.25,3.0,0.417,4.208,1.3,1.042,0.8,217.292
2018-10-19,202.0,3.0,87.0,69.292,46.0,57.682,17.391,26.696,9.304,5.417,1.0,0.87,7.125,1.5,0.938,0.4,259.591
2018-10-20,201.667,2.875,81.0,66.208,42.0,45.792,17.417,23.542,6.125,6.958,0.0,1.333,8.542,1.8,1.112,0.5,247.625
2018-10-21,211.458,3.208,87.0,68.0,48.0,35.375,17.417,21.667,4.25,10.667,0.0,1.5,11.083,1.9,1.25,0.5,246.792
2018-10-22,204.792,3.0,85.0,71.458,47.0,30.667,20.167,24.417,4.25,14.292,0.0,3.625,15.792,1.8,1.179,0.8,235.417
2018-10-23,195.5,1.833,86.0,76.833,64.0,16.667,6.167,6.583,0.417,9.167,0.0,1.042,13.875,1.7,1.412,1.1,212.25
2018-10-24,192.458,2.0,88.0,72.458,44.0,15.167,7.458,8.083,0.625,6.917,13.0,0.875,9.958,2.0,1.462,1.1,207.375
2018-10-25,197.625,2.375,76.0,58.042,33.0,16.875,8.667,9.75,1.083,8.708,0.0,1.167,10.875,1.8,1.329,1.0,214.292
2018-10-26,200.0,2.565,86.0,67.417,48.0,21.435,13.565,17.913,4.348,11.083,0.0,1.167,14.0,1.6,1.275,0.9,221.391
2018-10-27,193.292,2.0,91.0,72.458,45.0,15.875,4.958,5.167,0.208,6.083,64.0,0.292,9.917,1.9,1.421,1.1,209.167
2018-10-28,197.5,2.292,85.0,68.625,49.0,17.292,10.5,11.667,1.167,5.042,4.0,1.0,5.958,1.4,1.029,0.7,214.875
2018-10-29,196.417,1.875,91.0,60.875,37.0,13.958,5.375,5.792,0.417,2.958,16.0,0.333,6.167,1.4,1.054,0.7,210.25
2018-10-30,197.167,1.958,84.0,65.375,48.0,11.375,5.292,6.083,0.792,2.958,4.0,0.542,3.042,1.1,0.708,0.4,208.5
2018-10-31,198.125,2.583,89.0,81.0,68.0,13.25,12.625,15.917,3.292,1.708,13.0,0.958,2.917,0.9,0.675,0.5,211.25
2018-11-01,203.583,3.25,92.0,86.333,77.0,21.292,20.083,30.042,9.958,4.542,11.0,1.667,6.167,1.0,0.733,0.4,224.583
2018-11-02,205.565,3.217,91.0,73.75,50.0,25.739,20.435,30.348,9.913,6.708,1.0,1.304,8.125,1.4,0.925,0.7,231.391
2018-11-03,207.417,4.292,86.0,69.667,48.0,28.5,24.917,43.333,18.417,10.042,0.0,1.5,11.167,1.6,0.971,0.4,235.792
2018-11-04,206.833,4.208,88.0,68.042,42.0,36.042,18.333,29.542,11.208,10.792,0.0,1.25,13.5,1.8,1.121,0.4,242.708
2018-11-05,208.417,5.042,89.0,79.625,66.0,51.292,31.833,40.833,9.0,22.375,0.0,1.875,27.75,1.5,1.133,0.7,259.708
2018-11-06,197.792,2.458,90.0,76.667,64.0,25.417,9.5,10.125,0.625,6.125,1.0,0.833,10.083,1.2,1.092,0.9,223.333
2018-11-07,195.333,1.792,79.0,58.375,43.0,14.125,9.5,10.917,1.417,3.667,1.0,1.625,7.292,1.0,0.817,0.5,209.292
2018-11-08,203.042,2.792,92.0,74.917,53.0,21.125,21.875,30.708,8.833,7.625,4.0,2.542,7.708,1.0,0.725,0.3,224.208
2018-11-09,192.789,1.478,89.0,78.542,64.0,11.842,4.429,4.524,0.095,3.708,5.0,0.273,8.25,1.5,1.204,1.0,204.368
2018-11-10,195.542,3.042,87.0,64.75,53.0,14.917,9.167,9.792,0.625,5.292,1.0,0.5,10.375,1.7,1.375,0.9,210.375
2018-11-11,196.417,2.083,77.0,67.958,59.0,12.083,7.583,8.125,0.542,4.375,0.0,1.125,6.875,1.0,0.854,0.7,208.458
2018-11-12,196.708,2.083,75.0,60.667,41.0,13.833,9.708,11.292,1.583,3.25,1.0,1.042,5.583,1.2,0.888,0.7,210.5
2018-11-13,195.875,2.0,86.0,76.958,61.0,13.125,11.083,13.125,2.042,3.625,8.0,1.167,3.708,0.9,0.662,0.5,208.833
2018-11-14,200.083,2.417,89.0,83.292,73.0,15.667,17.792,21.708,3.917,3.0,7.0,1.042,4.417,0.7,0.504,0.3,215.833
2018-11-15,197.25,2.208,83.0,69.708,57.0,13.375,14.625,17.125,2.5,3.042,3.0,2.208,4.042,0.9,0.688,0.5,210.542
2018-11-16,197.348,2.071,86.0,61.0,47.0,12.13,8.348,8.957,0.609,3.25,5.0,0.87,4.792,1.2,0.946,0.6,209.435
2018-11-17,195.208,1.917,85.0,58.125,45.0,9.75,5.125,6.25,1.125,3.0,3.0,2.917,4.333,0.6,0.492,0.4,204.667
2018-11-18,196.083,2.042,61.0,52.917,43.0,8.208,6.917,7.375,0.458,3.542,0.0,1.375,4.708,0.8,0.629,0.5,204.25
2018-11-19,200.208,2.458,86.0,74.833,62.0,15.958,15.25,19.875,4.625,4.375,7.0,2.542,5.75,0.8,0.571,0.4,215.917
2018-11-20,195.625,2.083,86.0,65.583,44.0,8.542,7.917,9.542,1.625,5.208,1.0,4.167,5.792,0.7,0.408,0.2,204.167
2018-11-21,200.083,2.5,91.0,74.417,52.0,10.917,15.0,17.542,2.542,7.417,6.0,2.625,7.958,0.3,0.196,0.0,211.042
2018-11-22,201.75,2.75,93.0,78.875,61.0,13.417,19.083,25.125,6.042,6.417,15.0,2.125,5.875,0.3,0.096,-0.1,215.292
2018-11-23,198.261,2.043,77.0,62.917,48.0,6.217,7.696,9.478,1.783,3.667,2.0,4.167,6.208,0.1,-0.146,-0.3,204.435
2018-11-24,203.542,2.625,80.0,67.0,49.0,14.292,20.042,29.125,9.083,5.333,0.0,2.375,5.625,0.3,0.075,-0.3,217.542
2018-11-25,203.542,2.625,88.0,72.042,58.0,11.417,15.333,17.292,1.958,7.833,1.0,1.25,8.0,0.8,0.521,0.1,215.083
2018-11-26,200.375,2.625,88.0,60.25,40.0,11.25,13.304,14.696,1.391,11.143,10.0,3.087,11.87,0.9,0.6,0.4,211.542
2018-11-27,202.167,2.667,85.0,61.958,46.0,14.208,11.708,12.542,0.833,10.042,1.0,1.25,13.083,1.4,0.942,0.3,216.458
2018-11-28,196.375,2.0,87.0,58.75,33.0,8.708,6.417,7.458,1.042,6.917,2.0,2.125,9.75,0.6,0.367,0.1,205.083
2018-11-29,197.583,2.042,88.0,64.75,49.0,7.125,8.125,9.792,1.667,4.75,1.0,2.708,7.958,0.2,0.004,-0.2,204.708
2018-11-30,199.609,2.217,85.0,65.667,42.0,7.565,10.0,12.043,2.043,5.167,1.0,2.565,8.833,0.1,-0.146,-0.4,207.043
2018-12-01,199.917,2.375,87.0,69.208,52.0,9.542,12.125,17.958,5.833,6.875,4.0,2.25,7.458,0.2,-0.021,-0.1,209.417
2018-12-02,202.0,3.167,78.0,56.625,38.0,9.833,17.917,29.125,11.208,8.125,0.0,2.125,8.833,0.8,0.338,-0.1,211.583
2018-12-03,207.208,3.167,81.0,66.542,50.0,23.125,26.25,38.75,12.5,6.75,0.0,1.708,7.0,1.3,0.688,0.1,230.208
2018-12-04,196.0,2.167,91.0,84.792,78.0,11.167,10.75,11.792,1.042,3.75,12.0,1.0,7.458,1.3,1.012,0.8,207.125
2018-12-05,197.0,2.042,90.0,67.083,50.0,7.708,7.083,8.875,1.792,6.125,3.0,2.083,9.458,0.8,0.2,-0.2,204.667
2018-12-06,199.292,2.167,88.0,73.417,57.0,7.958,13.5,15.083,1.583,5.417,1.0,1.0,5.875,0.1,-0.104,-0.2,207.125
2018-12-07,198.13,2.13,91.0,80.667,63.0,7.957,11.857,14.0,2.143,5.583,14.0,2.167,6.042,-0.2,-0.325,-0.6,206.043
2018-12-08,198.708,2.083,83.0,69.917,56.0,6.583,9.042,11.375,2.333,4.292,1.0,2.583,5.583,-0.5,-0.592,-0.7,205.0
2018-12-09,200.375,2.042,74.0,60.5,53.0,6.125,6.208,8.167,1.958,3.917,0.0,3.167,6.208,-0.4,-0.55,-0.7,206.458
2018-12-10,200.458,2.917,75.0,55.875,39.0,8.333,13.417,22.917,9.5,4.125,0.0,3.083,5.667,-0.2,-0.508,-0.7,208.625
2018-12-11,213.125,4.417,83.0,74.25,67.0,23.417,31.583,59.25,27.667,7.542,1.0,2.458,7.667,-0.1,-0.408,-0.9,236.542
2018-12-12,209.833,4.167,89.0,79.0,65.0,22.125,33.167,51.958,18.792,8.625,3.0,2.625,8.792,-0.2,-0.304,-0.6,231.958
2018-12-13,207.875,3.542,81.0,67.375,48.0,20.167,29.25,45.25,16.0,5.375,0.0,4.917,7.458,-0.1,-0.329,-0.6,228.0
2018-12-14,202.905,2.478,91.0,76.917,53.0,15.952,16.0,23.652,7.652,7.792,17.0,3.217,10.75,0.0,-0.283,-0.6,218.857
2018-12-15,199.833,2.708,86.0,64.875,48.0,8.875,19.0,22.292,3.292,5.333,2.0,2.292,5.375,0.1,-0.104,-0.4,208.75
2018-12-16,205.5,2.542,90.0,69.833,58.0,7.958,12.375,13.25,0.875,4.667,0.0,0.958,6.917,0.5,0.325,0.0,213.375
2018-12-17,208.917,5.042,92.0,89.375,87.0,19.292,29.25,41.75,12.5,19.75,3.0,1.458,23.792,0.3,0.183,0.0,228.167
2018-12-18,199.875,2.458,91.0,77.0,55.0,10.5,13.417,15.333,1.917,9.0,6.0,2.792,9.5,0.1,-0.092,-0.3,210.25
2018-12-19,198.625,2.25,88.0,72.792,53.0,9.208,15.0,20.542,5.542,4.958,3.0,2.0,7.792,0.2,-0.088,-0.4,207.542
2018-12-20,196.0,2.042,66.0,57.792,49.0,6.792,10.125,12.542,2.417,4.917,0.0,4.458,4.792,0.1,-0.179,-0.4,202.875
2018-12-21,201.13,4.261,77.0,61.625,53.0,14.826,25.913,50.739,24.826,7.833,0.0,3.167,10.5,0.4,0.121,-0.3,215.913
2018-12-22,208.583,4.417,91.0,85.833,68.0,27.458,34.625,53.042,18.417,11.625,2.0,1.333,15.0,0.2,0.171,0.0,235.958
2018-12-23,210.667,4.125,91.0,82.375,62.0,26.417,27.75,48.458,20.708,10.583,4.0,1.667,13.833,0.5,0.175,-0.1,237.0
2018-12-24,198.417,2.0,84.0,67.208,50.0,5.667,6.5,8.125,1.625,4.542,1.0,2.25,7.208,-0.2,-0.292,-0.4,204.042
2018-12-25,200.083,2.375,85.0,66.333,52.0,8.042,17.5,20.458,2.958,6.0,0.0,2.083,7.083,0.1,-0.138,-0.3,208.083
2018-12-26,199.417,2.792,91.0,70.958,52.0,12.958,14.125,17.208,3.083,8.667,3.0,2.958,10.042,0.2,-0.175,-0.7,212.25
2018-12-27,197.625,2.208,83.0,67.875,50.0,7.417,9.25,11.708,2.458,3.708,2.0,2.958,5.292,-0.5,-0.712,-0.9,204.875
2018-12-28,199.043,2.0,82.0,64.0,51.0,6.043,5.13,7.174,2.043,4.375,5.0,2.909,5.909,-0.3,-0.471,-0.7,204.957
2018-12-29,198.5,2.0,86.0,64.375,46.0,4.625,5.542,7.292,1.75,3.458,5.0,2.833,5.25,-0.1,-0.35,-0.5,203.042
2018-12-30,199.75,2.083,89.0,75.583,55.0,5.208,6.708,8.125,1.417,3.625,10.0,1.917,5.917,0.1,-0.092,-0.4,204.75
2018-12-31,203.375,3.083,87.0,81.75,68.0,8.583,20.583,27.708,7.125,5.125,3.0,1.792,7.917,0.0,-0.121,-0.3,212.042
